time,Volume,Tot Inflow Vol,Tot Outflow Vol,Overflow Vol,Evapouration,Rain,Lake Level,Surface Area,Black Ice,Snow,White Ice,Max Temp,Min Temp,Surface Temp,Daily Qsw,Daily Qe,Daily Qh,Daily Qlw,Light,Max dT/dz
2011-03-28 24:00:00,    8097.681433,       0.000000,       0.000000,       0.000000,      -0.712898,       0.000000,      18.850810,       0.801716,       0.050000,       0.000000,       0.000000,       5.590665,      -7.223095,      -7.223095,28130742641371.133000,-1748738898384.621600,-1478602431417.857400,-5984949215877.749000,      32.151547,       0.292150
2011-03-29 24:00:00,    8073.826782,       0.000000,       0.000000,       0.000000,       0.000000,       0.000000,      18.822050,       0.800493,       0.081326,       0.000000,       0.000000,       6.386025,       4.005776,       6.386025,19551432474468.617000,       0.000000,       0.000000,       0.000000,      67.589468,       0.292150
2011-03-30 24:00:00,    8093.535096,       0.000000,       0.000000,       0.000000,       0.000000,       0.000000,      18.845811,       0.801503,       0.055417,       0.000000,       0.000000,       5.699792,       4.009494,       5.699792,17949780831463.539000,       0.000000,       0.000000,       0.000000,      89.802907,       0.292150
2011-03-31 24:00:00,    8135.686752,       0.000000,       0.000000,       0.000000,       0.000000,       0.000000,      18.896630,       0.803664,       0.000000,       0.000000,       0.000000,       5.553307,       4.013444,       5.553307,21090025977738.777000,       0.000000,       0.000000,       0.000000,      46.458971,       0.065579
2011-04-01 24:00:00,    8136.491539,       0.000000,       0.000000,       0.828487,      -0.828485,       2.410993,      18.897600,       0.803706,       0.000000,       0.000000,       0.000000,       4.947135,       4.017158,       4.947135,14494358079439.631000,-2032273175242.243700,-737242296927.158690,-4210346402929.543000,      19.451439,       0.146075
2011-04-02 24:00:00,    8135.746140,       0.000000,       0.000000,       0.000000,      -0.722268,       0.000000,      18.896701,       0.803667,       0.000000,       0.000000,       0.000000,       4.896716,       4.896716,       4.896716,26586431941286.738000,-1771722745674.534400,-51098359473.905571,-3003864092362.446300,       6.865548,       0.377327
2011-04-03 24:00:00,    8136.491539,       0.000000,       0.000000,       2.109076,      -0.449471,       3.214670,      18.897600,       0.803706,       0.000000,       0.000000,       0.000000,       5.139571,       5.139571,       5.139571,15157044150383.840000,-1102552331818.031500,2315929340002.525400,-480489734114.580080,     109.142623,       0.377362
2011-04-04 24:00:00,    8136.491539,       0.000000,       0.000000,       6.658500,       0.000000,       6.429646,      18.897600,       0.803706,       0.000000,       0.000000,       0.000000,       5.465111,       5.465111,       5.465111,15751560826712.754000,       0.000000,3129738396909.192900,85427483998.098099,     113.418216,       0.377410
2011-04-05 24:00:00,    8134.808297,       0.000000,       0.000000,       0.000000,      -1.631007,       0.000000,      18.895571,       0.803619,       0.000000,       0.000000,       0.000000,       5.640691,       5.640691,       5.640691,29046397944521.223000,-4000861392682.891600,-689328123318.610350,-3716159642380.805200,     209.146934,       0.377312
2011-04-06 24:00:00,    8136.491539,       0.000000,       0.000000,       0.536501,      -0.260230,       2.410858,      18.897600,       0.803706,       0.000000,       0.000000,       0.000000,       6.208857,       5.642989,       6.208857,24883426511198.605000,-638343542283.912230,614124660088.113280,-1739442456227.883500,      11.936312,       0.199146
2011-04-07 24:00:00,    8136.128818,       0.000000,       0.000000,       0.000000,      -0.351465,       0.000000,      18.897163,       0.803687,       0.000000,       0.000000,       0.000000,       6.750124,       5.645608,       6.750124,30744826721676.312000,-862143513608.041750,1181524178159.924100,-3976766724010.968300,     103.164154,       0.420240
2011-04-08 24:00:00,    8135.808510,       0.000000,       0.000000,       0.000000,      -0.310361,       0.000000,      18.896777,       0.803671,       0.000000,       0.000000,       0.000000,       7.204075,       5.647924,       7.204075,25749132824404.898000,-761316176894.043820,941682861762.828120,-1928487798072.947000,     185.409455,       0.470064
2011-04-09 24:00:00,    8135.808510,       0.000000,       0.000000,       0.000000,       0.000000,       0.000000,      18.896777,       0.803671,       0.000000,       0.000000,       0.000000,       8.105650,       5.650390,       8.105650,31201836033061.738000,       0.000000,1490576158135.395800,-2684985436588.648900,     224.676833,       0.470064
2011-04-10 24:00:00,    8136.491539,       0.000000,       0.000000,       0.146416,       0.000000,       0.803671,      18.897600,       0.803706,       0.000000,       0.000000,       0.000000,       8.906231,       5.652708,       8.906231,23948206205225.480000,       0.000000,9825639026972.919900,1106860043515.492400,      32.873461,       0.095903
2011-04-11 24:00:00,    8136.491539,       0.000000,       0.000000,       1.597833,      -0.059164,       1.607411,      18.897600,       0.803706,       0.000000,       0.000000,       0.000000,       9.278431,       5.655127,       9.278431,24624667121227.027000,-145128224307.369350,5466748209589.198200,-1492605342999.458000,      20.215005,       0.486321
2011-04-12 24:00:00,    8135.926638,       0.000000,       0.000000,       0.000000,      -0.547371,       0.000000,      18.896919,       0.803677,       0.000000,       0.000000,       0.000000,       9.777618,       5.657669,       9.777618,32456005029281.480000,-1342701725275.957500,732469179266.871580,-3446722368660.834000,     233.697615,       0.486321
2011-04-13 24:00:00,    8135.115458,       0.000000,       0.000000,       0.000000,      -0.785979,       0.000000,      18.895941,       0.803635,       0.000000,       0.000000,       0.000000,      10.142471,       5.660094,      10.142471,25770722267937.656000,-1928005427735.377200,358859038807.187680,-4264614746385.303200,     185.567305,       0.486321
2011-04-14 24:00:00,    8134.854557,       0.000000,       0.000000,       0.000000,      -1.860052,       1.607270,      18.895626,       0.803622,       0.000000,       0.000000,       0.000000,       9.981603,       5.662401,       9.981603,14961720777160.340000,-4562707937468.926800,-1178694844847.951400,-1752364471413.794200,     107.740477,       0.486053
2011-04-15 24:00:00,    8136.491539,       0.000000,       0.000000,       0.602108,      -4.259596,       6.428974,      18.897600,       0.803706,       0.000000,       0.000000,       0.000000,       8.592181,       5.697796,       8.592181,23387421283505.223000,-10448788283125.660000,-6203666250090.746100,-3876709602959.065400,      32.435474,       0.065141
2011-04-16 24:00:00,    8136.491539,       0.000000,       0.000000,       3.285214,      -2.448838,       5.625940,      18.897600,       0.803706,       0.000000,       0.000000,       0.000000,       8.263255,       8.263255,       8.263255,12033070250475.781000,-6006999858506.016600,-4475001059739.862300,-1732331651281.655300,      49.020170,       0.377374
2011-04-17 24:00:00,    8133.126525,       0.000000,       0.000000,       0.000000,      -3.260590,       0.000000,      18.893543,       0.803533,       0.000000,       0.000000,       0.000000,       8.171632,       8.171632,       8.171632,30459673417845.211000,-7998227104220.049800,-5071106651650.399400,-5154655492650.055700,     219.323143,       0.377285
2011-04-18 24:00:00,    8131.771201,       0.000000,       0.000000,       0.000000,      -1.312983,       0.000000,      18.891909,       0.803464,       0.000000,       0.000000,       0.000000,       8.398948,       8.170159,       8.398948,29795951926508.418000,-3220747241990.125000,-1809389081560.089600,-4317044267377.437000,     214.590123,       0.407788
2011-04-19 24:00:00,    8136.491539,       0.000000,       0.000000,      10.048055,      -2.605304,      16.872737,      18.897600,       0.803706,       0.000000,       0.000000,       0.000000,       8.082630,       8.082630,       8.082630,9716190506757.517600,-6390810503078.714800,-4610960935908.851600,-2318420733119.153800,      69.981951,       0.377447
2011-04-20 24:00:00,    8136.491539,       0.000000,       0.000000,       3.909396,      -1.846998,       5.625940,      18.897600,       0.803706,       0.000000,       0.000000,       0.000000,       7.962710,       7.962710,       7.962710,15715589037191.744000,-4530685833557.665000,-4162386562263.101100,-3100287302588.361300,     113.159204,       0.377381
2011-04-21 24:00:00,    8135.385411,       0.000000,       0.000000,       0.000000,      -1.071802,       0.000000,      18.896266,       0.803649,       0.000000,       0.000000,       0.000000,       8.134753,       7.962505,       8.134753,31429426712194.105000,-2629131005376.464400,-1691616042150.055700,-6253812270258.369100,      86.643437,       0.169935
2011-04-22 24:00:00,    8135.827110,       0.000000,       0.000000,       0.000000,      -1.179336,       1.607298,      18.896799,       0.803672,       0.000000,       0.000000,       0.000000,       8.118151,       8.118151,       8.118151,11375937788517.482000,-2892912012885.923800,-1382470710254.812700,-1124991259782.875500,      40.913724,       0.377328
2011-04-23 24:00:00,    8136.491539,       0.000000,       0.000000,       3.081809,      -0.393724,       4.018358,      18.897600,       0.803706,       0.000000,       0.000000,       0.000000,       8.545389,       8.117595,       8.545389,27227588225925.320000,-965804651999.394780,262096868755.838810,-2660885683962.652300,      81.917573,       0.231934
2011-04-24 24:00:00,    8136.163773,       0.000000,       0.000000,       0.000000,      -0.317595,       0.000000,      18.897205,       0.803689,       0.000000,       0.000000,       0.000000,       9.245353,       8.117195,       9.245353,23645063546733.203000,-779060862254.873290,293643894812.254940,-931675075960.595580,     170.254933,       0.393844
2011-04-25 24:00:00,    8135.492643,       0.000000,       0.000000,       0.000000,      -0.650289,       0.000000,      18.896396,       0.803654,       0.000000,       0.000000,       0.000000,       9.764502,       8.116955,       9.764502,29218055326400.293000,-1595159013021.283000,590602967402.523070,-3483876019851.164600,     210.387342,       0.066369
2011-04-26 24:00:00,    8136.491539,       0.000000,       0.000000,      18.519633,      -0.454785,      19.287707,      18.897600,       0.803706,       0.000000,       0.000000,       0.000000,       9.604839,       8.116838,       9.604839,12976798207083.371000,-1115586763676.970500,449552517166.454350,-225742668773.632200,     177.308513,       0.059226
2011-04-27 24:00:00,    8136.491539,       0.000000,       0.000000,       0.209776,      -0.600439,       0.803706,      18.897600,       0.803706,       0.000000,       0.000000,       0.000000,       9.809900,       8.116883,       9.809900,18499710222443.129000,-1472877077051.041000,-111304447842.193920,-2184336235429.692900,      10.964065,       0.500528
2011-04-28 24:00:00,    8136.471071,       0.000000,       0.000000,       0.000000,      -1.627244,       1.607411,      18.897575,       0.803705,       0.000000,       0.000000,       0.000000,       9.450593,       8.117070,       9.450593,9904220848460.427700,-3991630424487.481900,-2595883753372.885300,-2838527714532.348600,      71.314778,       0.528510
2011-04-29 24:00:00,    8135.358940,       0.000000,       0.000000,       0.000000,      -1.077617,       0.000000,      18.896235,       0.803648,       0.000000,       0.000000,       0.000000,       9.855270,       8.117448,       9.855270,36933861002292.609000,-2643395533689.930700,-794090450150.361210,-6207241319651.359400,      27.080509,       0.528510
2011-04-30 24:00:00,    8134.347539,       0.000000,       0.000000,       0.000000,      -0.979944,       0.000000,      18.895015,       0.803596,       0.000000,       0.000000,       0.000000,       9.986556,       8.117966,       9.986556,22117035730139.555000,-2403802093748.966800,2170109010037.747800,-1944427476122.549100,      61.909059,       0.073671
2011-05-01 24:00:00,    8133.511531,       0.000000,       0.000000,       0.000000,      -1.613550,       0.803596,      18.894007,       0.803553,       0.000000,       0.000000,       0.000000,      10.222651,       8.118723,      10.222651,35210701387344.594000,-3958037530345.045400,997352681588.328490,-4905875424161.168000,      26.410179,       0.642386
2011-05-02 24:00:00,    8131.056887,       0.000000,       0.000000,       0.000000,      -2.378018,       0.000000,      18.891048,       0.803427,       0.000000,       0.000000,       0.000000,      10.194203,       8.119570,      10.194203,30675697906366.703000,-5833277569656.660200,-2962358360349.442900,-6806552338889.861300,      59.351837,       0.642184
2011-05-03 24:00:00,    8129.797475,       0.000000,       0.000000,       0.000000,      -1.219906,       0.000000,      18.889529,       0.803362,       0.000000,       0.000000,       0.000000,      10.156762,       8.120037,      10.156762,17548456141534.236000,-2992429836517.425300,-2017557512226.668500,-3033249817001.541500,     126.400484,       0.675345
2011-05-04 24:00:00,    8128.842502,       0.000000,       0.000000,       0.000000,      -0.924943,       0.000000,      18.888378,       0.803313,       0.000000,       0.000000,       0.000000,      10.744797,       8.120620,      10.744797,37946731176614.625000,-2268885443498.943800,-770671047440.301270,-6060183867948.461900,     149.204762,       0.675345
2011-05-05 24:00:00,    8126.667121,       0.000000,       0.000000,       0.000000,      -2.106845,       0.000000,      18.885755,       0.803202,       0.000000,       0.000000,       0.000000,      10.565580,       8.121278,      10.565580,26342068914058.902000,-5168089980337.353500,-874236780114.568970,-4300421112898.404300,     125.662434,       0.098947
2011-05-06 24:00:00,    8125.636018,       0.000000,       0.000000,       0.000000,      -0.998480,       0.000000,      18.884512,       0.803149,       0.000000,       0.000000,       0.000000,      10.875710,       8.121987,      10.875710,26230309483940.777000,-2449270214796.795900,450370730621.402470,-3751502287776.301800,     188.988302,       0.098947
2011-05-07 24:00:00,    8124.915991,       0.000000,       0.000000,       0.000000,      -0.697199,       0.000000,      18.883644,       0.803112,       0.000000,       0.000000,       0.000000,      11.296171,       8.122763,      11.296171,21053938138209.281000,-1710229315947.336200,773680781654.520140,-1909638155540.131300,     151.702745,       0.098947
2011-05-08 24:00:00,    8124.132562,       0.000000,       0.000000,       0.000000,      -0.758557,       0.000000,      18.882700,       0.803072,       0.000000,       0.000000,       0.000000,      12.004071,       8.123671,      12.004071,35835823769432.508000,-1860740349339.133300,462048038071.720950,-4617390375374.460900,     258.224505,       0.098947
2011-05-09 24:00:00,    8135.338475,       0.000000,       0.000000,       0.000000,      -0.393403,      11.243008,      18.896210,       0.803647,       0.000000,       0.000000,       0.000000,      12.137557,       8.124736,      12.137557,21258591851100.309000,-965017993779.955810,2019122130334.270800,-1196288921967.581300,     253.567333,       0.081478
2011-05-10 24:00:00,    8135.338475,       0.000000,       0.000000,       0.000000,       0.000000,       0.000000,      18.896210,       0.803647,       0.000000,       0.000000,       0.000000,      14.152354,       8.125973,      14.152354,36359977157967.555000,       0.000000,5127465468740.253900,1269092356741.199200,     261.827205,       0.081478
2011-05-11 24:00:00,    8136.491539,       0.000000,       0.000000,       2.999118,       0.000000,       4.018233,      18.897600,       0.803706,       0.000000,       0.000000,       0.000000,      15.598240,       8.127179,      15.598240,28407652269994.652000,       0.000000,3920718945446.979500,241354827124.993710,     204.562730,       0.081478
2011-05-12 24:00:00,    8136.491539,       0.000000,       0.000000,       0.829445,       0.000000,       0.803706,      18.897600,       0.803706,       0.000000,       0.000000,       0.000000,      17.591578,       8.128431,      17.591578,30995488176009.605000,       0.000000,2906098172291.554700,-105864300946.748020,     223.181247,       0.081478
2011-05-13 24:00:00,    8136.491539,       0.000000,       0.000000,       2.615075,      -0.683873,       3.214823,      18.897600,       0.803706,       0.000000,       0.000000,       0.000000,      17.911006,       8.129910,      17.911006,29980748413011.910000,-1677541504946.504600,947633191938.186890,-2665925317406.096700,     215.874671,       0.081478
2011-05-14 24:00:00,    8134.191521,       0.000000,       0.000000,       0.000000,      -3.032349,       0.803706,      18.894827,       0.803588,       0.000000,       0.000000,       0.000000,      17.371340,       8.131719,      17.371340,16938549637090.639000,-7438351860235.160200,-3231036616078.972700,-2730499063084.297400,     121.965062,       0.081478
2011-05-15 24:00:00,    8128.957464,       0.000000,       0.000000,       0.000000,      -5.874475,       0.803588,      18.888517,       0.803319,       0.000000,       0.000000,       0.000000,      15.050403,       8.134709,      15.050403,34037001418542.340000,-14410086106958.799000,-6458302967063.250000,-5554556205834.639600,     245.117457,       0.081478
2011-05-16 24:00:00,    8124.979284,       0.000000,       0.000000,       0.000000,      -3.852875,       0.000000,      18.883721,       0.803115,       0.000000,       0.000000,       0.000000,      14.582597,       8.137302,      14.582597,40411540083131.078000,-9451101537785.359400,-5015467577700.600600,-9753825446718.146500,     291.120922,       0.081478
2011-05-17 24:00:00,    8122.048154,       0.000000,       0.000000,       0.000000,      -2.838084,       0.000000,      18.880187,       0.802965,       0.000000,       0.000000,       0.000000,      14.340860,       8.139572,      14.340860,40425020032092.031000,-6961819176785.455100,-3187247400613.899400,-9289385281534.613300,     126.607335,       0.464122
2011-05-18 24:00:00,    8120.951520,       0.000000,       0.000000,       0.000000,      -1.864588,       0.802965,      18.878865,       0.802909,       0.000000,       0.000000,       0.000000,      14.137103,       8.141747,      14.137103,14957992695360.260000,-4573834717722.111300,-2365412205344.562500,-4898544808202.663100,     107.803510,       0.464032
2011-05-19 24:00:00,    8120.675586,       0.000000,       0.000000,       0.000000,      -0.267107,       0.000000,      18.878532,       0.802895,       0.000000,       0.000000,       0.000000,      15.312451,       8.143544,      15.312451,31723639141722.656000,-655212838860.789430,285368855619.754640,-551117609283.304320,     228.650945,       0.464032
2011-05-20 24:00:00,    8120.208514,       0.000000,       0.000000,       0.000000,      -0.452121,       0.000000,      18.877969,       0.802871,       0.000000,       0.000000,       0.000000,      16.441735,       8.145670,      16.441735,36075173487390.047000,-1109052919432.359900,1061228332383.856200,-3039323593639.809100,     260.019597,       0.098947
2011-05-21 24:00:00,    8121.693581,       0.000000,       0.000000,       0.000000,      -0.168254,       1.605742,      18.879759,       0.802947,       0.000000,       0.000000,       0.000000,      17.348925,       8.148352,      17.348925,21037642830999.672000,-412727294455.736210,1646660996451.738800,-49359422200.565140,     151.637873,       0.098947
2011-05-22 24:00:00,    8121.422983,       0.000000,       0.000000,       0.000000,      -0.261954,       0.000000,      18.879433,       0.802933,       0.000000,       0.000000,       0.000000,      17.943463,       8.151517,      17.943463,35835782668480.477000,-642572622438.085450,2404101708621.685100,-2586380624504.951700,     258.277345,       0.098947
2011-05-23 24:00:00,    8125.090476,       0.000000,       0.000000,       0.000000,      -1.267333,       4.817598,      18.883855,       0.803121,       0.000000,       0.000000,       0.000000,      18.600908,       8.155190,      18.600908,29238198269562.441000,-3108767796408.555700,1435955815755.712600,-2164290963032.898700,     210.730565,       0.098947
2011-05-24 24:00:00,    8123.454973,       0.000000,       0.000000,       0.000000,      -1.583596,       0.000000,      18.881883,       0.803037,       0.000000,       0.000000,       0.000000,      19.187438,       8.158044,      19.187438,33095010069647.879000,-3884560521111.505900,-82666694045.375519,-2767076986855.811000,     238.472190,       0.651083
2011-05-25 24:00:00,    8136.491539,       0.000000,       0.000000,      13.533344,      -4.846360,      30.515415,      18.897600,       0.803706,       0.000000,       0.000000,       0.000000,      17.405989,       8.162674,      17.405989,16543072129852.713000,-11888120280406.637000,-6083939175907.767600,-2989785900908.089800,     119.216601,       0.406076
2011-05-26 24:00:00,    8130.905666,       0.000000,       0.000000,       0.000000,      -5.412530,       0.000000,      18.890866,       0.803419,       0.000000,       0.000000,       0.000000,      16.525660,       8.171239,      16.525660,36916765479371.000000,-13276935722306.596000,-6354878000989.142600,-5512800733510.089800,     265.817067,       0.464843
2011-05-27 24:00:00,    8128.418816,       0.000000,       0.000000,       0.000000,      -2.408818,       0.000000,      18.887867,       0.803292,       0.000000,       0.000000,       0.000000,      16.552793,       8.174297,      16.552793,37353582999199.094000,-5908830433269.353500,-2988583635655.713900,-8104955741023.244100,     269.058230,       0.464640
2011-05-28 24:00:00,    8127.531866,       0.000000,       0.000000,       0.000000,      -1.662275,       0.803292,      18.886798,       0.803246,       0.000000,       0.000000,       0.000000,      16.685113,       8.178994,      16.685113,23123057968350.770000,-4077560654203.879900,-1097382751530.634000,-2956993388480.856900,     166.582055,       0.464568
2011-05-29 24:00:00,    8127.887948,       0.000000,       0.000000,       0.000000,      -1.261658,       1.606493,      18.887227,       0.803265,       0.000000,       0.000000,       0.000000,      16.926859,       8.182764,      16.926859,27416486098649.648000,-3094847090925.326200,-595803752981.758060,-3915126284408.282700,     197.523752,       0.464597
2011-05-30 24:00:00,    8127.887948,       0.000000,       0.000000,       0.000000,       0.000000,       0.000000,      18.887227,       0.803265,       0.000000,       0.000000,       0.000000,      18.270876,       8.186580,      18.270876,39515180272735.016000,       0.000000,3632567407565.788100,-1569182201350.378400,     284.683064,       0.464597
2011-05-31 24:00:00,    8127.887948,       0.000000,       0.000000,       0.000000,       0.000000,       0.000000,      18.887227,       0.803265,       0.000000,       0.000000,       0.000000,      19.315955,       8.191446,      19.315955,35374314693199.383000,       0.000000,5465737775964.252900,-2038850133279.244100,     291.291995,       0.464597
2011-06-01 24:00:00,    8122.657390,       0.000000,       0.000000,       0.000000,      -5.065458,       0.000000,      18.880921,       0.802996,       0.000000,       0.000000,       0.000000,      18.856453,       8.198926,      18.856453,42210194261909.617000,-12425569145274.039000,-1334282894806.287600,-7627163486269.132800,     127.589079,       0.464597
2011-06-02 24:00:00,    8119.421199,       0.000000,       0.000000,       0.000000,      -3.132997,       0.000000,      18.877020,       0.802830,       0.000000,       0.000000,       0.000000,      18.885184,       8.203931,      18.885184,28222696626926.383000,-7685240423357.497100,-1217683258433.377000,-3939007781007.935100,     203.395433,       0.464597
2011-06-03 24:00:00,    8119.009535,       0.000000,       0.000000,       0.000000,      -0.398455,       0.000000,      18.876523,       0.802809,       0.000000,       0.000000,       0.000000,      19.742158,       8.211748,      19.742158,37091748038331.906000,-977410332739.177730,2348304396735.690900,-1167593376039.616900,     267.368196,       0.472310
2011-06-04 24:00:00,    8119.009535,       0.000000,       0.000000,       0.000000,       0.000000,       0.000000,      18.876523,       0.802809,       0.000000,       0.000000,       0.000000,      21.866883,       8.215076,      21.866883,39113451055707.312000,       0.000000,3243220015637.941900,-1536314086182.003200,     281.948637,       0.472310
2011-06-05 24:00:00,    8116.650913,       0.000000,       0.000000,       0.000000,      -2.282879,       0.000000,      18.873680,       0.802688,       0.000000,       0.000000,       0.000000,      21.938468,       8.218368,      21.938468,41930199277078.586000,-5599902639427.138700,-227488460525.454280,-6223367262931.841800,     302.253118,       0.472310
2011-06-06 24:00:00,    8119.026079,       0.000000,       0.000000,       0.000000,      -1.714896,       4.013442,      18.876543,       0.802810,       0.000000,       0.000000,       0.000000,      22.869630,       8.221784,      22.869630,38834434554804.055000,-4206639761613.689000,521058637483.797060,-2928509835066.181200,     279.979528,       0.472310
2011-06-07 24:00:00,    8118.552301,       0.000000,       0.000000,       0.000000,      -0.458564,       0.000000,      18.875972,       0.802786,       0.000000,       0.000000,       0.000000,      24.909412,       8.225658,      24.909412,41019818038876.977000,-1124858050509.776100,2814593503979.245100,-2366334205284.310500,     295.690338,       0.472310
2011-06-08 24:00:00,    8116.180179,       0.000000,       0.000000,       0.000000,      -3.098664,       0.802786,      18.873112,       0.802664,       0.000000,       0.000000,       0.000000,      25.066251,       8.230172,      25.066251,39970601543690.391000,-7601023864047.792000,1110259816898.783700,-3556565648275.572800,     288.135806,       0.472310
2011-06-09 24:00:00,    8124.232731,       0.000000,       0.000000,       0.000000,      -4.247413,      12.039964,      18.882820,       0.803077,       0.000000,       0.000000,       0.000000,      24.967159,       8.234218,      24.967159,39423784556972.727000,-10418904048319.994000,-2529582275896.135300,-5512698234659.043900,     284.237034,       0.472310
2011-06-10 24:00:00,    8123.090845,       0.000000,       0.000000,       0.000000,      -6.727125,       5.621540,      18.881444,       0.803019,       0.000000,       0.000000,       0.000000,      23.099174,       8.238660,      23.099174,36063409646710.820000,-16501638141703.924000,-6547234347969.422900,-5572578041515.417000,     259.875771,       0.472310
2011-06-11 24:00:00,    8123.713339,       0.000000,       0.000000,       0.000000,      -3.412431,       4.015093,      18.882194,       0.803050,       0.000000,       0.000000,       0.000000,      23.172285,       8.242609,      23.172285,38084515207364.055000,-8370694108151.599600,-2827497147925.219200,-5455187957989.302700,     274.460027,       0.472310
2011-06-12 24:00:00,    8121.976412,       0.000000,       0.000000,       0.000000,      -3.287755,       1.606101,      18.880100,       0.802961,       0.000000,       0.000000,       0.000000,      23.088994,       8.246435,      23.088994,35225027973566.281000,-8064862773313.070300,-2744704265219.550300,-7225957900419.336900,     253.842745,       0.472310
2011-06-13 24:00:00,    8118.496555,       0.000000,       0.000000,       0.000000,      -3.368746,       0.000000,      18.875905,       0.802783,       0.000000,       0.000000,       0.000000,      22.962206,       8.250406,      22.962206,41491552337767.164000,-8263534746709.266600,-2129043524279.002400,-6956216532285.919900,     299.034474,       0.397120
2011-06-14 24:00:00,    8112.356545,       0.000000,       0.000000,       0.000000,      -5.942640,       0.000000,      18.868502,       0.802468,       0.000000,       0.000000,       0.000000,      22.611757,       8.255541,      22.611757,41187625545602.219000,-14577297028605.023000,-4374265160580.971200,-7577203707735.335000,     296.910016,       0.472310
2011-06-15 24:00:00,    8125.275907,       0.000000,       0.000000,       0.000000,      -4.352664,      16.851832,      18.884078,       0.803131,       0.000000,       0.000000,       0.000000,      21.997916,       8.260852,      21.997916,23231536845795.758000,-10677085143060.816000,-3645529973532.672400,-3955161606621.466300,     167.535321,       0.472875
2011-06-16 24:00:00,    8124.608173,       0.000000,       0.000000,       0.000000,      -2.252811,       1.606261,      18.883273,       0.803096,       0.000000,       0.000000,       0.000000,      22.382547,       8.265229,      22.382547,39559070198677.383000,-5526145756207.558600,-1167827598999.309300,-4167782957481.227100,     285.046791,       0.472815
2011-06-17 24:00:00,    8123.019105,       0.000000,       0.000000,       0.000000,      -1.538588,       0.000000,      18.881357,       0.803015,       0.000000,       0.000000,       0.000000,      23.228129,       8.269472,      23.228129,41021251071878.141000,-3774155349528.361800,-65577638839.800255,-3770698365577.436000,     295.595282,       0.472815
2011-06-18 24:00:00,    8120.816529,       0.000000,       0.000000,       0.000000,      -2.132391,       0.000000,      18.878702,       0.802902,       0.000000,       0.000000,       0.000000,      23.779334,       8.274133,      23.779334,40538635769218.172000,-5230754505395.508800,-571921492921.727420,-3813487701285.382800,     292.147241,       0.472815
2011-06-19 24:00:00,    8136.433364,       0.000000,       0.000000,       0.000000,      -1.743868,      16.860941,      18.897530,       0.803703,       0.000000,       0.000000,       0.000000,      24.171198,       8.278548,      24.171198,27919337628526.461000,-4277707210724.946300,-707965694130.016850,-2173426939252.221200,     201.232839,       0.472815
2011-06-20 24:00:00,    8134.807965,       0.000000,       0.000000,       0.000000,      -1.574953,       0.000000,      18.895570,       0.803619,       0.000000,       0.000000,       0.000000,      24.738968,       8.282833,      24.738968,28040792951427.258000,-3863360220472.829600,-696305655748.492800,-1777103694917.026400,     201.906882,       0.472815
2011-06-21 24:00:00,    8134.000922,       0.000000,       0.000000,       0.000000,      -3.192773,       2.410858,      18.894597,       0.803578,       0.000000,       0.000000,       0.000000,      24.637952,       8.288537,      24.637952,30767008942023.891000,-7831871663919.709000,-1142084744191.865000,-2248531884507.027300,     221.559893,       0.472815
2011-06-22 24:00:00,    8136.491539,       0.000000,       0.000000,       4.053780,      -3.312456,       9.642936,      18.897600,       0.803706,       0.000000,       0.000000,       0.000000,      24.335749,       8.293745,      24.335749,22560257784171.145000,-8125454627220.202100,-1764642639590.817900,-2749198287931.816900,     162.469667,       0.472815
2011-06-23 24:00:00,    8135.507821,       0.000000,       0.000000,       0.000000,      -3.364308,       2.411117,      18.896414,       0.803655,       0.000000,       0.000000,       0.000000,      23.784553,       8.298524,      23.784553,9579468029770.011700,-8252646849273.998000,-3267713235909.214800,-3454246889732.142600,      68.976414,       0.472815
2011-06-24 24:00:00,    8130.111688,       0.000000,       0.000000,       0.000000,      -5.228350,       0.000000,      18.889908,       0.803379,       0.000000,       0.000000,       0.000000,      23.527274,       8.304736,      23.527274,38891875859736.937000,-12825141905820.191000,-3834863056727.386700,-4566145342339.279300,     280.056313,       0.397035
2011-06-25 24:00:00,    8126.864791,       0.000000,       0.000000,       0.000000,      -3.144857,       0.000000,      18.885994,       0.803212,       0.000000,       0.000000,       0.000000,      23.597514,       8.309629,      23.597514,35462093762526.000000,-7714334576883.846700,-1697547576487.657000,-6148558837212.010700,     255.446758,       0.473018
2011-06-26 24:00:00,    8123.302322,       0.000000,       0.000000,       0.000000,      -3.449797,       0.000000,      18.881699,       0.803029,       0.000000,       0.000000,       0.000000,      23.818797,       8.314934,      23.818797,40622125677633.469000,-8462351049250.130900,-1536565184919.911900,-4912262077696.067400,     292.677054,       0.472697
2011-06-27 24:00:00,    8121.801104,       0.000000,       0.000000,       0.000000,      -2.256437,       0.803029,      18.879889,       0.802952,       0.000000,       0.000000,       0.000000,      23.881880,       8.320024,      23.881880,24219968015106.422000,-5535040494201.737300,-1237170127444.660900,-3480044863802.327100,     174.541366,       0.472562
2011-06-28 24:00:00,    8116.894051,       0.000000,       0.000000,       0.000000,      -4.750319,       0.000000,      18.873973,       0.802701,       0.000000,       0.000000,       0.000000,      23.891099,       8.326213,      23.891099,41733391884723.711000,-11652531745656.637000,-2353284879164.881800,-5919187674241.664100,     300.780807,       0.472120
2011-06-29 24:00:00,    8114.409085,       0.000000,       0.000000,       0.000000,      -2.404841,       0.000000,      18.870977,       0.802573,       0.000000,       0.000000,       0.000000,      24.253454,       8.331277,      24.253454,40691369790499.812000,-5899075621590.187500,-743788407521.826660,-5234420779965.160200,     293.362674,       0.471896
2011-06-30 24:00:00,    8111.066404,       0.000000,       0.000000,       0.000000,      -3.234386,       0.000000,      18.866947,       0.802402,       0.000000,       0.000000,       0.000000,      24.577165,       8.337673,      24.577165,40203344079622.797000,-7933948773137.123000,-718259728361.793210,-3915608054292.853500,     289.890289,       0.471594
2011-07-01 24:00:00,    8111.895849,       0.000000,       0.000000,       0.000000,       0.000000,       0.802402,      18.867947,       0.802445,       0.000000,       0.000000,       0.000000,      25.243072,       8.344237,      25.243072,26053934839213.641000,       0.000000,2420676107516.741200,-821126031520.581670,     187.904667,       0.471669
2011-07-02 24:00:00,    8110.481991,       0.000000,       0.000000,       0.000000,      -1.367833,       0.000000,      18.866242,       0.802372,       0.000000,       0.000000,       0.000000,      26.262345,       8.350153,      26.262345,41422869208991.578000,-3355294844506.908200,1630604275821.937000,-2490608450599.893600,     298.731765,       0.471669
2011-07-03 24:00:00,    8106.351401,       0.000000,       0.000000,       0.000000,      -3.995766,       0.000000,      18.861262,       0.802160,       0.000000,       0.000000,       0.000000,      26.209836,       8.355559,      26.209836,40220083632963.203000,-9801614369594.371100,-1611038828195.132800,-6954091920339.003900,     290.083771,       0.471669
2011-07-04 24:00:00,    8103.646020,       0.000000,       0.000000,       0.000000,      -2.616385,       0.000000,      18.858001,       0.802022,       0.000000,       0.000000,       0.000000,      26.560744,       8.360800,      26.560744,41863967402197.891000,-6417993547677.248000,-893092935674.711430,-6618892109596.768600,     302.019858,       0.471669
2011-07-05 24:00:00,    8099.666482,       0.000000,       0.000000,       0.000000,      -3.847963,       0.000000,      18.853203,       0.801818,       0.000000,       0.000000,       0.000000,      26.687274,       8.366282,      26.687274,40071482034292.852000,-9439054297172.502000,-1101872755371.142300,-6324955719067.466800,     289.138304,       0.471669
2011-07-06 24:00:00,    8102.683745,       0.000000,       0.000000,       0.000000,      -2.695961,       5.612723,      18.856840,       0.801972,       0.000000,       0.000000,       0.000000,      27.163683,       8.371719,      27.163683,40737755812950.312000,-6613191156463.710900,-560989802033.534670,-4116864647251.970700,     294.020649,       0.471669
2011-07-07 24:00:00,    8100.659763,       0.000000,       0.000000,       0.000000,      -1.956943,       0.000000,      18.854400,       0.801868,       0.000000,       0.000000,       0.000000,      27.475561,       8.377067,      27.475561,34778789438881.191000,-4800382361910.403300,-685217178031.994870,-5734339492026.621100,     250.963986,       0.471669
2011-07-08 24:00:00,    8098.308807,       0.000000,       0.000000,       0.000000,      -2.272792,       0.000000,      18.851566,       0.801748,       0.000000,       0.000000,       0.000000,      27.946133,       8.382503,      27.946133,41128744022887.133000,-5575158363698.547900,-700779121323.500980,-5876402999823.743200,     296.823713,       0.471669
2011-07-09 24:00:00,    8092.746488,       0.000000,       0.000000,       0.000000,      -5.376578,       0.000000,      18.844860,       0.801463,       0.000000,       0.000000,       0.000000,      27.832235,       8.388435,      27.832235,40769435272011.820000,-13188744623683.100000,-1954275329165.462200,-5669041764038.162100,     294.274841,       0.471669
2011-07-10 24:00:00,    8097.295530,       0.000000,       0.000000,       0.000000,      -3.619055,       8.014627,      18.850344,       0.801696,       0.000000,       0.000000,       0.000000,      27.695580,       8.394267,      27.695580,30431439229787.699000,-8877542124229.543000,-974016555651.001100,-3653091543450.652800,     219.733083,       0.471669
2011-07-11 24:00:00,    8103.362320,       0.000000,       0.000000,       0.000000,      -2.153137,       8.016959,      18.857659,       0.802007,       0.000000,       0.000000,       0.000000,      28.577829,       8.400037,      28.577829,37104568028161.055000,-5281644182537.459000,179026052764.070680,-1734144987751.949000,     267.839091,       0.471669
2011-07-12 24:00:00,    8097.378244,       0.000000,       0.000000,       0.000000,      -5.786120,       0.000000,      18.850444,       0.801700,       0.000000,       0.000000,       0.000000,      27.818735,       8.406114,      27.818735,29237672382876.555000,-14193351301262.381000,-2617196751574.535600,-5955353839094.147500,     210.970094,       0.471669
2011-07-13 24:00:00,    8091.852732,       0.000000,       0.000000,       0.000000,      -5.340682,       0.000000,      18.843782,       0.801417,       0.000000,       0.000000,       0.000000,      27.478562,       8.412081,      27.478562,34640000210361.320000,-13100693211730.311000,-3407390513578.818400,-6578554903849.128900,     250.047301,       0.471669
2011-07-14 24:00:00,    8087.405372,       0.000000,       0.000000,       0.000000,      -4.297074,       0.000000,      18.838420,       0.801189,       0.000000,       0.000000,       0.000000,      27.122939,       8.417956,      27.122939,30227258812019.367000,-10540723258418.990000,-2505597606386.861300,-4558729655696.011700,     218.271260,       0.469462
2011-07-15 24:00:00,    8083.109730,       0.000000,       0.000000,       0.000000,      -4.149303,       0.000000,      18.833242,       0.800969,       0.000000,       0.000000,       0.000000,      26.988193,       8.424103,      26.988193,22541970949958.348000,-10178241165906.979000,-1483505328004.607200,-1946220365348.504600,     162.822069,       0.469075
2011-07-16 24:00:00,    8083.234394,       0.000000,       0.000000,       0.000000,      -3.083490,       3.203874,      18.833392,       0.800975,       0.000000,       0.000000,       0.000000,      27.173661,       8.430337,      27.173661,28138170163717.582000,-7563800487404.948200,-363285008168.646730,-1661810189900.995800,     203.299656,       0.469087
2011-07-17 24:00:00,    8081.370017,       0.000000,       0.000000,       0.000000,      -1.800384,       0.000000,      18.831144,       0.800879,       0.000000,       0.000000,       0.000000,      28.268429,       8.436423,      28.268429,38784422320226.734000,-4416340837933.382800,1171401666031.343700,-305711627199.320680,     280.217113,       0.469087
2011-07-18 24:00:00,    8080.457453,       0.000000,       0.000000,       0.000000,      -2.482894,       1.601759,      18.830044,       0.800833,       0.000000,       0.000000,       0.000000,      29.154586,       8.442394,      29.154586,36371340074436.687000,-6090538289815.359400,1762672635714.013700,-718057392782.921390,     262.813981,       0.469087
2011-07-19 24:00:00,    8077.850944,       0.000000,       0.000000,       0.000000,      -2.516593,       0.000000,      18.826901,       0.800699,       0.000000,       0.000000,       0.000000,      30.096980,       8.448369,      30.096980,39315907439147.078000,-6173203483046.326200,616508244963.777470,-2805002172218.199200,     284.107593,       0.469087
2011-07-20 24:00:00,    8073.363250,       0.000000,       0.000000,       0.000000,      -5.933560,       1.601398,      18.821491,       0.800469,       0.000000,       0.000000,       0.000000,      29.877924,       8.454516,      29.877924,39513084488516.977000,-14555023511585.164000,1775219204446.220200,-2005815743814.861300,     285.580108,       0.469087
2011-07-21 24:00:00,    8065.529854,       0.000000,       0.000000,       0.000000,      -7.559737,       0.000000,      18.812047,       0.800067,       0.000000,       0.000000,       0.000000,      29.489265,       8.461242,      29.489265,39354442570408.508000,-18544033763591.992000,965913149876.092650,-3689821816709.605000,     284.515290,       0.469087
2011-07-22 24:00:00,    8064.164172,       0.000000,       0.000000,       0.000000,      -4.517579,       3.200269,      18.810400,       0.799997,       0.000000,       0.000000,       0.000000,      29.580310,       8.467506,      29.580310,35345135117339.227000,-11081620538146.121000,-746774745128.747800,-3281881631592.602100,     255.658045,       0.469087
2011-07-23 24:00:00,    8061.838475,       0.000000,       0.000000,       0.000000,      -3.043124,       0.799997,      18.807596,       0.799878,       0.000000,       0.000000,       0.000000,      30.029480,       8.473795,      30.029480,35739969183697.641000,-7464782443065.396500,317245622687.483400,-2269366672468.766600,     258.536583,       0.469087
2011-07-24 24:00:00,    8062.898057,       0.000000,       0.000000,       0.000000,      -2.977579,       3.999389,      18.808874,       0.799932,       0.000000,       0.000000,       0.000000,      30.350585,       8.480061,      30.350585,33251999722059.695000,-7304000359668.630900,-611432405139.495730,-2438183503580.440900,     240.574915,       0.469087
2011-07-25 24:00:00,    8058.243265,       0.000000,       0.000000,       0.000000,      -4.489166,       0.000000,      18.803262,       0.799694,       0.000000,       0.000000,       0.000000,      30.438235,       8.486393,      30.438235,39489752265438.750000,-11011924293514.566000,-1069172881311.455800,-5138759224509.671900,     285.685030,       0.469087
2011-07-26 24:00:00,    8052.279056,       0.000000,       0.000000,       0.000000,      -5.765871,       0.000000,      18.796052,       0.799387,       0.000000,       0.000000,       0.000000,      30.031015,       8.492840,      30.031015,38266428190686.117000,-14143681926386.418000,-1817184880163.443800,-5278128684880.611300,     276.917626,       0.469087
2011-07-27 24:00:00,    8053.633332,       0.000000,       0.000000,       0.000000,      -6.682192,       7.993869,      18.797693,       0.799457,       0.000000,       0.000000,       0.000000,      29.400811,       8.499570,      29.400811,25804142960612.711000,-16391417795813.291000,-3341989387186.055200,-4309053265464.927200,     186.805076,       0.469087
2011-07-28 24:00:00,    8057.226616,       0.000000,       0.000000,       0.000000,      -2.123717,       5.596197,      18.802036,       0.799641,       0.000000,       0.000000,       0.000000,      29.788012,       8.505971,      29.788012,31439845133230.566000,-5209477234873.483400,-386930956066.024050,-2254391341275.483900,     227.583997,       0.469087
2011-07-29 24:00:00,    8053.652730,       0.000000,       0.000000,       0.000000,      -3.454489,       0.000000,      18.797716,       0.799458,       0.000000,       0.000000,       0.000000,      30.038319,       8.512408,      30.038319,38907349520070.734000,-8473861011638.557600,-815576822255.977050,-4753422054361.727500,     281.574051,       0.469087
2011-07-30 24:00:00,    8048.140235,       0.000000,       0.000000,       0.000000,      -5.339573,       0.000000,      18.791037,       0.799174,       0.000000,       0.000000,       0.000000,      29.937580,       8.518967,      29.937580,38762456590078.734000,-13097971611655.896000,-1239168221374.683800,-6212039386589.427700,     280.589925,       0.469087
2011-07-31 24:00:00,    8042.756557,       0.000000,       0.000000,       0.000000,      -5.212943,       0.000000,      18.784514,       0.798896,       0.000000,       0.000000,       0.000000,      29.922810,       8.525635,      29.922810,38081713341110.594000,-12787349055669.244000,-949984597275.216060,-4869091107081.231400,     275.760206,       0.469087
2011-08-01 24:00:00,    8038.658222,       0.000000,       0.000000,       0.000000,      -3.966986,       0.000000,      18.779549,       0.798685,       0.000000,       0.000000,       0.000000,      30.095667,       8.532242,      30.095667,34231032766759.570000,-9731016153472.910200,-113559201683.830830,-3384029777586.240200,     247.962440,       0.469087
2011-08-02 24:00:00,    8032.690578,       0.000000,       0.000000,       0.000000,      -5.774858,       0.000000,      18.772318,       0.798378,       0.000000,       0.000000,       0.000000,      29.844308,       8.539430,      29.844308,32650519686731.746000,-14165726841280.463000,1123485826575.148200,-2000215101918.946500,     236.576071,       0.464532
2011-08-03 24:00:00,    8026.443912,       0.000000,       0.000000,       0.000000,      -6.042538,       0.000000,      18.764750,       0.798056,       0.000000,       0.000000,       0.000000,      29.692568,       8.546574,      29.692568,35773506623597.766000,-14822344491812.525000,-873124745353.927730,-4548930914954.524400,     259.304153,       0.463969
2011-08-04 24:00:00,    8021.073251,       0.000000,       0.000000,       0.000000,      -5.193065,       0.000000,      18.758243,       0.797779,       0.000000,       0.000000,       0.000000,      29.471896,       8.553249,      29.471896,34150012474751.652000,-12738589364223.088000,-1637749213447.062700,-6510306878217.778300,     247.636101,       0.463485
2011-08-05 24:00:00,    8017.893874,       0.000000,       0.000000,       0.000000,      -3.073175,       0.000000,      18.754390,       0.797615,       0.000000,       0.000000,       0.000000,      29.538922,       8.559824,      29.538922,27687388372121.535000,-7538498357238.898400,-758866444039.000850,-3582264644998.658700,     200.842543,       0.463199
2011-08-06 24:00:00,    8015.186017,       0.000000,       0.000000,       0.000000,      -2.616869,       0.000000,      18.751110,       0.797476,       0.000000,       0.000000,       0.000000,      29.760908,       8.566416,      29.760908,29728552953276.508000,-6419179753554.782200,-455217868988.954900,-2817190259605.870100,     215.693315,       0.462955
2011-08-07 24:00:00,    8022.072505,       0.000000,       0.000000,       0.000000,      -3.713255,      10.367182,      18.759453,       0.797830,       0.000000,       0.000000,       0.000000,      29.600708,       8.573071,      29.600708,23033057472586.477000,-9108615448866.570300,-1131703926437.607900,-4005657207432.627000,     167.143883,       0.463575
2011-08-08 24:00:00,    8019.469389,       0.000000,       0.000000,       0.000000,      -3.314156,       0.797830,      18.756299,       0.797696,       0.000000,       0.000000,       0.000000,      29.508437,       8.579718,      29.508437,25593904229160.242000,-8129625367107.234400,-1317576141113.689200,-4705122183676.786100,     185.644561,       0.463341
2011-08-09 24:00:00,    8009.344071,       0.000000,       0.000000,       0.000000,      -9.786086,       0.000000,      18.744031,       0.797174,       0.000000,       0.000000,       0.000000,      28.599901,       8.587465,      28.599901,34447449336533.547000,-24005269071464.266000,-4606121074974.209000,-6802075446722.183600,     249.905482,       0.462428
2011-08-10 24:00:00,    7999.544639,       0.000000,       0.000000,       0.000000,      -9.464924,       0.000000,      18.732158,       0.796670,       0.000000,       0.000000,       0.000000,      27.582866,       8.594814,      27.582866,35306647070600.492000,-23217457546125.086000,-5282681147507.824200,-9358676550054.982400,     256.306335,       0.461545
2011-08-11 24:00:00,    7992.975506,       0.000000,       0.000000,       0.000000,      -6.340874,       0.000000,      18.724199,       0.796331,       0.000000,       0.000000,       0.000000,      26.463394,       8.602113,      26.463394,34516333087371.312000,-15554163022686.045000,-2741235483735.874000,-7954324818600.590800,     250.727921,       0.453612
2011-08-12 24:00:00,    7992.200462,       0.000000,       0.000000,       0.000000,      -4.729450,       3.981655,      18.723260,       0.796291,       0.000000,       0.000000,       0.000000,      25.861712,       8.609133,      25.861712,14325140378873.641000,-11601341483354.984000,-2286469059115.457500,-6384914432997.516600,     104.102583,       0.453549
2011-08-13 24:00:00,    8000.979349,       0.000000,       0.000000,       0.000000,      -2.678256,      11.148075,      18.733897,       0.796743,       0.000000,       0.000000,       0.000000,      25.793245,       8.616047,      25.793245,23469458810286.035000,-6569762928849.944300,-1763632112105.289600,-4420406848255.056600,     170.564040,       0.454264
2011-08-14 24:00:00,    7996.598115,       0.000000,       0.000000,       0.000000,      -4.229391,       0.000000,      18.728588,       0.796518,       0.000000,       0.000000,       0.000000,      25.671512,       8.623388,      25.671512,34160168579339.625000,-10374696224627.352000,-2313680160478.319300,-6591160316601.331100,     248.117704,       0.453907
2011-08-15 24:00:00,    7994.222603,       0.000000,       0.000000,       0.000000,      -2.292532,       0.000000,      18.725710,       0.796395,       0.000000,       0.000000,       0.000000,      25.792692,       8.630173,      25.792692,33666025885185.391000,-5623581903515.992200,-794983819346.243530,-7118165581335.679700,     244.597874,       0.453713
2011-08-16 24:00:00,    7988.857676,       0.000000,       0.000000,       0.000000,      -5.176727,       0.000000,      18.719210,       0.796119,       0.000000,       0.000000,       0.000000,      25.596691,       8.637626,      25.596691,33356573431401.695000,-12698512164798.875000,-1360091721642.166000,-6519247657457.354500,     242.386821,       0.453277
2011-08-17 24:00:00,    7986.348593,       0.000000,       0.000000,       0.000000,      -4.012463,       1.592238,      18.716170,       0.795990,       0.000000,       0.000000,       0.000000,      25.590030,       8.645029,      25.590030,32128374207437.898000,-9842572218206.410200,-1185008907533.858200,-4621910185702.260700,     233.543133,       0.453072
2011-08-18 24:00:00,    7981.884143,       0.000000,       0.000000,       0.000000,      -4.305644,       0.000000,      18.710761,       0.795760,       0.000000,       0.000000,       0.000000,      25.439950,       8.652124,      25.439950,33425012490696.414000,-10561744502409.098000,-1286669486902.083500,-7672015911929.576200,     243.007942,       0.452709
2011-08-19 24:00:00,    7977.566462,       0.000000,       0.000000,       0.000000,      -4.162892,       0.000000,      18.705529,       0.795537,       0.000000,       0.000000,       0.000000,      25.485386,       8.659375,      25.485386,32482048081764.555000,-10211574549928.355000,48288240852.043945,-4536035362215.157200,     236.220632,       0.452357
2011-08-20 24:00:00,    7980.769576,       0.000000,       0.000000,       0.000000,      -3.276877,       6.364296,      18.709410,       0.795702,       0.000000,       0.000000,       0.000000,      25.529500,       8.666428,      25.529500,29243407914569.258000,-8038180280865.214800,-388208208197.143370,-4663036355581.131800,     212.727603,       0.452618
2011-08-21 24:00:00,    7975.080810,       0.000000,       0.000000,       0.000000,      -5.484428,       0.000000,      18.702518,       0.795409,       0.000000,       0.000000,       0.000000,      25.244317,       8.673988,      25.244317,30935083627919.871000,-13453302001131.814000,-1898727790969.415500,-6022376360205.348600,     224.986812,       0.452155
2011-08-22 24:00:00,    7971.075487,       0.000000,       0.000000,       0.000000,      -3.869302,       0.000000,      18.697653,       0.795202,       0.000000,       0.000000,       0.000000,      25.167340,       8.681015,      25.167340,32351155157094.738000,-9491398724457.714800,-1214943761860.775600,-6633905442979.964800,     235.372427,       0.451829
2011-08-23 24:00:00,    7977.927838,       0.000000,       0.000000,       0.000000,      -5.316696,      11.928031,      18.705967,       0.795556,       0.000000,       0.000000,       0.000000,      24.326433,       8.691375,      24.326433,25938612548009.113000,-13041854634615.920000,-1881852235079.625000,-4031695292926.787100,      89.444885,       0.442997
2011-08-24 24:00:00,    7974.934542,       0.000000,       0.000000,       0.000000,      -2.885248,       0.000000,      18.702340,       0.795401,       0.000000,       0.000000,       0.000000,      24.585208,       8.702643,      24.585208,31851550818772.422000,-7077513184750.450200,1550284733603.539600,-3594223847514.211900,     231.694797,       0.442772
2011-08-25 24:00:00,    7970.091209,       0.000000,       0.000000,       0.000000,      -4.681603,       0.000000,      18.696455,       0.795151,       0.000000,       0.000000,       0.000000,      24.403857,       8.710857,      24.403857,31912942560153.098000,-11483971715056.631000,-1592564579004.571000,-6548642755085.907200,     232.186389,       0.442409
2011-08-26 24:00:00,    7966.633702,       0.000000,       0.000000,       0.000000,      -3.347632,       0.000000,      18.692245,       0.794972,       0.000000,       0.000000,       0.000000,      24.401850,       8.718268,      24.401850,30472270546967.891000,-8211740524562.078100,-598649809803.658080,-5986528802858.657200,     221.774404,       0.442150
2011-08-27 24:00:00,    7962.169016,       0.000000,       0.000000,       0.000000,      -4.321830,       0.000000,      18.686808,       0.794741,       0.000000,       0.000000,       0.000000,      24.349933,       8.727105,      24.349933,31543998215960.500000,-10601449807558.074000,-621179319696.115110,-5338737201363.052700,     188.766755,       0.512329
2011-08-28 24:00:00,    7958.138051,       0.000000,       0.000000,       0.000000,      -3.900852,       0.000000,      18.681900,       0.794532,       0.000000,       0.000000,       0.000000,      24.151947,       8.734449,      24.151947,28212860625086.035000,-9568790251310.220700,-1798727429376.549300,-6909570969618.256800,     205.436621,       0.511982
2011-08-29 24:00:00,    7955.649895,       0.000000,       0.000000,       0.000000,      -2.407210,       0.000000,      18.678870,       0.794403,       0.000000,       0.000000,       0.000000,      24.250937,       8.741349,      24.250937,30817064596748.379000,-5904885961095.245100,-600812067422.902950,-6039658693376.764600,     224.458521,       0.511768
2011-08-30 24:00:00,    7955.990447,       0.000000,       0.000000,       0.000000,      -2.848193,       3.177613,      18.679285,       0.794421,       0.000000,       0.000000,       0.000000,      24.037207,       8.748352,      24.037207,16199732640748.717000,-6986617539156.075200,-782638666194.302490,-5069021596941.151400,     118.011169,       0.511797
2011-08-31 24:00:00,    7956.364394,       0.000000,       0.000000,       0.000000,      -2.815953,       3.177683,      18.679740,       0.794440,       0.000000,       0.000000,       0.000000,      24.165415,       8.756219,      24.165415,27434431410652.477000,-6907533269034.960000,-1121091142906.785400,-2177040022351.096900,     199.848819,       0.511829
2011-09-01 24:00:00,    7954.254814,       0.000000,       0.000000,       0.000000,      -2.040714,       0.000000,      18.677171,       0.794331,       0.000000,       0.000000,       0.000000,      24.564966,       8.764857,      24.564966,29980048866272.137000,-5005870818148.530300,2026080383760.966100,-1987702741669.642100,     218.387297,       0.511648
2011-09-02 24:00:00,    7953.895902,       0.000000,       0.000000,       0.000000,      -2.730141,       2.382993,      18.676734,       0.794312,       0.000000,       0.000000,       0.000000,      24.829811,       8.773706,      24.829811,24733684658081.375000,-6697036326273.627000,2615106887147.006800,-1487445120849.649400,     180.195351,       0.511617
2011-09-03 24:00:00,    7966.654276,       0.000000,       0.000000,       0.000000,      -1.163411,      13.503311,      18.692270,       0.794973,       0.000000,       0.000000,       0.000000,      25.199230,       8.780893,      25.199230,22275540520313.285000,-2853846971339.348600,590071068834.189450,-1174431406116.519000,     162.290529,       0.511617
2011-09-04 24:00:00,    7962.212813,       0.000000,       0.000000,       0.000000,      -6.684275,       2.384919,      18.686861,       0.794743,       0.000000,       0.000000,       0.000000,      24.568560,       8.790951,      24.568560,30085861794233.785000,-16396527649883.436000,-4547608678057.286100,-7044893526536.430700,     219.011180,       0.512332
2011-09-05 24:00:00,    7955.901412,       0.000000,       0.000000,       0.000000,      -6.107697,       0.000000,      18.679176,       0.794416,       0.000000,       0.000000,       0.000000,      23.915944,       8.799174,      23.915944,30182025956534.035000,-14982181908365.271000,-5605945075543.567400,-9434282961447.066400,     219.774798,       0.511789
2011-09-06 24:00:00,    7952.524968,       0.000000,       0.000000,       0.000000,      -3.266123,       0.000000,      18.675065,       0.794241,       0.000000,       0.000000,       0.000000,      23.662401,       8.806035,      23.662401,30414495008671.738000,-8011800581957.279300,-2750763771286.475100,-9926222668144.164100,     221.558672,       0.511499
2011-09-07 24:00:00,    7947.265720,       0.000000,       0.000000,       0.000000,      -5.086290,       0.000000,      18.668661,       0.793969,       0.000000,       0.000000,       0.000000,      23.152520,       8.813597,      23.152520,30410314974210.383000,-12476669575673.074000,-4136885350543.402800,-10256143748145.863000,     221.576992,       0.511046
2011-09-08 24:00:00,    7941.704368,       0.000000,       0.000000,       0.000000,      -5.376614,       0.000000,      18.661889,       0.793681,       0.000000,       0.000000,       0.000000,      22.728513,       8.822231,      22.728513,29154645400846.262000,-13188834123360.639000,-3480447577325.743700,-7513775522855.157200,     212.500746,       0.510568
2011-09-09 24:00:00,    7937.950673,       0.000000,       0.000000,       0.000000,      -3.627689,       0.000000,      18.657318,       0.793487,       0.000000,       0.000000,       0.000000,      22.596411,       8.830048,      22.596411,28765164423001.059000,-8898720465300.189500,-1789345911804.094700,-6295824029994.538100,     209.737999,       0.510245
2011-09-10 24:00:00,    7936.006455,       0.000000,       0.000000,       0.000000,      -1.878493,       0.000000,      18.654951,       0.793386,       0.000000,       0.000000,       0.000000,      22.730894,       8.836773,      22.730894,28290485640219.461000,-4607943211698.024400,-442472814119.939150,-5413165980075.875000,     206.327465,       0.510078
2011-09-11 24:00:00,    7933.071210,       0.000000,       0.000000,       0.000000,      -2.835657,       0.000000,      18.651377,       0.793234,       0.000000,       0.000000,       0.000000,      22.800580,       8.844249,      22.800580,27806863062184.187000,-6955866509409.297900,-190529512165.794800,-4669812954160.507800,     202.826057,       0.509825
2011-09-12 24:00:00,    7928.330383,       0.000000,       0.000000,       0.000000,      -4.579103,       0.000000,      18.645604,       0.792988,       0.000000,       0.000000,       0.000000,      22.166369,       8.857033,      22.166369,27436177051736.602000,-11232539116368.361000,155131800467.815430,-4415148804798.250000,      90.155451,       0.510323
2011-09-13 24:00:00,    7922.250526,       0.000000,       0.000000,       0.000000,      -5.870636,       0.000000,      18.638201,       0.792674,       0.000000,       0.000000,       0.000000,      21.778708,       8.870244,      21.778708,28255823491872.047000,-14400670823956.494000,-2062692538805.609600,-6927908340445.924800,     206.204136,       0.509834
2011-09-14 24:00:00,    7914.311686,       0.000000,       0.000000,       0.000000,      -7.662604,       0.000000,      18.628534,       0.792262,       0.000000,       0.000000,       0.000000,      20.935419,       8.882922,      20.935419,26611067015603.187000,-18796368575010.660000,-6308341165065.081100,-9055639592705.576200,     194.278240,       0.509196
2011-09-15 24:00:00,    7908.921914,       0.000000,       0.000000,       0.000000,      -5.199534,       0.000000,      18.621971,       0.791983,       0.000000,       0.000000,       0.000000,      20.268280,       8.891195,      20.268280,28805572303095.551000,-12754457526285.111000,-6214888840322.063500,-11752112077669.564000,     210.408697,       0.508763
2011-09-16 24:00:00,    7905.468217,       0.000000,       0.000000,       0.000000,      -3.330621,       0.000000,      18.617766,       0.791804,       0.000000,       0.000000,       0.000000,      19.807465,       8.898142,      19.807465,14576192477892.068000,-8170013308254.816400,-3140125663206.252400,-7326177691976.781200,     106.508509,       0.508485
2011-09-17 24:00:00,    7900.977692,       0.000000,       0.000000,       0.000000,      -4.329523,       0.000000,      18.612298,       0.791572,       0.000000,       0.000000,       0.000000,      18.991675,       8.908068,      18.991675,18301340601825.660000,-10620319771752.781000,-3451733909749.306600,-4673224184186.558600,     133.758442,       0.526562
2011-09-18 24:00:00,    7902.058271,       0.000000,       0.000000,       0.000000,      -2.916329,       3.957860,      18.613614,       0.791628,       0.000000,       0.000000,       0.000000,      18.667714,       8.917927,      18.667714,6855347934660.507800,-7153756219635.714800,-2399991422616.620600,-2319612204489.531200,      50.118189,       0.526646
2011-09-19 24:00:00,    7909.791999,       0.000000,       0.000000,       0.000000,      -1.253125,       8.707907,      18.623031,       0.792028,       0.000000,       0.000000,       0.000000,      18.911362,       8.926620,      18.911362,25605213810561.891000,-3073914536126.494600,-310182223274.194090,-2506222215440.962400,     187.181779,       0.527249
2011-09-20 24:00:00,    7906.524069,       0.000000,       0.000000,       0.000000,      -3.151653,       0.000000,      18.619052,       0.791859,       0.000000,       0.000000,       0.000000,      18.795038,       8.937679,      18.795038,22093155366655.586000,-7731005894045.259800,-667606423960.377560,-5466026034258.104500,     161.425912,       0.526994
2011-09-21 24:00:00,    7902.010973,       0.000000,       0.000000,       0.000000,      -4.351585,       0.000000,      18.613556,       0.791625,       0.000000,       0.000000,       0.000000,      18.438473,       8.954662,      18.438473,15925158464278.887000,-10674438131819.738000,-2151118658479.278800,-4436066476434.662100,     116.383676,       0.526642
2011-09-22 24:00:00,    7898.702982,       0.000000,       0.000000,       0.000000,      -3.188666,       0.000000,      18.609528,       0.791454,       0.000000,       0.000000,       0.000000,      18.171868,       8.965095,      18.171868,14752596720561.400000,-7821798348777.302700,-2915137183021.853000,-3384986589285.329100,     107.846233,       0.526384
2011-09-23 24:00:00,    7896.756862,       0.000000,       0.000000,       0.000000,      -1.875514,       0.000000,      18.607159,       0.791353,       0.000000,       0.000000,       0.000000,      17.975289,       8.971787,      17.975289,11007487665551.805000,-4600635220127.933600,-2139856833070.291700,-3790980866248.280300,      80.485697,       0.526233
2011-09-24 24:00:00,    7895.591270,       0.000000,       0.000000,       0.000000,      -1.914515,       0.791353,      18.605739,       0.791293,       0.000000,       0.000000,       0.000000,      17.883624,       8.978630,      17.883624,19240921583358.652000,-4696304528561.130900,-2074493576194.217300,-5050737871206.002900,     140.705695,       0.526142
2011-09-25 24:00:00,    7901.872351,       0.000000,       0.000000,       0.000000,      -2.652255,       8.704223,      18.613387,       0.791618,       0.000000,       0.000000,       0.000000,      17.709679,       8.987765,      17.709679,18210810289886.328000,-6505980911816.111300,-2504599440781.625000,-4428388100312.955100,     133.182819,       0.526631
2011-09-26 24:00:00,    7922.366881,       0.000000,       0.000000,       0.000000,      -2.410234,      22.165312,      18.638343,       0.792680,       0.000000,       0.000000,       0.000000,      17.186306,       9.002784,      17.186306,14982897216434.150000,-5912304424537.194300,-2865234801031.828600,-3079906331212.424800,     200.160585,       0.569861
2011-09-27 24:00:00,    7920.762415,       0.000000,       0.000000,       0.000000,      -2.341329,       0.792680,      18.636389,       0.792597,       0.000000,       0.000000,       0.000000,      17.142702,       9.016103,      17.142702,22660221364370.926000,-5743281259676.350600,-1997175303723.897900,-4547918125450.335900,     165.433218,       0.569736
2011-09-28 24:00:00,    7919.816394,       0.000000,       0.000000,       0.000000,      -0.913015,       0.000000,      18.635237,       0.792548,       0.000000,       0.000000,       0.000000,      17.202899,       9.022447,      17.202899,18270940483992.609000,-2239624978219.451700,-589453770598.139040,-4346470678747.295900,     133.402816,       0.569663
2011-09-29 24:00:00,    7919.585145,       0.000000,       0.000000,       0.000000,      -3.393358,       3.170190,      18.634956,       0.792536,       0.000000,       0.000000,       0.000000,      16.900003,       9.049925,      16.900003,15223366290735.775000,-8323906301153.988300,-2143268090830.159200,-4094488564295.178200,      59.325505,       0.588389
2011-09-30 24:00:00,    7914.467018,       0.000000,       0.000000,       0.000000,      -7.316786,       2.377607,      18.628723,       0.792271,       0.000000,       0.000000,       0.000000,      15.902631,       9.067679,      15.902631,22101233796476.699000,-17948075699705.148000,-6942351760289.983400,-6365842516177.341800,     161.381602,       0.657493
2011-10-01 24:00:00,    7911.673662,       0.000000,       0.000000,       0.000000,      -2.694789,       0.000000,      18.625322,       0.792126,       0.000000,       0.000000,       0.000000,      15.636974,       9.073796,      15.636974,24643125010998.520000,-6610316338128.577100,-3681457082174.272000,-9209503323946.363300,     180.002505,       0.657262
2011-10-02 24:00:00,    7909.722678,       0.000000,       0.000000,       0.000000,      -1.881797,       0.000000,      18.622946,       0.792025,       0.000000,       0.000000,       0.000000,      15.542423,       9.079507,      15.542423,24239064615021.418000,-4616048185669.279300,-1499845971022.200900,-8611745762146.050800,     177.083431,       0.657100
2011-10-03 24:00:00,    7908.213172,       0.000000,       0.000000,       0.000000,      -1.455789,       0.000000,      18.621108,       0.791947,       0.000000,       0.000000,       0.000000,      15.595173,       9.085134,      15.595173,23282998028548.789000,-3571051031236.956500,-276128491364.274900,-5976006029674.728500,     170.120390,       0.656975
2011-10-04 24:00:00,    7907.034946,       0.000000,       0.000000,       0.000000,      -1.136187,       0.000000,      18.619674,       0.791886,       0.000000,       0.000000,       0.000000,      15.685804,       9.090698,      15.685804,23070716621671.754000,-2787065616355.962900,42869334459.863716,-5830308764836.307600,     168.585967,       0.656877
2011-10-05 24:00:00,    7905.332509,       0.000000,       0.000000,       0.000000,      -1.641566,       0.000000,      18.617601,       0.791797,       0.000000,       0.000000,       0.000000,      15.731372,       9.096560,      15.731372,23022587402282.926000,-4026762129377.404300,52046429174.002998,-5937976498342.221700,     168.247232,       0.656736
2011-10-06 24:00:00,    7903.352205,       0.000000,       0.000000,       0.000000,      -1.909286,       0.000000,      18.615189,       0.791695,       0.000000,       0.000000,       0.000000,      15.757288,       9.102921,      15.757288,22521277804657.973000,-4683479136276.002900,38936552596.895767,-5598106293101.864300,      90.751424,       0.722505
2011-10-07 24:00:00,    7901.375294,       0.000000,       0.000000,       0.000000,      -1.905767,       0.000000,      18.612782,       0.791593,       0.000000,       0.000000,       0.000000,      15.856273,       9.111687,      15.856273,22170792308584.102000,-4674845589290.132800,1660906533798.273900,-4792795012105.500000,     162.061412,       0.722325
2011-10-08 24:00:00,    7899.270048,       0.000000,       0.000000,       0.000000,      -2.029222,       0.000000,      18.610219,       0.791484,       0.000000,       0.000000,       0.000000,      15.995142,       9.120284,      15.995142,21858333006245.531000,-4977682506350.407200,2980873803346.042500,-4335674732906.864700,     159.798098,       0.722134
2011-10-09 24:00:00,    7897.880314,       0.000000,       0.000000,       0.000000,      -1.339363,       0.000000,      18.608527,       0.791412,       0.000000,       0.000000,       0.000000,      16.107371,       9.126254,      16.107371,21684047743434.020000,-3285458572222.384300,905285511332.055050,-4672758701005.350600,     158.545800,       0.722007
2011-10-10 24:00:00,    7896.260372,       0.000000,       0.000000,       0.000000,      -1.561086,       0.000000,      18.606554,       0.791328,       0.000000,       0.000000,       0.000000,      16.135037,       9.132004,      16.135037,20745842979326.828000,-3829344696060.708500,5522925123.876727,-5437975555413.197300,     151.699785,       0.721860
2011-10-11 24:00:00,    7895.959185,       0.000000,       0.000000,       0.000000,      -1.081541,       0.791328,      18.606187,       0.791312,       0.000000,       0.000000,       0.000000,      16.191847,       9.137438,      16.191847,12273573523721.107000,-2653020158694.942400,393765566995.268800,-1967402646987.689500,      89.757541,       0.721833
2011-10-12 24:00:00,    7903.682342,       0.000000,       0.000000,       0.000000,      -0.471499,       7.913121,      18.615591,       0.791712,       0.000000,       0.000000,       0.000000,      16.298961,       9.142832,      16.298961,8358816468572.259800,-1156586365390.309300,864782271493.489140,-518114666462.031980,     164.602027,       0.656599
2011-10-13 24:00:00,    7915.085499,       0.000000,       0.000000,       0.000000,      -0.882653,      11.875680,      18.629477,       0.792303,       0.000000,       0.000000,       0.000000,      16.419773,       9.148321,      16.419773,15441473016636.682000,-2165148495022.354500,105180883528.190860,-1809235843708.820600,     112.869799,       0.657545
2011-10-14 24:00:00,    7910.711406,       0.000000,       0.000000,       0.000000,      -5.012220,       0.792303,      18.624150,       0.792076,       0.000000,       0.000000,       0.000000,      15.967979,       9.158468,      15.967979,18381286209282.512000,-12294975452136.303000,-4104681720376.909700,-6270077582245.650400,     134.258289,       0.657182
2011-10-15 24:00:00,    7903.731315,       0.000000,       0.000000,       0.000000,      -6.732136,       0.000000,      18.615651,       0.791715,       0.000000,       0.000000,       0.000000,      15.241046,       9.176690,      15.241046,18156275107589.461000,-16513930328094.150000,-5348989124590.210000,-4789555595263.598600,     132.652717,       0.421028
2011-10-16 24:00:00,    7900.433161,       0.000000,       0.000000,       0.000000,      -3.971256,       0.791715,      18.611635,       0.791544,       0.000000,       0.000000,       0.000000,      14.857541,       9.187389,      14.857541,19844062973604.754000,-9741491697109.638700,-3093003587452.961900,-5577416301600.116200,     145.050166,       0.603199
2011-10-17 24:00:00,    7894.582474,       0.000000,       0.000000,       0.000000,      -5.639060,       0.000000,      18.604511,       0.791241,       0.000000,       0.000000,       0.000000,      14.217392,       9.310532,      14.217392,20395626916060.879000,-13832614973773.863000,-4972828474911.678700,-9425194686915.060500,      84.446365,       0.720946
2011-10-18 24:00:00,    7891.302130,       0.000000,       0.000000,       0.000000,      -3.160480,       0.000000,      18.600517,       0.791071,       0.000000,       0.000000,       0.000000,      13.778505,       9.347652,      13.778505,9927643797335.871100,-7752658119002.007800,-4438049338625.061500,-6765458235224.258800,      72.609558,       0.720684
2011-10-19 24:00:00,    7886.918688,       0.000000,       0.000000,       0.000000,      -4.241499,       0.000000,      18.595155,       0.790843,       0.000000,       0.000000,       0.000000,      13.276289,       9.557025,      13.276289,9746984030123.755900,-10404398090761.760000,-5767174221184.789100,-3224505802457.022000,     149.113992,       0.469182
2011-10-20 24:00:00,    7881.289685,       0.000000,       0.000000,       0.000000,      -5.447791,       0.000000,      18.588266,       0.790550,       0.000000,       0.000000,       0.000000,      12.719980,      12.719980,      12.719980,12837709603293.867000,-13363430594068.020000,-6233045185273.641600,-3619673527089.300800,      93.940661,       0.372673
2011-10-21 24:00:00,    7878.399759,       0.000000,       0.000000,       0.000000,      -2.795855,       0.000000,      18.584730,       0.790399,       0.000000,       0.000000,       0.000000,      12.460122,      12.460122,      12.460122,19167679361300.684000,-6858232505510.378900,-3603535082441.389200,-7616307730869.397500,     140.312549,       0.372620
2011-10-22 24:00:00,    7876.464303,       0.000000,       0.000000,       0.000000,      -1.872098,       0.000000,      18.582361,       0.790299,       0.000000,       0.000000,       0.000000,      12.317308,      12.317308,      12.317308,18521143667953.281000,-4592257096869.311500,-1822319541824.603800,-7455487834994.918900,     135.605535,       0.372584
2011-10-23 24:00:00,    7874.462581,       0.000000,       0.000000,       0.000000,      -1.935949,       0.000000,      18.579911,       0.790195,       0.000000,       0.000000,       0.000000,      12.161106,      12.161106,      12.161106,13014667119199.637000,-4748883009013.335900,-1109121893499.031200,-5731688713630.176800,      95.301126,       0.372547
2011-10-24 24:00:00,    7875.482598,       0.000000,       0.000000,       0.000000,      -1.384212,       2.370584,      18.581160,       0.790248,       0.000000,       0.000000,       0.000000,      12.132756,      12.132756,      12.132756,17979978492514.535000,-3395472576434.986300,-509218735152.662840,-5888045515478.328100,     131.677445,       0.372566
2011-10-25 24:00:00,    7875.123832,       0.000000,       0.000000,       0.000000,      -1.137203,       0.790248,      18.580721,       0.790229,       0.000000,       0.000000,       0.000000,      12.197351,      12.133370,      12.197351,16990842360224.654000,-2789559383263.350100,14372796224.706724,-3727814554956.749000,     124.425088,       0.425942
2011-10-26 24:00:00,    7872.810307,       0.000000,       0.000000,       0.000000,      -2.237309,       0.000000,      18.577889,       0.790109,       0.000000,       0.000000,       0.000000,      12.098439,      12.098439,      12.098439,14195304195276.703000,-5488118361559.924800,-1967890258806.822800,-2623710810585.908200,     103.955629,       0.372517
2011-10-27 24:00:00,    7871.932120,       0.000000,       0.000000,       0.000000,      -1.639235,       0.790109,      18.576815,       0.790063,       0.000000,       0.000000,       0.000000,      11.984002,      11.984002,      11.984002,14735878805154.602000,-4021042254617.319300,-1828583396699.169200,-5196553220458.969700,     107.930833,       0.372501
2011-10-28 24:00:00,    7870.179962,       0.000000,       0.000000,       0.000000,      -1.694079,       0.000000,      18.574671,       0.789972,       0.000000,       0.000000,       0.000000,      11.839194,      11.839194,      11.839194,10039788270316.066000,-4155576290806.336900,-1443021538953.241000,-4139294709280.398900,      73.539245,       0.372468
2011-10-29 24:00:00,    7868.091453,       0.000000,       0.000000,       0.000000,      -2.019048,       0.000000,      18.572115,       0.789863,       0.000000,       0.000000,       0.000000,      11.611353,      11.611353,      11.611353,17173054734764.334000,-4952725170489.826200,-2693164909344.628900,-8367947507405.627900,     125.803377,       0.372430
2011-10-30 24:00:00,    7867.416907,       0.000000,       0.000000,       0.000000,      -3.021610,       2.369589,      18.571289,       0.789828,       0.000000,       0.000000,       0.000000,      11.246681,      11.246681,      11.246681,9868901881508.636700,-7412010105580.916000,-4051893306955.222700,-5421459419174.615200,      72.305834,       0.372417
2011-10-31 24:00:00,    7866.116035,       0.000000,       0.000000,       0.000000,      -1.257378,       0.000000,      18.569697,       0.789760,       0.000000,       0.000000,       0.000000,      11.173137,      11.173137,      11.173137,14338057632636.055000,-3084347944396.421900,-1537380318879.538800,-4892421339315.629900,     105.054372,       0.372393
2011-11-01 24:00:00,    7863.914495,       0.000000,       0.000000,       0.000000,      -2.127750,       0.000000,      18.567003,       0.789646,       0.000000,       0.000000,       0.000000,      10.983639,      10.983639,      10.983639,15126950147113.842000,-5219369852558.802700,-2209977279598.425800,-6313204939417.534200,     110.844058,       0.372353
2011-11-02 24:00:00,    7879.285510,       0.000000,       0.000000,       0.000000,      -0.939252,      15.792912,      18.585814,       0.790446,       0.000000,       0.000000,       0.000000,      10.927078,      10.927078,      10.927078,5114420760597.903300,-2303984429830.331500,-417165096790.191160,-1587187272659.102300,      37.481806,       0.372636
2011-11-03 24:00:00,    7880.251334,       0.000000,       0.000000,       0.000000,      -2.227521,       3.161782,      18.586996,       0.790496,       0.000000,       0.000000,       0.000000,      10.728746,      10.728746,      10.728746,15018441783702.490000,-5464107942222.826200,-2870072476285.540500,-5605512861753.387700,     109.953526,       0.372654
2011-11-04 24:00:00,    7878.605589,       0.000000,       0.000000,       0.000000,      -1.592065,       0.000000,      18.584982,       0.790410,       0.000000,       0.000000,       0.000000,      10.490433,      10.490433,      10.490433,15275390408415.314000,-3905335512941.403300,-2633036944535.864700,-8897926524110.205100,     111.827596,       0.372624
2011-11-05 24:00:00,    7876.181474,       0.000000,       0.000000,       0.000000,      -2.344793,       0.000000,      18.582015,       0.790284,       0.000000,       0.000000,       0.000000,      10.181914,      10.181914,      10.181914,14648213402032.723000,-5751777060448.113300,-3908899687591.292500,-7804443946230.928700,     107.247799,       0.372579
2011-11-06 24:00:00,    7874.469360,       0.000000,       0.000000,       0.000000,      -1.655825,       0.000000,      18.579920,       0.790195,       0.000000,       0.000000,       0.000000,      10.105549,      10.105549,      10.105549,13326056200472.082000,-4061739632104.632800,-562072083829.055910,-4502086942761.880900,      97.583120,       0.372547
2011-11-07 24:00:00,    7872.744838,       0.000000,       0.000000,       0.000000,      -1.667637,       0.000000,      18.577809,       0.790105,       0.000000,       0.000000,       0.000000,       9.987312,       9.987312,       9.987312,14907968424562.412000,-4090713722204.438000,-329150106184.789430,-6871878692128.463900,     109.179347,       0.372516
2011-11-08 24:00:00,    7889.579210,       0.000000,       0.000000,       0.000000,      -1.895188,      18.172419,      18.598411,       0.790981,       0.000000,       0.000000,       0.000000,       9.728674,       9.728674,       9.728674,3892795021622.718700,-4648895268519.345700,-2485335260948.643600,-3076188101894.687000,      28.512342,       0.372826
2011-11-09 24:00:00,    7913.976582,       0.000000,       0.000000,       0.000000,      -2.597928,      26.102384,      18.628126,       0.792245,       0.000000,       0.000000,       0.000000,       9.418704,       9.418704,       9.418704,6129274163875.490200,-6372717448849.469700,-4507997201967.166000,-1959511435884.485100,      44.843456,       0.373276
2011-11-10 24:00:00,    7912.732513,       0.000000,       0.000000,       0.000000,      -2.784621,       1.584490,      18.626611,       0.792181,       0.000000,       0.000000,       0.000000,       8.956813,       8.956813,       8.956813,7690182768412.046900,-6830676419238.053700,-5900368348186.899400,-6415924765977.527300,      56.173742,       0.373253
2011-11-11 24:00:00,    7910.517940,       0.000000,       0.000000,       0.000000,      -2.136187,       0.000000,      18.623915,       0.792066,       0.000000,       0.000000,       0.000000,       8.623248,       8.623248,       8.623248,10556061960787.473000,-5240066235193.434600,-4819664880192.350600,-6272561157504.807600,      77.114126,       0.373212
2011-11-12 24:00:00,    7908.824679,       0.000000,       0.000000,       0.000000,      -1.633091,       0.000000,      18.621853,       0.791978,       0.000000,       0.000000,       0.000000,       8.373299,       8.373299,       8.373299,13729329887404.217000,-4005972188621.867200,-3336747580851.414100,-7774158728119.428700,     100.309999,       0.373181
2011-11-13 24:00:00,    7907.835050,       0.000000,       0.000000,       0.000000,      -0.954357,       0.000000,      18.620648,       0.791927,       0.000000,       0.000000,       0.000000,       8.346522,       8.346522,       8.346522,12607115713191.773000,-2341036646437.557600,-146020778344.946720,-4664763107139.537100,      92.121014,       0.373163
2011-11-14 24:00:00,    7906.812082,       0.000000,       0.000000,       0.000000,      -0.986443,       0.000000,      18.619402,       0.791874,       0.000000,       0.000000,       0.000000,       8.164387,       8.164387,       8.164387,5135373317769.957000,-2419745121121.519000,-1237808235761.532700,-4949685714065.789100,      37.526935,       0.373144
2011-11-15 24:00:00,    7905.051719,       0.000000,       0.000000,       0.000000,      -1.697396,       0.000000,      18.617259,       0.791783,       0.000000,       0.000000,       0.000000,       7.963592,       7.963592,       7.963592,12486816779220.352000,-4163713183654.429200,-2022293628994.417200,-6687655120831.122100,      91.253991,       0.373111
2011-11-16 24:00:00,    7902.142504,       0.000000,       0.000000,       0.000000,      -2.804832,       0.000000,      18.613716,       0.791632,       0.000000,       0.000000,       0.000000,       7.539778,       7.539778,       7.539778,13337244415997.842000,-6880252575317.775400,-4463990810050.232400,-9383446683650.005900,      97.480161,       0.373058
2011-11-17 24:00:00,    7861.660313,       0.000000,       0.000000,       0.000000,      -2.860475,       0.000000,      18.564244,       0.789528,       0.050000,       0.000000,       0.000000,       8.163456,      -0.405887,      -0.405887,12674486197362.127000,-7016746085675.566400,-6277108363465.756800,-9486542220987.310500,     111.158234,       0.394038
2011-11-18 24:00:00,    7854.278388,       0.000000,       0.000000,       0.000000,       0.000000,       0.000000,      18.555211,       0.789144,       0.059850,       0.000000,       0.000000,       7.214752,       7.214752,       7.214752,9345781407934.548800,       0.000000,       0.000000,       0.000000,      41.694831,       0.372175
2011-11-19 24:00:00,    7899.990627,       0.000000,       0.000000,       0.000000,       0.000000,       0.000000,      18.611096,       0.791521,       0.000000,       0.000000,       0.000000,       7.031265,       7.031265,       7.031265,3830061355810.113300,       0.000000,       0.000000,       0.000000,      28.087023,       0.373018
2011-11-20 24:00:00,    7898.665712,       0.000000,       0.000000,       0.000000,      -1.276954,       0.000000,      18.609483,       0.791452,       0.000000,       0.000000,       0.000000,       6.906869,       6.906869,       6.906869,11647855064920.951000,-3132369141225.650400,-2273242208639.004400,-4522520045140.585900,      85.160827,       0.372994
2011-11-21 24:00:00,    7897.816804,       0.000000,       0.000000,       0.000000,      -0.818108,       0.000000,      18.608449,       0.791408,       0.000000,       0.000000,       0.000000,       6.726389,       6.726389,       6.726389,12052284896180.273000,-2006818658677.783000,-1936034615866.123000,-8036831958208.771500,      88.125369,       0.372978
2011-11-22 24:00:00,    7896.628242,       0.000000,       0.000000,       0.000000,      -1.145373,       0.000000,      18.607002,       0.791347,       0.000000,       0.000000,       0.000000,       6.539319,       6.539319,       6.539319,6828404981923.137700,-2809600993071.557600,-2855136264363.762700,-3956201456630.506800,      49.931539,       0.372956
2011-11-23 24:00:00,    7895.751736,       0.000000,       0.000000,       0.000000,      -0.844592,       0.000000,      18.605935,       0.791301,       0.000000,       0.000000,       0.000000,       6.401381,       6.401381,       6.401381,11673859577884.123000,-2071783971080.154100,-1706934510299.222200,-6608650425401.174800,      85.369734,       0.372940
2011-11-24 24:00:00,    7894.711428,       0.000000,       0.000000,       0.000000,      -1.002372,       0.000000,      18.604668,       0.791247,       0.000000,       0.000000,       0.000000,       6.271663,       6.271663,       6.271663,11621004596406.920000,-2458817990772.877900,-1275395870288.089100,-6357807272610.145500,      84.988085,       0.372921
2011-11-25 24:00:00,    7894.490038,       0.000000,       0.000000,       0.000000,      -0.213302,       0.000000,      18.604398,       0.791236,       0.000000,       0.000000,       0.000000,       6.338121,       6.338121,       6.338121,11271496611929.643000,-523229569901.996700,1950676405483.740500,-4851797935921.969700,      82.437635,       0.372917
2011-11-26 24:00:00,    7899.417534,       0.000000,       0.000000,       0.000000,       0.000000,       4.747416,      18.610398,       0.791491,       0.000000,       0.000000,       0.000000,       6.487229,       6.487229,       6.487229,3385585447308.068400,       0.000000,2109538102274.014900,1067185459841.288100,      24.761903,       0.373007
2011-11-27 24:00:00,    7897.487449,       0.000000,       0.000000,       0.000000,      -1.860148,       0.000000,      18.608048,       0.791391,       0.000000,       0.000000,       0.000000,       6.339856,       6.339856,       6.339856,8514272337465.369100,-4562943364909.146500,-2404894726059.259800,-2181893968231.674600,      62.252634,       0.372972
2011-11-28 24:00:00,    7896.480364,       0.000000,       0.000000,       0.000000,      -0.970470,       0.000000,      18.606822,       0.791339,       0.000000,       0.000000,       0.000000,       6.157748,       6.157748,       6.157748,11253801010357.758000,-2380563417688.795900,-2104727081438.485600,-7158831847552.079100,      82.293261,       0.372953
2011-11-29 24:00:00,    7856.597881,       0.000000,       0.000000,       0.000000,      -2.306360,       0.000000,      18.558049,       0.789265,       0.050000,       0.000000,       0.000000,       6.719782,      -0.281784,      -0.281784,11411269105789.816000,-5657502111488.842800,-4776950782280.627900,-8247260391297.477500,      68.502150,       0.393902
2011-11-30 24:00:00,    7843.077727,       0.000000,       0.000000,       0.000000,       0.000000,       0.000000,      18.541504,       0.788561,       0.068040,       0.000000,       0.000000,       7.140471,       0.240653,       0.240653,8589529547397.663100,       0.000000,       0.000000,       0.000000,      62.980038,       0.393902
2011-12-01 24:00:00,    7840.006453,       0.000000,       0.000000,       0.000000,       0.000000,       0.000000,      18.537745,       0.788401,       0.072138,       0.000000,       0.000000,       7.404973,       0.392390,       0.392390,5472821562098.406200,       0.000000,       0.000000,       0.000000,      40.163560,       0.393902
2011-12-02 24:00:00,    7831.870912,       0.000000,       0.000000,       0.000000,       0.000000,       0.000000,      18.527789,       0.787978,       0.082994,       0.000000,       0.000000,       6.060108,       6.060108,       6.060108,6646884284087.411100,       0.000000,       0.000000,       0.000000,      29.701567,       0.371762
2011-12-03 24:00:00,    7852.214585,       0.000000,       0.000000,       0.000000,       0.000000,       0.000000,      18.552685,       0.789037,       0.055846,       0.006000,       0.000000,       5.894767,       5.894767,       5.894767,1773546243732.002200,       0.000000,       0.000000,       0.000000,      13.025211,       0.372137
2011-12-04 24:00:00,    7906.233632,       0.000000,       0.000000,       0.000000,       0.000000,       0.000000,      18.618698,       0.791844,       0.000000,       0.000000,       0.000000,       5.738944,       5.738944,       5.738944,2761774625012.204100,       0.000000,       0.000000,       0.000000,      20.255703,       0.373133
2011-12-05 24:00:00,    7904.948414,       0.000000,       0.000000,       0.000000,      -1.239200,       0.000000,      18.617133,       0.791778,       0.000000,       0.000000,       0.000000,       5.600295,       5.600295,       5.600295,7307523915261.832000,-3039757060428.279300,-2570195304282.142600,-2655939580167.524400,      53.405600,       0.373109
2011-12-06 24:00:00,    7903.656592,       0.000000,       0.000000,       0.000000,      -1.245464,       0.000000,      18.615560,       0.791711,       0.000000,       0.000000,       0.000000,       5.403368,       5.403368,       5.403368,7515472807380.795900,-3055122076228.991700,-3370844427442.730000,-3876064699721.360800,      54.929971,       0.373086
2011-12-07 24:00:00,    7864.300518,       0.000000,       0.000000,       0.000000,      -1.761351,       0.000000,      18.567475,       0.789666,       0.050000,       0.000000,       0.000000,       5.840742,      -0.763561,      -0.763561,8883096049802.789100,-4320594287390.451700,-5715019428840.255900,-7457540789499.686500,      48.789579,       0.394074
2011-12-08 24:00:00,    7852.217106,       0.000000,       0.000000,       0.000000,       0.000000,       0.000000,      18.552688,       0.789037,       0.066122,       0.000000,       0.000000,       6.169080,      -0.127682,      -0.127682,6705334502613.120100,       0.000000,       0.000000,       0.000000,     304.099016,       0.394074
2011-12-09 24:00:00,    7838.712250,       0.000000,       0.000000,       0.000000,       0.000000,       0.000000,      18.536161,       0.788334,       0.084142,       0.000000,       0.000000,       6.495035,       0.239039,       0.239039,6693359456441.937500,       0.000000,       0.000000,       0.000000,      49.091145,       0.394074
2011-12-10 24:00:00,    7822.720743,       0.000000,       0.000000,       0.000000,       0.000000,       0.000000,      18.516592,       0.787502,       0.105480,       0.000000,       0.000000,       6.733898,       0.363240,       0.363240,4963412330960.303700,       0.000000,       0.000000,       0.000000,      36.435641,       0.394074
2011-12-11 24:00:00,    7813.863220,       0.000000,       0.000000,       0.000000,       0.000000,       0.000000,      18.505752,       0.787041,       0.117299,       0.000000,       0.000000,       6.982590,       0.434669,       0.434669,5185452189591.377900,       0.000000,       0.000000,       0.000000,      38.105832,       0.394074
2011-12-12 24:00:00,    7810.947572,       0.000000,       0.000000,       0.000000,       0.000000,       0.000000,      18.502184,       0.786889,       0.121190,       0.002000,       0.000000,       7.087242,       0.339471,       0.339471,2299950519336.193400,       0.000000,       0.000000,       0.000000,      16.911324,       0.394074
2011-12-13 24:00:00,    7814.508597,       0.000000,       0.000000,       0.000000,       0.000000,       0.000000,      18.506542,       0.787074,       0.117092,       0.000000,       0.000000,       7.237391,       0.328252,       0.328252,3231002697047.092800,       0.000000,       0.000000,       0.000000,      23.761847,       0.394074
2011-12-14 24:00:00,    7834.082149,       0.000000,       0.000000,       0.000000,       0.000000,       0.000000,      18.530495,       0.788093,       0.106239,       0.000000,       0.000000,       7.305380,       0.251895,       0.251895,1590298769466.623500,       0.000000,       0.000000,       0.000000,       7.116680,       0.394074
2011-12-15 24:00:00,    7840.335829,       0.000000,       0.000000,       0.000000,       0.000000,       0.000000,      18.538148,       0.788418,       0.097895,       0.000000,       0.000000,       7.465235,       0.300289,       0.300289,3459688263095.850100,       0.000000,       0.000000,       0.000000,      25.404801,       0.394074
2011-12-16 24:00:00,    7829.060091,       0.000000,       0.000000,       0.000000,       0.000000,       0.000000,      18.524349,       0.787832,       0.112941,       0.000000,       0.000000,       5.560390,       5.433868,       5.560390,4902501545344.324200,       0.000000,       0.000000,       0.000000,      13.029790,       0.524349
2011-12-17 24:00:00,    7843.627711,       0.000000,       0.000000,       0.000000,       0.000000,       0.000000,      18.542177,       0.788590,       0.093500,       0.017000,       0.000000,       5.380054,       5.380054,       5.380054,3511479149683.809100,       0.000000,       0.000000,       0.000000,      21.901578,       0.371978
2011-12-18 24:00:00,    7860.914855,       0.000000,       0.000000,       0.000000,       0.000000,       0.000000,      18.563332,       0.789489,       0.070431,       0.000000,       0.000000,       5.262830,       5.262830,       5.262830,3835969665716.825700,       0.000000,       0.000000,       0.000000,      28.150124,       0.372297
2011-12-19 24:00:00,    7869.133153,       0.000000,       0.000000,       0.000000,       0.000000,       0.000000,      18.573389,       0.789917,       0.059464,       0.000000,       0.000000,       5.178539,       5.178539,       5.178539,5983582599420.265600,       0.000000,       0.000000,       0.000000,      43.860261,       0.372449
2011-12-20 24:00:00,    7872.969920,       0.000000,       0.000000,       0.000000,       0.000000,       0.000000,      18.578085,       0.790117,       0.054344,       0.000000,       0.000000,       5.105507,       5.105507,       5.105507,6596376441779.810500,       0.000000,       0.000000,       0.000000,      48.325920,       0.372520
2011-12-21 24:00:00,    7914.053225,       0.000000,       0.000000,       0.000000,       0.000000,       0.000000,      18.628220,       0.792249,       0.000000,       0.000000,       0.000000,       5.002489,       5.002489,       5.002489,4669002868834.071300,       0.000000,       0.000000,       0.000000,      34.197083,       0.373277
