const.lakeid,freq,incr.lakeid,freq,lakeid,freq
1833900,1,2469100,8,1833900,1
2426100,1,11900,10,2469100,8
2454400,3,1006400,12,11900,10
2469100,8,587000,14,1006400,12
11900,10,2346000,15,1010100,16
1006400,12,1010100,16,1606700,17
587000,14,1606700,16,2253400,17
2346000,15,1854400,16,574100,18
1010100,16,692700,17,692600,18
1854400,16,968200,17,968200,18
264100,17,1000100,17,994900,18
692700,17,1835600,17,1014000,18
1606700,17,1854000,17,1448600,18
1835600,17,1867100,17,2092700,18
1854000,17,2253400,17,2451100,18
1867100,17,2451100,17,2935800,18
2253400,17,46800,18,264100,19
2451100,17,187700,18,267200,19
187700,18,262600,18,353200,19
348700,18,348700,18,414900,19
574100,18,489900,18,489700,19
692600,18,692600,18,999700,19
968200,18,990000,18,1004500,19
990000,18,999700,18,1023000,19
994900,18,1007200,18,1835600,19
999700,18,1008700,18,1885300,19
1007200,18,1021600,18,2299200,19
1445400,18,1191600,18,2346000,19
1448600,18,1445400,18,2465100,19
1843100,18,1448600,18,2488300,19
2092700,18,1843100,18,2761400,19
2489000,18,1873100,18,105600,20
2935800,18,1886700,18,278100,20
181900,19,2092700,18,348700,20
267200,19,2348700,18,396700,20
353200,19,2430500,18,590500,20
396700,19,2761400,18,988800,20
414900,19,2935800,18,990000,20
489700,19,105600,19,997300,20
489900,19,181900,19,1021600,20
1000100,19,200300,19,1445100,20
1004500,19,262700,19,1834000,20
1008700,19,267200,19,1839000,20
1021600,19,276500,19,1843100,20
1023000,19,276700,19,1880200,20
1763000,19,278100,19,1886700,20
1839000,19,353200,19,2046900,20
1873100,19,414900,19,2163800,20
1885300,19,1010600,19,2165100,20
1886700,19,1023000,19,2482600,20
2299200,19,1839000,19,2491400,20
2482600,19,1885300,19,46800,21
2488300,19,2046900,19,262600,21
2491400,19,2165100,19,262700,21
2761400,19,2299200,19,262800,21
105600,20,2482600,19,262900,21
262600,20,2489000,19,276500,21
262700,20,2491400,19,276700,21
262800,20,262800,20,426100,21
264300,20,262900,20,486300,21
276500,20,264300,20,997600,21
276700,20,265400,20,1008700,21
278100,20,486300,20,1009900,21
988800,20,493100,20,1018200,21
989500,20,988800,20,1571800,21
997300,20,989500,20,1854000,21
998400,20,993800,20,1867100,21
1005900,20,997300,20,1871900,21
1010600,20,997600,20,1880100,21
1445100,20,998400,20,2046300,21
1834000,20,1005900,20,2298500,21
1838600,20,1013200,20,2306200,21
1847900,20,1016200,20,2489000,21
1861700,20,1445100,20,2623500,21
1880200,20,1763000,20,104600,22
2046900,20,1838600,20,189500,22
2163800,20,1880200,20,198000,22
2165100,20,2163800,20,486400,22
2172600,20,2172600,20,998400,22
2327100,20,2261900,20,998500,22
2465100,20,2465100,20,1005900,22
2472500,20,2472500,20,1854400,22
46800,21,104600,21,1861600,22
104600,21,152200,21,1871300,22
152200,21,198000,21,2172600,22
198000,21,426100,21,2193900,22
262900,21,486400,21,2194600,22
265400,21,490000,21,2691200,22
426100,21,503300,21,2915900,22
486300,21,590500,21,187700,23
486400,21,989200,21,490100,23
503300,21,1466200,21,588100,23
590500,21,1571800,21,988200,23
997600,21,1847900,21,989200,23
1009900,21,1861600,21,1013200,23
1013200,21,1861700,21,1983100,23
1016200,21,1871900,21,2340100,23
1466200,21,1873500,21,2494700,23
1571800,21,1877000,21,56600,24
1861600,21,2053400,21,105800,24
1871300,21,2195300,21,264500,24
1871900,21,2197600,21,591700,24
1873500,21,2298500,21,989500,24
1877000,21,2327100,21,1021800,24
1880100,21,2340100,21,1838600,24
2046300,21,2498000,21,1851900,24
2195300,21,2623500,21,1873100,24
2261900,21,105800,22,2261900,24
2269400,21,182000,22,2754600,24
2298500,21,187300,22,2756700,24
2306200,21,189500,22,2762400,24
2430500,21,264500,22,2770300,24
2498000,21,278600,22,106800,25
2623500,21,588100,22,149000,25
182000,22,1018200,22,258700,25
187300,22,1021800,22,262300,25
189500,22,1606600,22,264300,25
278600,22,1850200,22,585500,25
490100,22,1871300,22,587000,25
588100,22,1983100,22,588200,25
989200,22,2046300,22,590900,25
1018200,22,2081700,22,591600,25
1021800,22,2193900,22,591800,25
1850200,22,2194600,22,652500,25
1875300,22,2195400,22,833200,25
1983100,22,2202600,22,1606600,25
2081700,22,2257600,22,1875200,25
2193900,22,2368500,22,2430500,25
2194600,22,2494700,22,2472500,25
2195400,22,46000,23,2633700,25
2202600,22,56600,23,2766900,25
2340100,22,489700,23,2898500,25
2368500,22,590900,23,103300,26
2756700,22,591700,23,152200,26
2915900,22,777000,23,265400,26
56600,23,988200,23,423400,26
105800,23,995900,23,481700,26
264500,23,1832100,23,489900,26
591700,23,1851900,23,702200,26
988200,23,1875200,23,777000,26
995900,23,1875300,23,1010600,26
1606600,23,2454800,23,1490300,26
1832100,23,2703500,23,1847900,26
1837100,23,2754600,23,1864600,26
1875200,23,2756700,23,2111700,26
2053400,23,2858000,23,2368500,26
2494700,23,104800,24,2475100,26
2691200,23,149000,24,2703500,26
2754600,23,150900,24,2756200,26
2858000,23,192300,24,2762000,26
104800,24,254900,24,46000,27
149000,24,258700,24,102800,27
192300,24,396700,24,278600,27
254900,24,423400,24,325300,27
258700,24,574100,24,503300,27
423400,24,585500,24,639800,27
585500,24,630100,24,675800,27
590900,24,1179400,24,1007200,27
630100,24,1837100,24,1410300,27
777000,24,1846700,24,1466200,27
1179400,24,1882300,24,1564600,27
1833200,24,2111700,24,1832100,27
1844300,24,2461300,24,1837100,27
1851900,24,2470300,24,1850200,27
1864600,24,2484200,24,1861700,27
2111700,24,2691200,24,1982400,27
2462200,24,2762400,24,2450100,27
2734900,24,2770300,24,2462200,27
2762400,24,27500,25,2484600,27
2770300,24,45000,25,2498000,27
2898500,24,106800,25,2502800,27
27500,25,264100,25,2634200,27
45000,25,325300,25,2832300,27
46000,25,490100,25,2832900,27
103300,25,500000,25,2901600,27
588200,25,591800,25,27500,28
591600,25,643800,25,104800,28
591800,25,652500,25,398600,28
652500,25,1000000,25,424200,28
833200,25,1833200,25,523500,28
1000000,25,1844300,25,581400,28
1882300,25,1864600,25,587400,28
2484200,25,2176200,25,630100,28
2484400,25,2475700,25,643800,28
2633700,25,2484400,25,692700,28
2766900,25,2633700,25,702800,28
103400,26,2734900,25,780300,28
106800,26,2766900,25,830300,28
299300,26,2773200,25,995900,28
418000,26,64200,26,1841900,28
424200,26,103400,26,1873500,28
466800,26,105200,26,2462400,28
481700,26,190200,26,2475900,28
500000,26,199700,26,2489800,28
523100,26,271100,26,2700200,28
585700,26,299300,26,2709400,28
639800,26,418000,26,2757000,28
643800,26,424200,26,2841200,28
780300,26,466800,26,2894200,28
822200,26,481700,26,8900,29
1490300,26,523100,26,9700,29
2461600,26,585700,26,45000,29
2703500,26,591300,26,177500,29
2755400,26,639800,26,199700,29
2756200,26,780300,26,240900,29
2773200,26,822200,26,254900,29
2901600,26,1021100,26,702500,29
42800,27,1490300,26,703300,29
64200,27,2436600,26,1000000,29
102800,27,2450100,26,1000100,29
105200,27,2461600,26,1016200,29
179100,27,2462200,26,1845400,29
199700,27,2755400,26,1877000,29
325300,27,2762000,26,1878200,29
607500,27,2901600,26,2080000,29
702200,27,42800,27,2235200,29
702800,27,102800,27,2426100,29
1410300,27,179100,27,2467100,29
1592700,27,675800,27,2485600,29
1605200,27,702200,27,2599000,29
1982400,27,743800,27,2691900,29
2045600,27,833200,27,2917900,29
2450100,27,994900,27,44600,30
2484600,27,1008200,27,102600,30
2599000,27,1009900,27,148100,30
2757000,27,1592700,27,181900,30
2832300,27,1834000,27,186400,30
2894200,27,1835000,27,299300,30
2908500,27,1880100,27,417700,30
2909000,27,2206200,27,837300,30
8900,28,2462400,27,856800,30
187500,28,2474400,27,980900,30
379300,28,2475100,27,994700,30
398600,28,2484600,27,1013500,30
417700,28,2599000,27,1015200,30
523500,28,2673200,27,1306000,30
587400,28,2832300,27,1441100,30
1841900,28,2832900,27,1660100,30
1844100,28,2894200,27,1667400,30
1847000,28,2898500,27,1753300,30
2474400,28,2908500,27,1760000,30
2475100,28,2909000,27,1861400,30
2475900,28,8900,28,2054200,30
2489800,28,103300,28,2072600,30
2502800,28,106600,28,2088000,30
2634200,28,187500,28,2189200,30
2700200,28,329600,28,2259400,30
2762000,28,417700,28,2332700,30
2832900,28,498900,28,2454400,30
2841200,28,523500,28,2465600,30
9700,29,581400,28,2501300,30
186400,29,740600,28,2615400,30
420600,29,1015200,28,2646500,30
446700,29,1246500,28,2728700,30
447100,29,1834500,28,2743600,30
490000,29,1838800,28,2755400,30
498900,29,1841900,28,2838000,30
522400,29,1845400,28,105200,31
581400,29,1982400,28,108000,31
702500,29,2045600,28,117500,31
703300,29,2271100,28,166700,31
1015200,29,2467100,28,179100,31
1564400,29,2475900,28,182900,31
1834500,29,2488300,28,192400,31
1845400,29,2502800,28,193100,31
2080000,29,2634200,28,195400,31
2271100,29,2646500,28,263900,31
2467100,29,2700200,28,265100,31
2485600,29,2757000,28,294900,31
2755800,29,2841200,28,297100,31
2761000,29,2935600,28,305500,31
2895700,29,9700,29,379300,31
102600,30,189400,29,418000,31
148100,30,420600,29,421200,31
155300,30,446700,29,458700,31
173500,30,447100,29,462300,31
195100,30,703300,29,500000,31
588000,30,775800,29,515000,31
830300,30,794200,29,523100,31
837300,30,994700,29,585100,31
980900,30,1833900,29,588000,31
993800,30,1847000,29,607500,31
994700,30,1878200,29,741700,31
1003000,30,2059800,29,751400,31
1306000,30,2080000,29,767400,31
1441100,30,2341200,29,822200,31
1660100,30,2428900,29,1003000,31
1667400,30,2485600,29,1179400,31
1667800,30,2728700,29,1275500,31
1718500,30,2755800,29,1283700,31
1753300,30,2761000,29,1285800,31
1842900,30,2763600,29,1286100,31
1861400,30,102900,30,1564400,31
2054200,30,155300,30,1583000,31
2189200,30,173500,30,1594000,31
2235200,30,240900,30,1620500,31
2465600,30,515000,30,1630600,31
2469000,30,522400,30,1718500,31
2480100,30,587900,30,1763000,31
2501300,30,591600,30,1764400,31
2615400,30,837300,30,1800500,31
2763600,30,1004500,30,1827300,31
2832200,30,1306000,30,1832200,31
2838000,30,1564400,30,1847000,31
36200,31,1667400,30,1851400,31
44600,31,1842900,30,1881500,31
108000,31,1844100,30,1887500,31
117500,31,1861400,30,2045000,31
161900,31,1867600,30,2045600,31
166700,31,2054200,30,2081700,31
177500,31,2237300,30,2195300,31
182900,31,2259400,30,2202600,31
192400,31,2269400,30,2263400,31
195400,31,2465600,30,2266900,31
240900,31,2469000,30,2269400,31
255300,31,2489800,30,2300900,31
258600,31,2501300,30,2338100,31
263900,31,2615400,30,2340900,31
294900,31,2832200,30,2341200,31
305500,31,2880300,30,2351800,31
408000,31,2934000,30,2470100,31
426700,31,36200,31,2481500,31
462300,31,117500,31,2486200,31
515000,31,148100,31,2489300,31
585100,31,182900,31,2501000,31
741700,31,192400,31,2600300,31
751400,31,195100,31,2635900,31
767400,31,255300,31,2664100,31
802000,31,258600,31,2743500,31
977100,31,294900,31,2773200,31
1583000,31,296300,31,2908500,31
1594000,31,297100,31,2922200,31
1620500,31,305500,31,36200,32
1630600,31,408000,31,42800,32
1711500,31,420400,31,64200,32
1713200,31,426700,31,103400,32
1766600,31,458700,31,107400,32
1800500,31,585100,31,182000,32
1833100,31,741700,31,182400,32
1851400,31,751400,31,187400,32
1878800,31,767400,31,192300,32
1881500,31,977100,31,195100,32
1887500,31,1023100,31,251600,32
2045000,31,1441100,31,253800,32
2059800,31,1504600,31,258600,32
2259400,31,1583000,31,267800,32
2332700,31,1620500,31,277800,32
2340900,31,1630600,31,281900,32
2351800,31,1660100,31,420600,32
2470100,31,1667800,31,426700,32
2481500,31,1711500,31,446700,32
2486200,31,1718500,31,466800,32
2489300,31,1753300,31,479700,32
2501000,31,1827300,31,497000,32
2502200,31,1878800,31,498900,32
2635900,31,2045000,31,523000,32
2646500,31,2054600,31,608800,32
2728900,31,2263400,31,706000,32
2743500,31,2406900,31,706100,32
2899700,31,2470100,31,776800,32
2917900,31,2473300,31,813100,32
2938000,31,2481500,31,894900,32
2956700,31,2488200,31,930700,32
45100,32,2489300,31,969600,32
107400,32,2502200,31,1010200,32
155570,32,2756200,31,1017800,32
182400,32,2771500,31,1023100,32
187400,32,2838000,31,1178200,32
188700,32,2899700,31,1246300,32
193100,32,2917900,31,1289700,32
200300,32,2956700,31,1322400,32
251600,32,44600,32,1335500,32
253800,32,45100,32,1410400,32
265500,32,102600,32,1518700,32
267800,32,107400,32,1574300,32
277800,32,155570,32,1593200,32
281900,32,166700,32,1701800,32
297100,32,171000,32,1711500,32
421800,32,177500,32,1712800,32
426400,32,188700,32,1713200,32
427900,32,190100,32,1766600,32
458700,32,192900,32,1773300,32
478200,32,193100,32,1782700,32
608800,32,200100,32,1833100,32
691800,32,251600,32,1833200,32
776800,32,253800,32,1843700,32
778400,32,265500,32,1844100,32
862200,32,267800,32,1844300,32
930700,32,281900,32,1847800,32
969600,32,379300,32,1848100,32
979200,32,421800,32,1856100,32
1013500,32,427900,32,1864800,32
1023100,32,583700,32,1871700,32
1178200,32,627200,32,1887400,32
1275500,32,740400,32,2053400,32
1283700,32,741600,32,2054600,32
1285800,32,776800,32,2195400,32
1289700,32,778400,32,2246500,32
1322400,32,802000,32,2249000,32
1326600,32,810700,32,2256800,32
1335500,32,813100,32,2299300,32
1518700,32,830300,32,2302400,32
1526600,32,886000,32,2309000,32
1574300,32,930700,32,2322200,32
1593200,32,969600,32,2327100,32
1712800,32,1013500,32,2343600,32
1773300,32,1016800,32,2389700,32
1827300,32,1178200,32,2406900,32
1832200,32,1275500,32,2424600,32
1833000,32,1283700,32,2426600,32
1839100,32,1285800,32,2448700,32
1847800,32,1289700,32,2448800,32
1849500,32,1518700,32,2453900,32
1856100,32,1526600,32,2466500,32
2054600,32,1574300,32,2480200,32
2072600,32,1593200,32,2495200,32
2139000,32,1594000,32,2553000,32
2206300,32,1678200,32,2606300,32
2249000,32,1712800,32,2607400,32
2256800,32,1800500,32,2616000,32
2266900,32,1832200,32,2674000,32
2270000,32,1833000,32,2677400,32
2300900,32,1833100,32,2707300,32
2302400,32,1847800,32,2717100,32
2327300,32,1856100,32,2728900,32
2338100,32,1864800,32,2747700,32
2343600,32,1881500,32,2748000,32
2389700,32,2072600,32,2754900,32
2406900,32,2249000,32,2755800,32
2448700,32,2256800,32,2758500,32
2448800,32,2300900,32,2764000,32
2468800,32,2302400,32,2832200,32
2480200,32,2327300,32,2866000,32
2495200,32,2332700,32,2895700,32
2553000,32,2340900,32,2904300,32
2566400,32,2343600,32,2909000,32
2606300,32,2378200,32,2916200,32
2616000,32,2389700,32,2928400,32
2664100,32,2426100,32,2934000,32
2674000,32,2448800,32,2936400,32
2707300,32,2454400,32,2938000,32
2717100,32,2459400,32,8300,33
2743600,32,2468300,32,10000,33
2747700,32,2480100,32,10300,33
2754900,32,2480200,32,10500,33
2758500,32,2486200,32,14400,33
2771500,32,2566400,32,19900,33
2866000,32,2606300,32,25300,33
2936400,32,2616000,32,38700,33
2936800,32,2635900,32,43300,33
10300,33,2707300,32,45100,33
10500,33,2717100,32,60800,33
14400,33,2728900,32,61200,33
19900,33,2743500,32,64000,33
25300,33,2743600,32,68600,33
38700,33,2747700,32,77600,33
43300,33,2754900,32,101300,33
58900,33,2758500,32,104300,33
60800,33,2866000,32,106500,33
61200,33,2936400,32,146100,33
64000,33,2938000,32,147600,33
68600,33,8300,33,149800,33
77600,33,10000,33,152700,33
79800,33,10300,33,155300,33
82900,33,10500,33,155570,33
103900,33,14400,33,158600,33
104300,33,19900,33,161900,33
117400,33,25300,33,168000,33
146100,33,37800,33,178700,33
152700,33,38700,33,181500,33
168000,33,43300,33,181700,33
171000,33,46700,33,184300,33
181700,33,58900,33,189400,33
186700,33,60800,33,195000,33
192900,33,61200,33,195900,33
195000,33,64000,33,197700,33
195900,33,67200,33,241100,33
197700,33,68600,33,255300,33
273800,33,77600,33,256100,33
276900,33,79800,33,265500,33
277600,33,82900,33,273800,33
283800,33,104300,33,276900,33
302300,33,117400,33,283800,33
312600,33,146100,33,302300,33
373500,33,168000,33,312600,33
390600,33,182400,33,328100,33
395900,33,184000,33,329600,33
397100,33,186400,33,395900,33
421200,33,186700,33,397100,33
421600,33,187400,33,408000,33
425300,33,194000,33,421800,33
459900,33,195000,33,426400,33
466400,33,195900,33,427900,33
479700,33,197700,33,459900,33
480100,33,256100,33,461300,33
497000,33,263900,33,466400,33
502200,33,265600,33,478200,33
504300,33,273800,33,480100,33
523000,33,277800,33,494800,33
523300,33,283800,33,502200,33
633800,33,302300,33,523300,33
635100,33,325400,33,585700,33
652200,33,395900,33,586100,33
655300,33,421200,33,613300,33
659000,33,421600,33,622600,33
663800,33,426400,33,622800,33
706100,33,440100,33,630800,33
759000,33,459900,33,633800,33
780400,33,461300,33,635100,33
804000,33,462300,33,652200,33
805400,33,478200,33,655300,33
808700,33,479300,33,659000,33
809600,33,479700,33,663800,33
810700,33,480100,33,691800,33
838300,33,502200,33,703500,33
839100,33,504300,33,717400,33
854100,33,523000,33,740600,33
854900,33,557100,33,775900,33
855200,33,588200,33,778400,33
856800,33,613300,33,780400,33
884700,33,633800,33,804000,33
886000,33,655300,33,805400,33
894900,33,659000,33,808700,33
985000,33,663800,33,809600,33
993300,33,691800,33,810700,33
995300,33,702500,33,830700,33
1000800,33,706100,33,838300,33
1001000,33,737900,33,854100,33
1005700,33,759000,33,854900,33
1008900,33,780400,33,855200,33
1009500,33,804000,33,884700,33
1010200,33,805400,33,886000,33
1016800,33,808700,33,985900,33
1017800,33,809600,33,987100,33
1019800,33,838300,33,1000800,33
1219400,33,839100,33,1001000,33
1246300,33,848800,33,1006500,33
1249000,33,854100,33,1008900,33
1258100,33,854900,33,1016800,33
1278700,33,855200,33,1018300,33
1286100,33,856800,33,1176400,33
1332200,33,884700,33,1191600,33
1332700,33,894900,33,1219400,33
1336200,33,983600,33,1249000,33
1402300,33,991200,33,1269100,33
1410400,33,993300,33,1278700,33
1415100,33,995300,33,1301300,33
1482400,33,1001000,33,1326600,33
1506200,33,1003000,33,1330200,33
1513000,33,1009500,33,1332200,33
1514700,33,1010200,33,1332700,33
1518800,33,1017800,33,1336200,33
1529500,33,1019800,33,1403600,33
1533200,33,1219400,33,1408800,33
1540400,33,1246300,33,1415100,33
1558200,33,1278700,33,1445400,33
1558400,33,1286100,33,1445600,33
1587600,33,1322400,33,1487800,33
1591000,33,1326600,33,1504600,33
1612500,33,1332700,33,1513000,33
1621800,33,1336200,33,1526600,33
1623400,33,1389800,33,1529500,33
1641400,33,1403600,33,1533200,33
1642400,33,1410400,33,1558200,33
1649400,33,1415100,33,1558400,33
1666000,33,1506200,33,1587600,33
1670030,33,1513000,33,1591000,33
1678200,33,1514700,33,1593100,33
1701400,33,1518800,33,1605200,33
1701800,33,1529500,33,1612500,33
1707400,33,1533200,33,1623700,33
1714900,33,1540400,33,1642400,33
1717300,33,1557000,33,1649400,33
1717700,33,1577100,33,1666000,33
1736200,33,1587600,33,1670030,33
1757200,33,1590000,33,1678200,33
1763900,33,1591000,33,1701400,33
1764400,33,1612500,33,1707400,33
1782700,33,1621000,33,1714900,33
1820900,33,1626200,33,1717300,33
1825100,33,1628450,33,1717700,33
1835700,33,1649400,33,1736200,33
1840400,33,1670030,33,1757200,33
1840800,33,1701400,33,1820900,33
1843500,33,1701800,33,1825100,33
1843700,33,1707400,33,1834500,33
1845600,33,1713200,33,1835700,33
1848100,33,1714900,33,1838500,33
1856400,33,1717300,33,1839100,33
1859100,33,1717700,33,1842300,33
1859600,33,1736200,33,1842900,33
1861100,33,1763900,33,1843500,33
1862100,33,1764400,33,1843900,33
1864800,33,1766600,33,1849500,33
1871700,33,1773300,33,1855900,33
1880700,33,1782700,33,1856700,33
1884000,33,1820900,33,1857400,33
1884200,33,1825100,33,1861100,33
1887400,33,1835700,33,1862100,33
2046600,33,1839100,33,1867600,33
2071700,33,1840800,33,1875300,33
2088000,33,1843700,33,1878800,33
2096700,33,1848100,33,1882300,33
2097100,33,1849500,33,1884000,33
2099800,33,1852300,33,2046600,33
2125400,33,1859600,33,2055200,33
2197600,33,1861100,33,2071700,33
2201000,33,1862100,33,2096700,33
2243200,33,1871700,33,2097100,33
2243800,33,1871800,33,2099800,33
2246500,33,1882800,33,2125400,33
2252200,33,1884000,33,2135600,33
2254800,33,1884200,33,2139000,33
2261700,33,1887400,33,2147200,33
2264200,33,2046600,33,2152100,33
2266800,33,2055200,33,2176200,33
2267200,33,2071700,33,2206300,33
2290100,33,2088000,33,2237300,33
2303200,33,2097100,33,2238100,33
2310400,33,2099800,33,2243200,33
2310800,33,2109300,33,2243500,33
2311100,33,2125400,33,2243800,33
2313600,33,2139000,33,2252200,33
2314100,33,2151000,33,2254800,33
2316600,33,2152100,33,2261700,33
2322200,33,2189200,33,2265100,33
2327200,33,2201000,33,2270000,33
2327500,33,2206300,33,2271100,33
2328800,33,2238100,33,2290100,33
2329000,33,2243200,33,2299900,33
2329300,33,2243800,33,2303200,33
2330800,33,2246500,33,2306300,33
2331300,33,2252200,33,2325200,33
2335300,33,2254800,33,2326700,33
2339900,33,2266900,33,2327200,33
2340500,33,2270000,33,2327300,33
2343200,33,2297000,33,2328700,33
2344000,33,2303200,33,2334700,33
2350500,33,2306200,33,2340700,33
2351400,33,2314100,33,2350500,33
2352500,33,2322200,33,2351400,33
2378200,33,2327200,33,2352500,33
2389400,33,2328800,33,2378200,33
2390500,33,2329800,33,2390500,33
2395900,33,2330800,33,2392000,33
2403200,33,2331300,33,2394100,33
2405900,33,2332400,33,2403200,33
2416900,33,2334400,33,2405900,33
2420400,33,2336800,33,2410400,33
2424600,33,2338100,33,2416900,33
2426600,33,2350500,33,2420400,33
2433100,33,2351400,33,2428900,33
2435900,33,2352500,33,2433100,33
2449300,33,2389400,33,2435700,33
2465700,33,2393200,33,2436500,33
2466300,33,2403200,33,2449300,33
2472300,33,2405900,33,2465700,33
2475000,33,2416900,33,2465800,33
2486300,33,2420400,33,2466300,33
2488600,33,2426600,33,2468800,33
2490600,33,2433100,33,2469000,33
2492800,33,2436000,33,2472300,33
2495600,33,2448700,33,2474400,33
2496300,33,2465700,33,2475000,33
2497400,33,2466300,33,2482400,33
2502000,33,2475000,33,2485700,33
2533000,33,2492800,33,2486300,33
2600300,33,2495200,33,2488600,33
2600800,33,2496300,33,2490600,33
2623800,33,2497400,33,2492800,33
2624000,33,2500500,33,2495600,33
2629300,33,2533000,33,2496300,33
2642000,33,2553000,33,2497400,33
2677400,33,2600300,33,2502000,33
2691800,33,2624000,33,2533000,33
2726000,33,2629300,33,2566400,33
2748000,33,2664100,33,2600800,33
2764000,33,2680300,33,2619100,33
2764300,33,2691800,33,2623800,33
2765900,33,2726000,33,2624000,33
2768900,33,2748000,33,2629300,33
2876000,33,2764300,33,2642000,33
2904300,33,2768900,33,2668200,33
2916200,33,2876000,33,2668600,33
2928400,33,2895700,33,2671200,33
2953100,33,2904300,33,2677900,33
2954800,33,2916200,33,2679200,33
200,34,2928400,33,2680300,33
400,34,2953800,33,2691800,33
6100,34,2959700,33,2726000,33
7100,34,2962400,33,2761000,33
8000,34,2963800,33,2761800,33
16600,34,2964400,33,2762100,33
25100,34,200,34,2764300,33
25600,34,400,34,2764400,33
28100,34,6100,34,2765900,33
28300,34,7100,34,2768100,33
29700,34,8000,34,2857700,33
30300,34,16600,34,2876000,33
32500,34,25100,34,2915800,33
36700,34,25600,34,2936800,33
37800,34,28100,34,2944800,33
37900,34,28300,34,2953400,33
38200,34,29700,34,2961600,33
40900,34,30300,34,200,34
42200,34,32500,34,400,34
42400,34,36700,34,6100,34
43700,34,37900,34,7100,34
43900,34,38200,34,8000,34
45200,34,38500,34,16600,34
46600,34,40900,34,25100,34
46700,34,42200,34,25600,34
56200,34,42400,34,28100,34
58000,34,43700,34,28300,34
59300,34,45200,34,29700,34
60500,34,46600,34,30300,34
63700,34,56200,34,32500,34
66800,34,58000,34,36700,34
67200,34,59300,34,37800,34
67400,34,60500,34,37900,34
68100,34,63700,34,38200,34
68300,34,66800,34,38500,34
77300,34,67400,34,40900,34
77500,34,68100,34,42200,34
81200,34,68300,34,42400,34
84600,34,77300,34,43700,34
85400,34,77500,34,43900,34
87900,34,81200,34,45200,34
93300,34,84600,34,46600,34
93500,34,85400,34,46700,34
94200,34,87900,34,56200,34
94300,34,93300,34,58000,34
94700,34,93500,34,59300,34
95700,34,94200,34,60500,34
97700,34,94300,34,63700,34
98600,34,94700,34,66800,34
100000,34,95700,34,67200,34
101300,34,97700,34,67400,34
102000,34,98600,34,68100,34
102900,34,100000,34,68300,34
103600,34,101300,34,77300,34
104000,34,102000,34,77500,34
104200,34,103600,34,81200,34
104700,34,104000,34,82900,34
106500,34,104200,34,84600,34
106600,34,104700,34,85400,34
106900,34,106500,34,87900,34
107500,34,106900,34,93300,34
107700,34,107500,34,93500,34
107900,34,107700,34,94200,34
108200,34,107900,34,94300,34
117000,34,108200,34,94700,34
117100,34,117000,34,95700,34
117600,34,117100,34,97700,34
117800,34,117600,34,98600,34
129800,34,117800,34,100000,34
131100,34,129800,34,102000,34
138000,34,131100,34,102900,34
139300,34,138000,34,103600,34
139500,34,139300,34,104000,34
139900,34,139500,34,104200,34
146500,34,139900,34,104700,34
147600,34,146500,34,106600,34
149800,34,147600,34,106900,34
150900,34,149800,34,107500,34
151500,34,151500,34,107700,34
157300,34,152700,34,107900,34
158600,34,157300,34,108200,34
158700,34,158600,34,117000,34
159900,34,158700,34,117100,34
160600,34,159900,34,117400,34
161600,34,160600,34,117600,34
162500,34,161600,34,117800,34
163970,34,161900,34,129800,34
164300,34,162500,34,131100,34
165700,34,163970,34,138000,34
167000,34,164300,34,139300,34
168300,34,165700,34,139500,34
168400,34,167000,34,139900,34
168800,34,168300,34,141400,34
175700,34,168400,34,146500,34
178000,34,168800,34,150900,34
178700,34,173300,34,151500,34
179800,34,175700,34,157300,34
180000,34,178000,34,158700,34
180300,34,178700,34,159900,34
181400,34,179800,34,160600,34
181500,34,180000,34,161600,34
182100,34,180300,34,162500,34
182200,34,181400,34,163970,34
182300,34,181500,34,164300,34
183000,34,181700,34,165700,34
184000,34,182100,34,167000,34
184100,34,182200,34,168300,34
184200,34,182300,34,168400,34
184300,34,183000,34,168800,34
189400,34,184100,34,171000,34
189600,34,184200,34,173300,34
189800,34,184300,34,173500,34
190100,34,189600,34,175700,34
190200,34,189800,34,178000,34
190500,34,190500,34,179800,34
191100,34,191100,34,180000,34
191400,34,191400,34,180300,34
192500,34,192500,34,181400,34
193800,34,193800,34,182100,34
194000,34,195400,34,182200,34
196100,34,196100,34,182300,34
196700,34,196700,34,183000,34
197300,34,197300,34,184000,34
198100,34,198100,34,184100,34
198800,34,198800,34,184200,34
198900,34,198900,34,186700,34
200100,34,241100,34,187300,34
241100,34,242800,34,188700,34
242800,34,244800,34,189600,34
244800,34,245800,34,189800,34
245800,34,246500,34,190100,34
246500,34,246900,34,190200,34
246900,34,247700,34,190500,34
247700,34,250000,34,191100,34
250000,34,255000,34,191400,34
255000,34,257700,34,192500,34
257700,34,259600,34,192900,34
259600,34,261200,34,193800,34
261200,34,262300,34,194000,34
262300,34,262400,34,196100,34
262400,34,264700,34,196700,34
264700,34,264800,34,197300,34
264800,34,264900,34,198100,34
264900,34,265000,34,198800,34
265000,34,265100,34,198900,34
265100,34,265300,34,200100,34
265300,34,265700,34,200300,34
265600,34,270200,34,242800,34
265700,34,272000,34,244800,34
270200,34,272900,34,245800,34
272000,34,276900,34,246500,34
272900,34,277600,34,246900,34
278800,34,278800,34,247700,34
279400,34,279400,34,250000,34
279700,34,279700,34,255000,34
280400,34,280400,34,257700,34
282800,34,282800,34,259600,34
283600,34,283600,34,261200,34
284300,34,284300,34,262400,34
287200,34,287200,34,264700,34
289400,34,289400,34,264800,34
293300,34,293300,34,264900,34
294500,34,294500,34,265000,34
296100,34,296100,34,265300,34
296300,34,299100,34,265600,34
299100,34,299200,34,265700,34
299200,34,310100,34,270200,34
310100,34,310500,34,272000,34
310500,34,312600,34,272900,34
315600,34,315600,34,277600,34
322800,34,322800,34,278800,34
323700,34,323700,34,279400,34
323800,34,323800,34,279700,34
324000,34,324000,34,280400,34
325400,34,326400,34,282800,34
326400,34,327800,34,283600,34
327800,34,328100,34,284300,34
328100,34,329900,34,287200,34
329600,34,336400,34,289400,34
329900,34,337600,34,293300,34
336400,34,339600,34,294500,34
339600,34,345100,34,296100,34
345100,34,365500,34,296300,34
365500,34,373500,34,299100,34
376600,34,376600,34,299200,34
376900,34,376900,34,310100,34
377900,34,377900,34,310500,34
378400,34,378400,34,315600,34
378900,34,378900,34,322800,34
387200,34,387200,34,323700,34
388100,34,388100,34,323800,34
388500,34,388500,34,324000,34
389300,34,389300,34,325400,34
389700,34,389700,34,326400,34
392100,34,390600,34,327800,34
394400,34,392100,34,329900,34
396500,34,394400,34,336400,34
399200,34,396500,34,337600,34
406400,34,397100,34,339600,34
406900,34,399200,34,345100,34
415000,34,406400,34,365500,34
417300,34,406900,34,373500,34
417400,34,415000,34,376600,34
417900,34,417300,34,376900,34
418300,34,417400,34,377900,34
418700,34,417900,34,378400,34
420400,34,418300,34,378900,34
422900,34,418700,34,387200,34
424700,34,422900,34,388100,34
425600,34,424700,34,388500,34
426200,34,425300,34,389300,34
427300,34,425600,34,389700,34
427500,34,426200,34,390600,34
428100,34,427300,34,392100,34
439500,34,427500,34,394400,34
439800,34,428100,34,396500,34
440100,34,439500,34,399200,34
443500,34,439800,34,406400,34
446600,34,443500,34,406900,34
447000,34,446600,34,415000,34
448200,34,447000,34,417300,34
449300,34,448200,34,417400,34
451000,34,449300,34,417900,34
454200,34,451000,34,418300,34
455400,34,454200,34,418700,34
456765,34,455300,34,420400,34
461300,34,455400,34,421600,34
462000,34,456765,34,422900,34
462520,34,462000,34,424700,34
465000,34,462520,34,425300,34
465600,34,465000,34,425600,34
466700,34,465600,34,426200,34
466900,34,466400,34,427300,34
467100,34,466700,34,428100,34
470600,34,466900,34,439500,34
470900,34,467100,34,439800,34
471200,34,470600,34,440100,34
474900,34,470900,34,443500,34
479300,34,471200,34,446600,34
487500,34,474900,34,447000,34
491800,34,487500,34,447100,34
493100,34,491800,34,448200,34
494200,34,494200,34,449300,34
494800,34,496300,34,451000,34
496300,34,497000,34,454200,34
498800,34,498800,34,455300,34
499000,34,499000,34,455400,34
499200,34,499200,34,456765,34
499800,34,499800,34,462000,34
500200,34,500200,34,462520,34
501200,34,501200,34,465000,34
501900,34,501900,34,465600,34
502300,34,502300,34,466700,34
503200,34,503200,34,466900,34
504200,34,504200,34,467100,34
515100,34,515100,34,470600,34
516800,34,516800,34,470900,34
518300,34,518300,34,471200,34
519500,34,519500,34,474900,34
521400,34,521400,34,479300,34
524700,34,523300,34,487500,34
525900,34,524700,34,490000,34
528500,34,525900,34,491800,34
530400,34,528500,34,493100,34
530500,34,530400,34,494200,34
531300,34,530500,34,496300,34
533300,34,531300,34,498800,34
533600,34,533300,34,499000,34
533800,34,533600,34,499200,34
540600,34,533800,34,499800,34
545400,34,540600,34,500200,34
548700,34,545400,34,501200,34
549400,34,548700,34,501900,34
552100,34,549400,34,502300,34
555200,34,552100,34,503200,34
555700,34,555200,34,504200,34
556900,34,555700,34,504300,34
557100,34,556900,34,515100,34
565500,34,565500,34,516800,34
583700,34,586100,34,518300,34
586100,34,587400,34,519500,34
587800,34,587800,34,521400,34
587900,34,588000,34,522400,34
589400,34,589400,34,524700,34
591300,34,592200,34,525900,34
592200,34,608400,34,528500,34
608400,34,609200,34,530400,34
609200,34,609400,34,530500,34
609400,34,610700,34,531300,34
610700,34,614200,34,533300,34
614200,34,617000,34,533600,34
617000,34,617300,34,533800,34
617300,34,617900,34,540600,34
617900,34,619800,34,545400,34
619800,34,622600,34,548700,34
622600,34,622800,34,549400,34
622800,34,632800,34,552100,34
627200,34,634500,34,555200,34
630800,34,635100,34,555700,34
632800,34,637800,34,556900,34
634500,34,642100,34,557100,34
637800,34,647300,34,565500,34
642100,34,647500,34,583700,34
647300,34,650000,34,587800,34
647500,34,650200,34,587900,34
650000,34,650500,34,589400,34
650200,34,651300,34,591300,34
650500,34,651600,34,592200,34
651300,34,652200,34,608400,34
651600,34,653700,34,609200,34
653700,34,672000,34,609400,34
672000,34,672300,34,610700,34
672300,34,672900,34,614200,34
672900,34,677100,34,617000,34
677100,34,677400,34,617300,34
677400,34,679300,34,617900,34
679300,34,679900,34,619800,34
679900,34,683000,34,627200,34
683000,34,692400,34,632800,34
692400,34,692900,34,634500,34
692900,34,701900,34,637800,34
701900,34,702400,34,642100,34
702400,34,702600,34,647300,34
702600,34,702700,34,647500,34
702700,34,702800,34,650000,34
703000,34,703000,34,650200,34
703500,34,703500,34,650500,34
704200,34,704200,34,651300,34
706000,34,706000,34,651600,34
716800,34,716800,34,653700,34
717400,34,717400,34,672000,34
728100,34,728100,34,672300,34
734700,34,734700,34,672900,34
735100,34,735100,34,677100,34
737900,34,738200,34,677400,34
738200,34,738400,34,679300,34
738400,34,739100,34,679900,34
739100,34,740000,34,683000,34
740000,34,740700,34,692400,34
740400,34,740800,34,692900,34
740700,34,740900,34,701900,34
740800,34,741200,34,702400,34
740900,34,741500,34,702600,34
741200,34,741800,34,702700,34
741500,34,742800,34,703000,34
741600,34,743000,34,704200,34
741800,34,743600,34,716800,34
742800,34,743900,34,728100,34
743000,34,744200,34,734700,34
743600,34,746000,34,735100,34
743800,34,746300,34,737900,34
743900,34,746500,34,738200,34
744200,34,747100,34,738400,34
746000,34,747300,34,739100,34
746300,34,747900,34,740000,34
746500,34,748800,34,740400,34
747100,34,750300,34,740700,34
747300,34,750800,34,740800,34
747900,34,751100,34,740900,34
748800,34,753800,34,741200,34
750300,34,755600,34,741500,34
750800,34,755700,34,741600,34
751100,34,755800,34,741800,34
753800,34,757900,34,742800,34
755600,34,758300,34,743000,34
755700,34,759800,34,743600,34
755800,34,760900,34,743800,34
757900,34,761100,34,743900,34
758300,34,761300,34,744200,34
759800,34,761700,34,746000,34
760900,34,762400,34,746300,34
761100,34,762700,34,746500,34
761300,34,763200,34,747100,34
761700,34,763500,34,747300,34
762400,34,763600,34,747900,34
762700,34,765800,34,748800,34
763200,34,766000,34,750300,34
763500,34,766600,34,750800,34
763600,34,768600,34,751100,34
765800,34,768800,34,753800,34
766000,34,772000,34,755600,34
766600,34,774200,34,755700,34
768600,34,774400,34,755800,34
768800,34,775000,34,757900,34
772000,34,775200,34,758300,34
774200,34,775900,34,759800,34
774400,34,776600,34,760900,34
775000,34,777500,34,761100,34
775200,34,778100,34,761300,34
775800,34,778300,34,761700,34
775900,34,778700,34,762400,34
776600,34,779200,34,762700,34
777500,34,779300,34,763200,34
778100,34,779500,34,763500,34
778300,34,779800,34,763600,34
778700,34,793600,34,765800,34
779200,34,795100,34,766000,34
779300,34,799200,34,766600,34
779500,34,802600,34,768600,34
779800,34,803400,34,768800,34
793600,34,803700,34,772000,34
794200,34,804600,34,774200,34
795100,34,805000,34,774400,34
799200,34,809800,34,775000,34
802600,34,815200,34,775200,34
803400,34,816000,34,775800,34
803700,34,816600,34,776600,34
804600,34,816800,34,777500,34
805000,34,818700,34,778100,34
809800,34,819800,34,778300,34
813100,34,820800,34,778700,34
815200,34,821000,34,779200,34
816000,34,824400,34,779300,34
816600,34,825000,34,779500,34
816800,34,826300,34,779800,34
818700,34,826400,34,793600,34
819800,34,826800,34,794200,34
820800,34,827000,34,795100,34
821000,34,827100,34,799200,34
824400,34,827300,34,802600,34
825000,34,827500,34,803400,34
826300,34,828000,34,803700,34
826400,34,828600,34,804600,34
826800,34,830700,34,805000,34
827000,34,830800,34,809800,34
827100,34,835100,34,815200,34
827300,34,835800,34,816000,34
827500,34,837100,34,816600,34
828000,34,843400,34,816800,34
828600,34,849400,34,818700,34
830700,34,849600,34,819800,34
830800,34,850300,34,820800,34
835100,34,850800,34,821000,34
835800,34,852400,34,824400,34
837100,34,853200,34,825000,34
843400,34,854300,34,826300,34
848800,34,857900,34,826400,34
849400,34,858300,34,826800,34
849600,34,859900,34,827000,34
850300,34,861900,34,827100,34
850800,34,862200,34,827300,34
852400,34,873900,34,827500,34
853200,34,879400,34,828000,34
854300,34,903700,34,828600,34
857900,34,967200,34,830800,34
858300,34,967900,34,835100,34
859900,34,968100,34,835800,34
861900,34,968800,34,837100,34
873900,34,969300,34,843400,34
879400,34,970000,34,848800,34
903700,34,971600,34,849400,34
967200,34,972000,34,849600,34
967900,34,972100,34,850300,34
968100,34,973000,34,850800,34
968800,34,974200,34,852400,34
969300,34,975000,34,853200,34
970000,34,977500,34,854300,34
971600,34,977600,34,857900,34
972000,34,978900,34,858300,34
972100,34,979000,34,859900,34
973000,34,979100,34,861900,34
974200,34,979200,34,862200,34
975000,34,979300,34,873900,34
977500,34,980900,34,879400,34
977600,34,981200,34,903700,34
978900,34,981500,34,967200,34
979000,34,982400,34,967900,34
979100,34,983500,34,968100,34
979300,34,985000,34,968800,34
981200,34,985100,34,969300,34
981500,34,985300,34,970000,34
982400,34,985900,34,971600,34
983500,34,986000,34,972000,34
983600,34,986600,34,972100,34
985100,34,987100,34,973000,34
985300,34,988000,34,974200,34
985900,34,990100,34,975000,34
986000,34,990700,34,977100,34
986600,34,991700,34,977500,34
987100,34,992400,34,977600,34
988000,34,994800,34,978900,34
990100,34,995000,34,979000,34
990700,34,995200,34,979100,34
991200,34,996100,34,979200,34
991700,34,998500,34,979300,34
992400,34,1000400,34,981200,34
994800,34,1000700,34,981500,34
995000,34,1000800,34,982400,34
995200,34,1000900,34,983500,34
996100,34,1001300,34,983600,34
998500,34,1001400,34,985000,34
1000400,34,1002300,34,985100,34
1000700,34,1002400,34,985300,34
1000900,34,1003100,34,986000,34
1001300,34,1004600,34,986600,34
1001400,34,1005400,34,988000,34
1002300,34,1005600,34,990100,34
1002400,34,1005700,34,990700,34
1003100,34,1005800,34,991200,34
1004600,34,1006500,34,991700,34
1005400,34,1008900,34,992400,34
1005600,34,1009100,34,993300,34
1005800,34,1009400,34,993800,34
1008200,34,1010800,34,994800,34
1009100,34,1012000,34,995000,34
1009400,34,1012100,34,995200,34
1010800,34,1013000,34,995300,34
1012000,34,1013800,34,996100,34
1012100,34,1014000,34,1000400,34
1013000,34,1014300,34,1000700,34
1013800,34,1015100,34,1000900,34
1014000,34,1017400,34,1001300,34
1014300,34,1018300,34,1001400,34
1015100,34,1018500,34,1002300,34
1017400,34,1018900,34,1002400,34
1018300,34,1019500,34,1003100,34
1018500,34,1020300,34,1004600,34
1018900,34,1022900,34,1005400,34
1019500,34,1176400,34,1005600,34
1020300,34,1176500,34,1005700,34
1021100,34,1176700,34,1005800,34
1022900,34,1177400,34,1008200,34
1176400,34,1177600,34,1009100,34
1176500,34,1178000,34,1009400,34
1176700,34,1178600,34,1009500,34
1177400,34,1239400,34,1010800,34
1177600,34,1242400,34,1012000,34
1178000,34,1245800,34,1012100,34
1178600,34,1249000,34,1013000,34
1191600,34,1256500,34,1013800,34
1239400,34,1258100,34,1014300,34
1242400,34,1260600,34,1015100,34
1245800,34,1267400,34,1017400,34
1246500,34,1269100,34,1018500,34
1256500,34,1280400,34,1018900,34
1260600,34,1286500,34,1019500,34
1267400,34,1295400,34,1019800,34
1269100,34,1296000,34,1020300,34
1280400,34,1301300,34,1021100,34
1286500,34,1304600,34,1022900,34
1295400,34,1315000,34,1176500,34
1296000,34,1330200,34,1176700,34
1301300,34,1332200,34,1177400,34
1304600,34,1333900,34,1177600,34
1315000,34,1335500,34,1178000,34
1330200,34,1342100,34,1178600,34
1333900,34,1343600,34,1239400,34
1342100,34,1345700,34,1242400,34
1343600,34,1352000,34,1245800,34
1345700,34,1369900,34,1246500,34
1352000,34,1374300,34,1256500,34
1369900,34,1374800,34,1258100,34
1374300,34,1377100,34,1260600,34
1374800,34,1377700,34,1267400,34
1377100,34,1377900,34,1280400,34
1377700,34,1378100,34,1286500,34
1377900,34,1391200,34,1295400,34
1378100,34,1396200,34,1296000,34
1389800,34,1396900,34,1304600,34
1391200,34,1402300,34,1315000,34
1396200,34,1403200,34,1333900,34
1396900,34,1405200,34,1342100,34
1403200,34,1406300,34,1343600,34
1403600,34,1407000,34,1345700,34
1405200,34,1408800,34,1352000,34
1406300,34,1409400,34,1369900,34
1407000,34,1412200,34,1374300,34
1408800,34,1427400,34,1374800,34
1409400,34,1434900,34,1377100,34
1412200,34,1437500,34,1377700,34
1427400,34,1437800,34,1377900,34
1434900,34,1445500,34,1378100,34
1437500,34,1445600,34,1389800,34
1437800,34,1447200,34,1391200,34
1445500,34,1451700,34,1396200,34
1445600,34,1467100,34,1396900,34
1447200,34,1467800,34,1402300,34
1451700,34,1469100,34,1403200,34
1467100,34,1481600,34,1405200,34
1467800,34,1482400,34,1406300,34
1469100,34,1483200,34,1407000,34
1481600,34,1487800,34,1409400,34
1483200,34,1488400,34,1412200,34
1487800,34,1502400,34,1427400,34
1488400,34,1503000,34,1434900,34
1502400,34,1506800,34,1437500,34
1503000,34,1513800,34,1437800,34
1504600,34,1515200,34,1445500,34
1506800,34,1515400,34,1447200,34
1513800,34,1516000,34,1451700,34
1515200,34,1516400,34,1467100,34
1515400,34,1516500,34,1467800,34
1516000,34,1516800,34,1469100,34
1516400,34,1517200,34,1481600,34
1516500,34,1517900,34,1482400,34
1516800,34,1518200,34,1483200,34
1517200,34,1519600,34,1488400,34
1517900,34,1520900,34,1502400,34
1518200,34,1522400,34,1503000,34
1519600,34,1522900,34,1506200,34
1520900,34,1523000,34,1506800,34
1522400,34,1523500,34,1513800,34
1522900,34,1523600,34,1514700,34
1523000,34,1527800,34,1515200,34
1523500,34,1528300,34,1515400,34
1523600,34,1528700,34,1516000,34
1527800,34,1534800,34,1516400,34
1528300,34,1535000,34,1516500,34
1528700,34,1536300,34,1516800,34
1534800,34,1537100,34,1517200,34
1535000,34,1537800,34,1518200,34
1536300,34,1538600,34,1518800,34
1537100,34,1538900,34,1519600,34
1537800,34,1539600,34,1520900,34
1538600,34,1539700,34,1522400,34
1538900,34,1540300,34,1522900,34
1539600,34,1541100,34,1523000,34
1539700,34,1541300,34,1523500,34
1540300,34,1541500,34,1523600,34
1541100,34,1542300,34,1527800,34
1541300,34,1542400,34,1528300,34
1541500,34,1542600,34,1528700,34
1542300,34,1542700,34,1534800,34
1542400,34,1543300,34,1535000,34
1542600,34,1543900,34,1536300,34
1542700,34,1544700,34,1537100,34
1543300,34,1544800,34,1537800,34
1543900,34,1545300,34,1538600,34
1544700,34,1545600,34,1538900,34
1544800,34,1547700,34,1539600,34
1545300,34,1555400,34,1539700,34
1545600,34,1555500,34,1540300,34
1547700,34,1555900,34,1540400,34
1555400,34,1558200,34,1541100,34
1555500,34,1558400,34,1541300,34
1555900,34,1559200,34,1541500,34
1557000,34,1560400,34,1542300,34
1559200,34,1564200,34,1542400,34
1560400,34,1564600,34,1542600,34
1564200,34,1566300,34,1542700,34
1564600,34,1569600,34,1543300,34
1566300,34,1569900,34,1543900,34
1569600,34,1571100,34,1544700,34
1569900,34,1571300,34,1544800,34
1571100,34,1572000,34,1545300,34
1571300,34,1572200,34,1545600,34
1572000,34,1572300,34,1547700,34
1572200,34,1572500,34,1555400,34
1572300,34,1573800,34,1555500,34
1572500,34,1575100,34,1555900,34
1573800,34,1575700,34,1557000,34
1575100,34,1577000,34,1559200,34
1575700,34,1579700,34,1560400,34
1577000,34,1579900,34,1564200,34
1577100,34,1580100,34,1566300,34
1579700,34,1580200,34,1569600,34
1579900,34,1580300,34,1569900,34
1580100,34,1580400,34,1571100,34
1580200,34,1580500,34,1571300,34
1580300,34,1581700,34,1572000,34
1580400,34,1583500,34,1572200,34
1580500,34,1586600,34,1572300,34
1581700,34,1586800,34,1572500,34
1583500,34,1587400,34,1573800,34
1586600,34,1588000,34,1575100,34
1586800,34,1588200,34,1575700,34
1587400,34,1589100,34,1577000,34
1588000,34,1589300,34,1577100,34
1588200,34,1589600,34,1579700,34
1589100,34,1590400,34,1579900,34
1589300,34,1591100,34,1580100,34
1589600,34,1592000,34,1580200,34
1590000,34,1592400,34,1580300,34
1590400,34,1593100,34,1580400,34
1591100,34,1593400,34,1580500,34
1592000,34,1593800,34,1581700,34
1592400,34,1595300,34,1583500,34
1593100,34,1595600,34,1586600,34
1593400,34,1595800,34,1586800,34
1593800,34,1596300,34,1587400,34
1595300,34,1596600,34,1588000,34
1595600,34,1596900,34,1588200,34
1595800,34,1597000,34,1589100,34
1596300,34,1597600,34,1589300,34
1596600,34,1597800,34,1589600,34
1596900,34,1598000,34,1590000,34
1597000,34,1598900,34,1590400,34
1597600,34,1599400,34,1591100,34
1597800,34,1599600,34,1592000,34
1598000,34,1599800,34,1592400,34
1598900,34,1599900,34,1593400,34
1599400,34,1600000,34,1593800,34
1599600,34,1600100,34,1595300,34
1599800,34,1600200,34,1595600,34
1599900,34,1600300,34,1595800,34
1600000,34,1601300,34,1596300,34
1600100,34,1602300,34,1596600,34
1600200,34,1602600,34,1596900,34
1600300,34,1603600,34,1597000,34
1601300,34,1603700,34,1597600,34
1602300,34,1603800,34,1597800,34
1602600,34,1604200,34,1598000,34
1603600,34,1605600,34,1598900,34
1603700,34,1605800,34,1599400,34
1603800,34,1606200,34,1599600,34
1604200,34,1609000,34,1599800,34
1605600,34,1609100,34,1599900,34
1605800,34,1609600,34,1600000,34
1606200,34,1609900,34,1600100,34
1609000,34,1610300,34,1600200,34
1609100,34,1610400,34,1600300,34
1609600,34,1610500,34,1601300,34
1609900,34,1610600,34,1602300,34
1610300,34,1610700,34,1602600,34
1610400,34,1610800,34,1603600,34
1610500,34,1611100,34,1603700,34
1610600,34,1611700,34,1603800,34
1610700,34,1611800,34,1604200,34
1610800,34,1612000,34,1605600,34
1611100,34,1612100,34,1605800,34
1611700,34,1612200,34,1606200,34
1611800,34,1612300,34,1609000,34
1612000,34,1612900,34,1609100,34
1612100,34,1613000,34,1609600,34
1612200,34,1613500,34,1609900,34
1612300,34,1614300,34,1610300,34
1612900,34,1615900,34,1610400,34
1613000,34,1618100,34,1610500,34
1613500,34,1619100,34,1610600,34
1614300,34,1619700,34,1610700,34
1615900,34,1621800,34,1610800,34
1618100,34,1623400,34,1611100,34
1619100,34,1623700,34,1611700,34
1619700,34,1623800,34,1611800,34
1621000,34,1629500,34,1612000,34
1623700,34,1630100,34,1612100,34
1623800,34,1630700,34,1612200,34
1626200,34,1631900,34,1612300,34
1628450,34,1641400,34,1612900,34
1629500,34,1642400,34,1613000,34
1630100,34,1653500,34,1613500,34
1630700,34,1666000,34,1614300,34
1631900,34,1704100,34,1615900,34
1653500,34,1722000,34,1618100,34
1704100,34,1727700,34,1619100,34
1722000,34,1753500,34,1619700,34
1727700,34,1757200,34,1621000,34
1753500,34,1760000,34,1621800,34
1760000,34,1762700,34,1623400,34
1762700,34,1764000,34,1623800,34
1764000,34,1764500,34,1626200,34
1764500,34,1831700,34,1628450,34
1831700,34,1832800,34,1629500,34
1832800,34,1833300,34,1630100,34
1833300,34,1835100,34,1630700,34
1835000,34,1835200,34,1631900,34
1835100,34,1835300,34,1641400,34
1835200,34,1835500,34,1653500,34
1835300,34,1836700,34,1667800,34
1835500,34,1837200,34,1704100,34
1836700,34,1837700,34,1722000,34
1837200,34,1838500,34,1727700,34
1837700,34,1840100,34,1753500,34
1838500,34,1840400,34,1762700,34
1838800,34,1841300,34,1763900,34
1840100,34,1842300,34,1764000,34
1841300,34,1842400,34,1764500,34
1842300,34,1842500,34,1831700,34
1842400,34,1843500,34,1832800,34
1842500,34,1843900,34,1833000,34
1843900,34,1844000,34,1833300,34
1844000,34,1844700,34,1835000,34
1844700,34,1845600,34,1835100,34
1846700,34,1847500,34,1835200,34
1847500,34,1848400,34,1835300,34
1848400,34,1848900,34,1835500,34
1848900,34,1849100,34,1836700,34
1849100,34,1852000,34,1837200,34
1852000,34,1855100,34,1837700,34
1852300,34,1855600,34,1838800,34
1855100,34,1855800,34,1840100,34
1855600,34,1855900,34,1840400,34
1855800,34,1856400,34,1840800,34
1855900,34,1856700,34,1841300,34
1856700,34,1857300,34,1842400,34
1857300,34,1857400,34,1842500,34
1857400,34,1858200,34,1844000,34
1858200,34,1859100,34,1844700,34
1859400,34,1859400,34,1845600,34
1861900,34,1861900,34,1846700,34
1862200,34,1862200,34,1847500,34
1862400,34,1862400,34,1848400,34
1863000,34,1863000,34,1848900,34
1864000,34,1864000,34,1849100,34
1864200,34,1864200,34,1852000,34
1865200,34,1865200,34,1852300,34
1865400,34,1865400,34,1855100,34
1866100,34,1866100,34,1855600,34
1866400,34,1866400,34,1855800,34
1866600,34,1866600,34,1856400,34
1866700,34,1866700,34,1857300,34
1867000,34,1867000,34,1858200,34
1868900,34,1868900,34,1859100,34
1870100,34,1870100,34,1859400,34
1870200,34,1870200,34,1859600,34
1871800,34,1872100,34,1861900,34
1872100,34,1872400,34,1862200,34
1872400,34,1872500,34,1862400,34
1872500,34,1873600,34,1863000,34
1873600,34,1874400,34,1864000,34
1874400,34,1875900,34,1864200,34
1875900,34,1878400,34,1865200,34
1878400,34,1879300,34,1865400,34
1879300,34,1880600,34,1866100,34
1880600,34,1880700,34,1866400,34
1881100,34,1881100,34,1866600,34
1881900,34,1881900,34,1866700,34
1882000,34,1882000,34,1867000,34
1882400,34,1882400,34,1868900,34
1882500,34,1882500,34,1870100,34
1882800,34,1882900,34,1870200,34
1882900,34,1883900,34,1871800,34
1883900,34,1884100,34,1872100,34
1884100,34,1884800,34,1872400,34
1884800,34,1885700,34,1872500,34
1885700,34,1886000,34,1873600,34
1886000,34,1887500,34,1874400,34
1942600,34,1942600,34,1875900,34
1982700,34,1982700,34,1878400,34
2043500,34,2043500,34,1879300,34
2044800,34,2044800,34,1880600,34
2046500,34,2046500,34,1880700,34
2046700,34,2046700,34,1881100,34
2046800,34,2046800,34,1881900,34
2055200,34,2056600,34,1882000,34
2056600,34,2065900,34,1882400,34
2065900,34,2068000,34,1882500,34
2068000,34,2079000,34,1882800,34
2079000,34,2079100,34,1882900,34
2079100,34,2079700,34,1883900,34
2079700,34,2079800,34,1884100,34
2079800,34,2081200,34,1884200,34
2081200,34,2089500,34,1884800,34
2089500,34,2090900,34,1885700,34
2090900,34,2092500,34,1886000,34
2092500,34,2094000,34,1942600,34
2094000,34,2094100,34,1982700,34
2094100,34,2094300,34,2043500,34
2094300,34,2094600,34,2044800,34
2094600,34,2096700,34,2046500,34
2098000,34,2098000,34,2046700,34
2098200,34,2098200,34,2046800,34
2098800,34,2098800,34,2056600,34
2099900,34,2099900,34,2059800,34
2100300,34,2100300,34,2065900,34
2100800,34,2100800,34,2068000,34
2103200,34,2103200,34,2079000,34
2103900,34,2103900,34,2079100,34
2104100,34,2104100,34,2079700,34
2104300,34,2104300,34,2079800,34
2104500,34,2104500,34,2081200,34
2105100,34,2105100,34,2089500,34
2106200,34,2106200,34,2090900,34
2106800,34,2106800,34,2092500,34
2107100,34,2107100,34,2094000,34
2107500,34,2107500,34,2094100,34
2107600,34,2107600,34,2094300,34
2107700,34,2107700,34,2094600,34
2109100,34,2109100,34,2098000,34
2109300,34,2109600,34,2098200,34
2109600,34,2109800,34,2098800,34
2109800,34,2112800,34,2099900,34
2112800,34,2113000,34,2100300,34
2113000,34,2113300,34,2100800,34
2113300,34,2114300,34,2103200,34
2114300,34,2121000,34,2103900,34
2121000,34,2128100,34,2104100,34
2128100,34,2133200,34,2104300,34
2133200,34,2135600,34,2104500,34
2135600,34,2143900,34,2105100,34
2143900,34,2147200,34,2106200,34
2147200,34,2149900,34,2106800,34
2149900,34,2150200,34,2107100,34
2150200,34,2152600,34,2107500,34
2151000,34,2152800,34,2107600,34
2152100,34,2157000,34,2107700,34
2152600,34,2157900,34,2109100,34
2152800,34,2160700,34,2109300,34
2157000,34,2166100,34,2109600,34
2157900,34,2169200,34,2109800,34
2160700,34,2171000,34,2112800,34
2166100,34,2171200,34,2113000,34
2169200,34,2171600,34,2113300,34
2171000,34,2173900,34,2114300,34
2171200,34,2174700,34,2121000,34
2171600,34,2178400,34,2128100,34
2173900,34,2181400,34,2133200,34
2174700,34,2184900,34,2143900,34
2176200,34,2193300,34,2149900,34
2178400,34,2200400,34,2150200,34
2181400,34,2201400,34,2151000,34
2184900,34,2204000,34,2152600,34
2193300,34,2204100,34,2152800,34
2200400,34,2210900,34,2157000,34
2201400,34,2211300,34,2157900,34
2204000,34,2217000,34,2160700,34
2204100,34,2227500,34,2166100,34
2206200,34,2228700,34,2169200,34
2210900,34,2229200,34,2171000,34
2211300,34,2230100,34,2171200,34
2217000,34,2234600,34,2171600,34
2227500,34,2234900,34,2173900,34
2228700,34,2236800,34,2174700,34
2229200,34,2237500,34,2178400,34
2230100,34,2239100,34,2181400,34
2234600,34,2239300,34,2184900,34
2234900,34,2239400,34,2193300,34
2236800,34,2240000,34,2197600,34
2237300,34,2240100,34,2200400,34
2237500,34,2242500,34,2201000,34
2238100,34,2244200,34,2201400,34
2239100,34,2245100,34,2204000,34
2239300,34,2260900,34,2204100,34
2239400,34,2261700,34,2206200,34
2240000,34,2264000,34,2210900,34
2240100,34,2264200,34,2211300,34
2242500,34,2265100,34,2217000,34
2244200,34,2265900,34,2227500,34
2245100,34,2266100,34,2228700,34
2257600,34,2266800,34,2229200,34
2260900,34,2267000,34,2230100,34
2264000,34,2267100,34,2234600,34
2265100,34,2267200,34,2234900,34
2265900,34,2267800,34,2236800,34
2266100,34,2268100,34,2237500,34
2267000,34,2268200,34,2239100,34
2267100,34,2268300,34,2239300,34
2267800,34,2268500,34,2239400,34
2268100,34,2268600,34,2240000,34
2268200,34,2269000,34,2240100,34
2268300,34,2269600,34,2242500,34
2268500,34,2269900,34,2244200,34
2268600,34,2271600,34,2245100,34
2269000,34,2272000,34,2257600,34
2269600,34,2272600,34,2260900,34
2269900,34,2275100,34,2264000,34
2271600,34,2275300,34,2264200,34
2272000,34,2277200,34,2265900,34
2272600,34,2277600,34,2266800,34
2275100,34,2279400,34,2267000,34
2275300,34,2279800,34,2267100,34
2277200,34,2282000,34,2267200,34
2277600,34,2282200,34,2267800,34
2279400,34,2283300,34,2268100,34
2279800,34,2284000,34,2268200,34
2282000,34,2286900,34,2268300,34
2282200,34,2288900,34,2268500,34
2283300,34,2290100,34,2268600,34
2284000,34,2290500,34,2269000,34
2286900,34,2294500,34,2269600,34
2288900,34,2294900,34,2269900,34
2290500,34,2295200,34,2271600,34
2294500,34,2296500,34,2272000,34
2294900,34,2297800,34,2272600,34
2295200,34,2298300,34,2275100,34
2296500,34,2298600,34,2275300,34
2297000,34,2298800,34,2277200,34
2297800,34,2299300,34,2277600,34
2298300,34,2299900,34,2279400,34
2298600,34,2300600,34,2279800,34
2298800,34,2301800,34,2282000,34
2299300,34,2302300,34,2282200,34
2299900,34,2303500,34,2283300,34
2300600,34,2306300,34,2284000,34
2301800,34,2307300,34,2286900,34
2302300,34,2307600,34,2288900,34
2303500,34,2308000,34,2290500,34
2306300,34,2309000,34,2294500,34
2307300,34,2309100,34,2294900,34
2307600,34,2309700,34,2295200,34
2308000,34,2310200,34,2296500,34
2309000,34,2310400,34,2297000,34
2309100,34,2310800,34,2297800,34
2309700,34,2311100,34,2298300,34
2310200,34,2311700,34,2298600,34
2311700,34,2312100,34,2298800,34
2312100,34,2313100,34,2300600,34
2313100,34,2313600,34,2301800,34
2316100,34,2316100,34,2302300,34
2318500,34,2316600,34,2303500,34
2320500,34,2318500,34,2307300,34
2320800,34,2320500,34,2307600,34
2321100,34,2320800,34,2308000,34
2321400,34,2321100,34,2309100,34
2322300,34,2321400,34,2309700,34
2322500,34,2322300,34,2310200,34
2322800,34,2322500,34,2310400,34
2323000,34,2322800,34,2310800,34
2323800,34,2323000,34,2311100,34
2324000,34,2323800,34,2311700,34
2325200,34,2324000,34,2312100,34
2326700,34,2325200,34,2313100,34
2328700,34,2326700,34,2313600,34
2328900,34,2327500,34,2314100,34
2329400,34,2328700,34,2316100,34
2329600,34,2328900,34,2316600,34
2329800,34,2329000,34,2318500,34
2330300,34,2329300,34,2320500,34
2331600,34,2329400,34,2320800,34
2332000,34,2329600,34,2321100,34
2332300,34,2330300,34,2321400,34
2332400,34,2331600,34,2322300,34
2334300,34,2332000,34,2322500,34
2334400,34,2332300,34,2322800,34
2334700,34,2334300,34,2323000,34
2334900,34,2334700,34,2323800,34
2335500,34,2334900,34,2324000,34
2336100,34,2335300,34,2327500,34
2336700,34,2335500,34,2328800,34
2336800,34,2336100,34,2328900,34
2338300,34,2336700,34,2329000,34
2338800,34,2338300,34,2329300,34
2339100,34,2338800,34,2329400,34
2339800,34,2339100,34,2329600,34
2340700,34,2339800,34,2329800,34
2341200,34,2339900,34,2330300,34
2341500,34,2340500,34,2330800,34
2348700,34,2340700,34,2331300,34
2350200,34,2341500,34,2331600,34
2350400,34,2343200,34,2332000,34
2350600,34,2344000,34,2332300,34
2353600,34,2350200,34,2332400,34
2355300,34,2350400,34,2334300,34
2359700,34,2350600,34,2334400,34
2361900,34,2351800,34,2334900,34
2368700,34,2353600,34,2335300,34
2374600,34,2355300,34,2335500,34
2381100,34,2359700,34,2336100,34
2381800,34,2361900,34,2336700,34
2381900,34,2368700,34,2336800,34
2382300,34,2374600,34,2338300,34
2382700,34,2381100,34,2338800,34
2385100,34,2381800,34,2339100,34
2387200,34,2381900,34,2339800,34
2390800,34,2382300,34,2339900,34
2391200,34,2382700,34,2340500,34
2392000,34,2385100,34,2341500,34
2393200,34,2387200,34,2343200,34
2393500,34,2390500,34,2344000,34
2394100,34,2390800,34,2348700,34
2394600,34,2391200,34,2350200,34
2394700,34,2392000,34,2350400,34
2395100,34,2393500,34,2350600,34
2395500,34,2394100,34,2353600,34
2395600,34,2394600,34,2355300,34
2396800,34,2394700,34,2359700,34
2396900,34,2395100,34,2361900,34
2397400,34,2395500,34,2368700,34
2399700,34,2395600,34,2374600,34
2400000,34,2395900,34,2381100,34
2400600,34,2396800,34,2381800,34
2401100,34,2396900,34,2381900,34
2401300,34,2397400,34,2382300,34
2402100,34,2399700,34,2382700,34
2402200,34,2400000,34,2385100,34
2404800,34,2400600,34,2387200,34
2406500,34,2401100,34,2389400,34
2410400,34,2401300,34,2390800,34
2415800,34,2402100,34,2391200,34
2417000,34,2402200,34,2393200,34
2418600,34,2404800,34,2393500,34
2419000,34,2406500,34,2394600,34
2420000,34,2410400,34,2394700,34
2420100,34,2415800,34,2395100,34
2420600,34,2417000,34,2395500,34
2423000,34,2418600,34,2395600,34
2423900,34,2419000,34,2395900,34
2425700,34,2420000,34,2396800,34
2426400,34,2420100,34,2396900,34
2429000,34,2420600,34,2397400,34
2429300,34,2423000,34,2399700,34
2429600,34,2423900,34,2400000,34
2430300,34,2425700,34,2400600,34
2431300,34,2426400,34,2401100,34
2433600,34,2429000,34,2401300,34
2433800,34,2429300,34,2402100,34
2434700,34,2429600,34,2402200,34
2434800,34,2430300,34,2404800,34
2435000,34,2431300,34,2406500,34
2435700,34,2433600,34,2415800,34
2436000,34,2433800,34,2417000,34
2436400,34,2434700,34,2418600,34
2436500,34,2434800,34,2419000,34
2436600,34,2435000,34,2420000,34
2448000,34,2435700,34,2420100,34
2449400,34,2435900,34,2420600,34
2450500,34,2436400,34,2423000,34
2450800,34,2436500,34,2423900,34
2450900,34,2448000,34,2425700,34
2451200,34,2449300,34,2426400,34
2451300,34,2449400,34,2429000,34
2451700,34,2450500,34,2429300,34
2451900,34,2450800,34,2429600,34
2452300,34,2450900,34,2430300,34
2452400,34,2451200,34,2431300,34
2452600,34,2451300,34,2433600,34
2453300,34,2451700,34,2433800,34
2453400,34,2451900,34,2434700,34
2453500,34,2452300,34,2434800,34
2453900,34,2452400,34,2435000,34
2454500,34,2452600,34,2435900,34
2454700,34,2453300,34,2436000,34
2454800,34,2453400,34,2436400,34
2456100,34,2453500,34,2436600,34
2456500,34,2453900,34,2448000,34
2456600,34,2454500,34,2449400,34
2457400,34,2454700,34,2450500,34
2457600,34,2456100,34,2450800,34
2458100,34,2456500,34,2450900,34
2458300,34,2456600,34,2451200,34
2458800,34,2457400,34,2451300,34
2458900,34,2457600,34,2451700,34
2459100,34,2458100,34,2451900,34
2459200,34,2458300,34,2452300,34
2459400,34,2458800,34,2452400,34
2459500,34,2458900,34,2452600,34
2459700,34,2459100,34,2453300,34
2459800,34,2459200,34,2453400,34
2460000,34,2459500,34,2453500,34
2460700,34,2459700,34,2454500,34
2460900,34,2459800,34,2454700,34
2461100,34,2460000,34,2454800,34
2461200,34,2460700,34,2456100,34
2461300,34,2460900,34,2456500,34
2461500,34,2461100,34,2456600,34
2463100,34,2461200,34,2457400,34
2463300,34,2461500,34,2457600,34
2463500,34,2463100,34,2458100,34
2464400,34,2463300,34,2458300,34
2464500,34,2463500,34,2458800,34
2465800,34,2464400,34,2458900,34
2466400,34,2464500,34,2459100,34
2466500,34,2465800,34,2459200,34
2467200,34,2466400,34,2459400,34
2467700,34,2467200,34,2459500,34
2467900,34,2467700,34,2459700,34
2468000,34,2467900,34,2459800,34
2468300,34,2468000,34,2460000,34
2468900,34,2468900,34,2460700,34
2469300,34,2469300,34,2460900,34
2469800,34,2469800,34,2461100,34
2470000,34,2470000,34,2461200,34
2470300,34,2470600,34,2461300,34
2470600,34,2470800,34,2461500,34
2470800,34,2471600,34,2463100,34
2471600,34,2471700,34,2463300,34
2471700,34,2472300,34,2463500,34
2472900,34,2472900,34,2464400,34
2473300,34,2473500,34,2464500,34
2473500,34,2474800,34,2466400,34
2474800,34,2475300,34,2467200,34
2475300,34,2476000,34,2467700,34
2475700,34,2477100,34,2467900,34
2476000,34,2477300,34,2468000,34
2477100,34,2477700,34,2468300,34
2477300,34,2478200,34,2468900,34
2477700,34,2478600,34,2469300,34
2478200,34,2479000,34,2469800,34
2478600,34,2479800,34,2470000,34
2479000,34,2479900,34,2470300,34
2479800,34,2480800,34,2470600,34
2479900,34,2481600,34,2470800,34
2480800,34,2482400,34,2471600,34
2481600,34,2483100,34,2471700,34
2482400,34,2485000,34,2472900,34
2483100,34,2485400,34,2473300,34
2485000,34,2485700,34,2473500,34
2485400,34,2485900,34,2474800,34
2485700,34,2486100,34,2475300,34
2485900,34,2486300,34,2475700,34
2486100,34,2486500,34,2476000,34
2486500,34,2486600,34,2477100,34
2486600,34,2487100,34,2477300,34
2487100,34,2488100,34,2477700,34
2488100,34,2488600,34,2478200,34
2488200,34,2488700,34,2478600,34
2488700,34,2489100,34,2479000,34
2489100,34,2489200,34,2479800,34
2489200,34,2489400,34,2479900,34
2489400,34,2489700,34,2480100,34
2489700,34,2490400,34,2480800,34
2490400,34,2490500,34,2481600,34
2490500,34,2490600,34,2483100,34
2491000,34,2491000,34,2485000,34
2491100,34,2491100,34,2485400,34
2491500,34,2491500,34,2485900,34
2492100,34,2492100,34,2486100,34
2492600,34,2492600,34,2486500,34
2492900,34,2492900,34,2486600,34
2493100,34,2493100,34,2487100,34
2493700,34,2493700,34,2488100,34
2493900,34,2493900,34,2488200,34
2494400,34,2494400,34,2488700,34
2494500,34,2494500,34,2489100,34
2494900,34,2494900,34,2489200,34
2495000,34,2495000,34,2489400,34
2495100,34,2495100,34,2489700,34
2495300,34,2495300,34,2490400,34
2495400,34,2495400,34,2490500,34
2495900,34,2495600,34,2491000,34
2496100,34,2495900,34,2491100,34
2496900,34,2496100,34,2491500,34
2497000,34,2496900,34,2492100,34
2497100,34,2497000,34,2492600,34
2498600,34,2497100,34,2492900,34
2499000,34,2498600,34,2493100,34
2499500,34,2499000,34,2493700,34
2500100,34,2499500,34,2493900,34
2500500,34,2500100,34,2494400,34
2501700,34,2501000,34,2494500,34
2503500,34,2501700,34,2494900,34
2598500,34,2502000,34,2495000,34
2598600,34,2503500,34,2495100,34
2599400,34,2598500,34,2495300,34
2599800,34,2598600,34,2495400,34
2600400,34,2599400,34,2495900,34
2607100,34,2599800,34,2496100,34
2607400,34,2600400,34,2496900,34
2608800,34,2600800,34,2497000,34
2614600,34,2607100,34,2497100,34
2615100,34,2607400,34,2498600,34
2615900,34,2608800,34,2499000,34
2616100,34,2614600,34,2499500,34
2616200,34,2615100,34,2500100,34
2616400,34,2615900,34,2500500,34
2616900,34,2616100,34,2501700,34
2618000,34,2616200,34,2503500,34
2618100,34,2616400,34,2598500,34
2619100,34,2616900,34,2598600,34
2619400,34,2618000,34,2599400,34
2620000,34,2618100,34,2599800,34
2620600,34,2619100,34,2600400,34
2621100,34,2619400,34,2607100,34
2621600,34,2620000,34,2608800,34
2621900,34,2620600,34,2614600,34
2623900,34,2621100,34,2615100,34
2624200,34,2621600,34,2615900,34
2624600,34,2621900,34,2616100,34
2627000,34,2623800,34,2616200,34
2627300,34,2623900,34,2616400,34
2627400,34,2624200,34,2616900,34
2627800,34,2624600,34,2618000,34
2628100,34,2627000,34,2618100,34
2628600,34,2627300,34,2619400,34
2628800,34,2627400,34,2620000,34
2630100,34,2627800,34,2620600,34
2630200,34,2628100,34,2621100,34
2630700,34,2628600,34,2621600,34
2630800,34,2628800,34,2621900,34
2631200,34,2630100,34,2623900,34
2631600,34,2630200,34,2624200,34
2638100,34,2630700,34,2624600,34
2638400,34,2630800,34,2627000,34
2638700,34,2631200,34,2627300,34
2640100,34,2631600,34,2627400,34
2640500,34,2638100,34,2627800,34
2640700,34,2638400,34,2628100,34
2641000,34,2638700,34,2628600,34
2649500,34,2640100,34,2628800,34
2649800,34,2640500,34,2630100,34
2650300,34,2640700,34,2630200,34
2650900,34,2641000,34,2630700,34
2651800,34,2642000,34,2630800,34
2654500,34,2649500,34,2631200,34
2655300,34,2649800,34,2631600,34
2656200,34,2650300,34,2638100,34
2656400,34,2650900,34,2638400,34
2657200,34,2651800,34,2638700,34
2661100,34,2654500,34,2640100,34
2661600,34,2655300,34,2640500,34
2662400,34,2656200,34,2640700,34
2664500,34,2656400,34,2641000,34
2664900,34,2657200,34,2649500,34
2665900,34,2661100,34,2649800,34
2666400,34,2661600,34,2650300,34
2667300,34,2662400,34,2650900,34
2668100,34,2664500,34,2651800,34
2668200,34,2664900,34,2654500,34
2668600,34,2665900,34,2655300,34
2669300,34,2666400,34,2656200,34
2670600,34,2667300,34,2656400,34
2670700,34,2668100,34,2657200,34
2670900,34,2668200,34,2661100,34
2671000,34,2668600,34,2661600,34
2671100,34,2669300,34,2662400,34
2671200,34,2670600,34,2664500,34
2671400,34,2670700,34,2664900,34
2671900,34,2670900,34,2665900,34
2672100,34,2671000,34,2666400,34
2672500,34,2671100,34,2667300,34
2673000,34,2671200,34,2668100,34
2673200,34,2671400,34,2669300,34
2673500,34,2671900,34,2670600,34
2673600,34,2672100,34,2670700,34
2674100,34,2672500,34,2670900,34
2674200,34,2673000,34,2671000,34
2674500,34,2673500,34,2671100,34
2674800,34,2673600,34,2671400,34
2675000,34,2674000,34,2671900,34
2675200,34,2674100,34,2672100,34
2675700,34,2674200,34,2672500,34
2676000,34,2674500,34,2673000,34
2676800,34,2674800,34,2673200,34
2677200,34,2675000,34,2673500,34
2677700,34,2675200,34,2673600,34
2677900,34,2675700,34,2674100,34
2678100,34,2676000,34,2674200,34
2678300,34,2676800,34,2674500,34
2679200,34,2677200,34,2674800,34
2681600,34,2677400,34,2675000,34
2683200,34,2677700,34,2675200,34
2685000,34,2677900,34,2675700,34
2685200,34,2678100,34,2676000,34
2687500,34,2678300,34,2676800,34
2688800,34,2679200,34,2677200,34
2691500,34,2681600,34,2677700,34
2691900,34,2683200,34,2678100,34
2692200,34,2685000,34,2678300,34
2692900,34,2685200,34,2681600,34
2693100,34,2687500,34,2683200,34
2693700,34,2688800,34,2685000,34
2693800,34,2691500,34,2685200,34
2694000,34,2691900,34,2687500,34
2695800,34,2692200,34,2688800,34
2696300,34,2692900,34,2691500,34
2702100,34,2693100,34,2692200,34
2704200,34,2693700,34,2692900,34
2705000,34,2693800,34,2693100,34
2705700,34,2694000,34,2693700,34
2706300,34,2695800,34,2693800,34
2706500,34,2696300,34,2694000,34
2706800,34,2702100,34,2695800,34
2709100,34,2704200,34,2696300,34
2709400,34,2705000,34,2702100,34
2709800,34,2705700,34,2704200,34
2710300,34,2706300,34,2705000,34
2710800,34,2706500,34,2705700,34
2711800,34,2706800,34,2706300,34
2712000,34,2709100,34,2706500,34
2712800,34,2709400,34,2706800,34
2714200,34,2709800,34,2709100,34
2714500,34,2710300,34,2709800,34
2714700,34,2710800,34,2710300,34
2715900,34,2711800,34,2710800,34
2718500,34,2712000,34,2711800,34
2719400,34,2712800,34,2712000,34
2721600,34,2714200,34,2712800,34
2722400,34,2714500,34,2714200,34
2722800,34,2714700,34,2714500,34
2724900,34,2715900,34,2714700,34
2725500,34,2718500,34,2715900,34
2726100,34,2719400,34,2718500,34
2729700,34,2721600,34,2719400,34
2729800,34,2722400,34,2721600,34
2730400,34,2722800,34,2722400,34
2730800,34,2724900,34,2722800,34
2731800,34,2725500,34,2724900,34
2732200,34,2726100,34,2725500,34
2732600,34,2729700,34,2726100,34
2733600,34,2729800,34,2729700,34
2734000,34,2730400,34,2729800,34
2734100,34,2730800,34,2730400,34
2734200,34,2731800,34,2730800,34
2734500,34,2732200,34,2731800,34
2737800,34,2732600,34,2732200,34
2740300,34,2733600,34,2732600,34
2740900,34,2734000,34,2733600,34
2741600,34,2734100,34,2734000,34
2741700,34,2734200,34,2734100,34
2742100,34,2734500,34,2734200,34
2742500,34,2737800,34,2734500,34
2742700,34,2740300,34,2734900,34
2743200,34,2740900,34,2737800,34
2743300,34,2741600,34,2740300,34
2743700,34,2741700,34,2740900,34
2744300,34,2742100,34,2741600,34
2744500,34,2742500,34,2741700,34
2744700,34,2742700,34,2742100,34
2747300,34,2743200,34,2742500,34
2751000,34,2743300,34,2742700,34
2754200,34,2743700,34,2743200,34
2754300,34,2744300,34,2743300,34
2754400,34,2744500,34,2743700,34
2755100,34,2744700,34,2744300,34
2755200,34,2747300,34,2744500,34
2755600,34,2751000,34,2744700,34
2759600,34,2754200,34,2747300,34
2761800,34,2754300,34,2751000,34
2762100,34,2754400,34,2754200,34
2762200,34,2755100,34,2754300,34
2762700,34,2755200,34,2754400,34
2763300,34,2755600,34,2755100,34
2764400,34,2759600,34,2755200,34
2766200,34,2761800,34,2755600,34
2767100,34,2762100,34,2759600,34
2767200,34,2762200,34,2762200,34
2767300,34,2762700,34,2762700,34
2767800,34,2763300,34,2763300,34
2768100,34,2764000,34,2763600,34
2769200,34,2764400,34,2766200,34
2770700,34,2765900,34,2767100,34
2771200,34,2766200,34,2767200,34
2772200,34,2767100,34,2767300,34
2772800,34,2767200,34,2767800,34
2775700,34,2767300,34,2768900,34
2832400,34,2767800,34,2769200,34
2856400,34,2768100,34,2770700,34
2857700,34,2769200,34,2771200,34
2858100,34,2770700,34,2771500,34
2858300,34,2771200,34,2772200,34
2865000,34,2772200,34,2772800,34
2866200,34,2772800,34,2775700,34
2876200,34,2775700,34,2832400,34
2876600,34,2832400,34,2856400,34
2880300,34,2856400,34,2858100,34
2881200,34,2857700,34,2858300,34
2882200,34,2858100,34,2865000,34
2882300,34,2858300,34,2866200,34
2896600,34,2865000,34,2876200,34
2896900,34,2866200,34,2876600,34
2897100,34,2876200,34,2880300,34
2897300,34,2876600,34,2881200,34
2898200,34,2881200,34,2882200,34
2898400,34,2882200,34,2882300,34
2899200,34,2882300,34,2896600,34
2899400,34,2896600,34,2896900,34
2900200,34,2896900,34,2897100,34
2900500,34,2897100,34,2897300,34
2901100,34,2897300,34,2898200,34
2901700,34,2898200,34,2898400,34
2902600,34,2898400,34,2899200,34
2902800,34,2899200,34,2899400,34
2902900,34,2899400,34,2900200,34
2903100,34,2900200,34,2900500,34
2903200,34,2900500,34,2901100,34
2903400,34,2901100,34,2901700,34
2903600,34,2901700,34,2902600,34
2903700,34,2902600,34,2902800,34
2903800,34,2902800,34,2902900,34
2904000,34,2902900,34,2903100,34
2904900,34,2903100,34,2903200,34
2914800,34,2903200,34,2903400,34
2915800,34,2903400,34,2903600,34
2916700,34,2903600,34,2903700,34
2916900,34,2903700,34,2903800,34
2917200,34,2903800,34,2904000,34
2918200,34,2904000,34,2904900,34
2918600,34,2904900,34,2914800,34
2921100,34,2914800,34,2916700,34
2922200,34,2915800,34,2916900,34
2922700,34,2916700,34,2917200,34
2931100,34,2916900,34,2918200,34
2934800,34,2917200,34,2918600,34
2935300,34,2918200,34,2921100,34
2935500,34,2918600,34,2922700,34
2935600,34,2921100,34,2931100,34
2935700,34,2922200,34,2934800,34
2936200,34,2922700,34,2935300,34
2941100,34,2931100,34,2935500,34
2942300,34,2934800,34,2935600,34
2944800,34,2935300,34,2935700,34
2945500,34,2935500,34,2936200,34
2949200,34,2935700,34,2941100,34
2953000,34,2936200,34,2942300,34
2953400,34,2936800,34,2945500,34
2953500,34,2941100,34,2949200,34
2953800,34,2942300,34,2953000,34
2954500,34,2944800,34,2953100,34
2955900,34,2945500,34,2953500,34
2956500,34,2949200,34,2953800,34
2956800,34,2953000,34,2954500,34
2958500,34,2953100,34,2954800,34
2959300,34,2953400,34,2955900,34
2959700,34,2953500,34,2956500,34
2961600,34,2954500,34,2956800,34
2962400,34,2954800,34,2958500,34
2962900,34,2955900,34,2959300,34
2963800,34,2956500,34,2959700,34
2964000,34,2956800,34,2962400,34
2964100,34,2959300,34,2962900,34
2964400,34,2961600,34,2963800,34
,,2962900,34,2964000,34
,,2964000,34,2964100,34
,,2964100,34,2964400,34
