WBIC	ice.year	doy	ON.OFF	DATE
2106800	1979	337	on	1979-12-03
2339900	1979	332	on	1979-12-04
805400	1979	364	on	1979-12-05
804600	1979	352	on	1979-12-06
1539600	1979	314	on	1979-12-07
805000	1979	336	on	1979-12-08
100000	1979	342	on	1979-12-09
1864700	1979	324	on	1979-12-10
234000	1979	312	on	1979-12-11
2495100	1979	336	on	1979-12-12
2340100	1979	312	on	1979-12-13
2106800	1980	347	on	1979-12-14
146100	1980	-30	on	1979-12-15
315600	1980	330	on	1979-12-16
980900	1980	-9	on	1979-12-17
980900	1980	360	on	1979-12-18
2339900	1980	331	on	1979-12-19
805400	1980	355	on	1979-12-20
804600	1980	355	on	1979-12-21
1869700	1980	331	on	1979-12-22
1539600	1980	316	on	1979-12-23
805000	1980	337	on	1979-12-24
1864700	1980	316	on	1979-12-25
234000	1980	316	on	1979-12-26
2495100	1980	331	on	1979-12-27
2496300	1980	338	on	1979-12-28
2340100	1980	316	on	1979-12-29
2106800	1980	112	off	1979-12-30
968500	1980	114	off	1979-12-31
146100	1980	105	off	1980-01-01
1630100	1980	118	off	1980-01-02
315600	1980	99	off	1980-01-03
980900	1980	103	off	1980-01-04
2339900	1980	113	off	1980-01-05
2607100	1980	98	off	1980-01-06
805400	1980	97	off	1980-01-07
804600	1980	90	off	1980-01-08
1869700	1980	113	off	1980-01-09
1539600	1980	112	off	1980-01-10
805000	1980	93	off	1980-01-11
100000	1980	110	off	1980-01-12
1864700	1980	111	off	1980-01-13
234000	1980	110	off	1980-01-14
1623800	1980	110	off	1980-01-15
830700	1980	96	off	1980-01-16
2495100	1980	112	off	1980-01-17
2496300	1980	113	off	1980-01-18
2340100	1980	110	off	1980-01-19
2106800	1981	344	on	1980-01-20
2332400	1981	340	on	1980-01-21
146100	1981	-9	on	1980-01-22
1835300	1981	345	on	1980-01-23
315600	1981	327	on	1980-01-24
2017500	1981	328	on	1980-01-25
1842400	1981	343	on	1980-01-26
980900	1981	354	on	1980-01-27
805400	1981	363	on	1980-01-28
804600	1981	355	on	1980-01-29
1539600	1981	327	on	1980-01-30
805000	1981	334	on	1980-01-31
100000	1981	344	on	1980-02-01
1864700	1981	317	on	1980-02-02
2495100	1981	345	on	1980-02-03
2496300	1981	346	on	1980-02-04
1881900	1981	345	on	1980-02-05
2014700	1981	322	on	1980-02-06
2014700	1981	353	on	1980-02-07
2106800	1981	101	off	1980-02-08
146100	1981	88	off	1980-02-09
1630100	1981	105	off	1980-02-10
315600	1981	88	off	1980-02-11
980900	1981	83	off	1980-02-12
2339900	1981	103	off	1980-02-13
2607100	1981	86	off	1980-02-14
805400	1981	83	off	1980-02-15
804600	1981	76	off	1980-02-16
1869700	1981	103	off	1980-02-17
1539600	1981	101	off	1980-02-18
805000	1981	74	off	1980-02-19
1864700	1981	100	off	1980-02-20
234000	1981	101	off	1980-02-21
1623800	1981	90	off	1980-02-22
830700	1981	80	off	1980-02-23
2495100	1981	100	off	1980-02-24
2496300	1981	102	off	1980-02-25
2340100	1981	101	off	1980-02-26
2106800	1982	343	on	1980-02-27
2332400	1982	324	on	1980-02-28
146100	1982	-9	on	1980-02-29
1835300	1982	340	on	1980-03-01
315600	1982	321	on	1980-03-02
2017500	1982	322	on	1980-03-03
1842400	1982	340	on	1980-03-04
2339900	1982	330	on	1980-03-05
1869700	1982	330	on	1980-03-06
1539600	1982	324	on	1980-03-07
805000	1982	344	on	1980-03-08
100000	1982	343	on	1980-03-09
1864700	1982	319	on	1980-03-10
234000	1982	318	on	1980-03-11
2495100	1982	344	on	1980-03-12
2496300	1982	343	on	1980-03-13
1881900	1982	340	on	1980-03-14
2014700	1982	322	on	1980-03-15
2331600	1982	347	on	1980-03-16
2106800	1982	115	off	1980-03-17
2332400	1982	123	off	1980-03-18
968500	1982	125	off	1980-03-19
146100	1982	84	off	1980-03-20
1835300	1982	123	off	1980-03-21
1630100	1982	125	off	1980-03-22
315600	1982	107	off	1980-03-23
2017500	1982	120	off	1980-03-24
1842400	1982	123	off	1980-03-25
980900	1982	107	off	1980-03-26
2339900	1982	123	off	1980-03-27
2607100	1982	103	off	1980-03-28
805400	1982	94	off	1980-03-29
804600	1982	90	off	1980-03-30
1869700	1982	123	off	1980-03-31
1539600	1982	123	off	1980-04-01
100000	1982	88	off	1980-04-02
1864700	1982	120	off	1980-04-03
234000	1982	120	off	1980-04-04
1623800	1982	109	off	1980-04-05
830700	1982	94	off	1980-04-06
2495100	1982	115	off	1980-04-07
2496300	1982	116	off	1980-04-08
1881900	1982	125	off	1980-04-09
2340100	1982	120	off	1980-04-10
2014700	1982	123	off	1980-04-11
2014700	1982	125	off	1980-04-12
2106800	1983	336	on	1980-04-13
2332400	1983	328	on	1980-04-14
146100	1983	354	on	1980-04-15
146100	1983	-18	on	1980-04-16
1835300	1983	338	on	1980-04-17
315600	1983	335	on	1980-04-18
2017500	1983	319	on	1980-04-19
1842400	1983	338	on	1980-04-20
980900	1983	352	on	1980-04-21
980900	1983	-17	on	1980-04-22
805400	1983	-13	on	1980-04-23
805400	1983	354	on	1980-04-24
804600	1983	353	on	1980-04-25
804600	1983	-9	on	1980-04-26
1539600	1983	331	on	1980-04-27
805000	1983	344	on	1980-04-28
100000	1983	335	on	1980-04-29
1864700	1983	317	on	1980-04-30
2495100	1983	336	on	1980-05-01
2496300	1983	337	on	1980-05-02
1881900	1983	338	on	1980-05-03
2014700	1983	318	on	1980-05-04
2331600	1983	338	on	1980-05-05
2106800	1983	118	off	1980-05-06
2332400	1983	118	off	1980-05-07
968500	1983	123	off	1980-05-08
146100	1983	67	off	1980-05-09
1835300	1983	122	off	1980-05-10
1630100	1983	125	off	1980-05-11
315600	1983	97	off	1980-05-12
2017500	1983	118	off	1980-05-13
1842400	1983	120	off	1980-05-14
980900	1983	97	off	1980-05-15
2339900	1983	121	off	1980-05-16
2607100	1983	77	off	1980-05-17
805400	1983	68	off	1980-05-18
804600	1983	66	off	1980-05-19
1869700	1983	119	off	1980-05-20
1539600	1983	119	off	1980-05-21
805000	1983	66	off	1980-05-22
1864700	1983	117	off	1980-05-23
2313600	1983	122	off	1980-05-24
234000	1983	118	off	1980-05-25
1623800	1983	102	off	1980-05-26
830700	1983	69	off	1980-05-27
2495100	1983	117	off	1980-05-28
2496300	1983	119	off	1980-05-29
1881900	1983	121	off	1980-05-30
2340100	1983	118	off	1980-05-31
2014700	1983	119	off	1980-06-01
2331600	1983	123	off	1980-06-02
2294900	1983	122	off	1980-06-03
2106800	1984	339	on	1980-06-04
2332400	1984	314	on	1980-06-05
1835300	1984	326	on	1980-06-06
315600	1984	339	on	1980-06-07
2017500	1984	311	on	1980-06-08
1842400	1984	334	on	1980-06-09
980900	1984	358	on	1980-06-10
805400	1984	360	on	1980-06-11
804600	1984	359	on	1980-06-12
1539600	1984	323	on	1980-06-13
805000	1984	323	on	1980-06-14
100000	1984	339	on	1980-06-15
1862100	1984	317	on	1980-06-16
1864700	1984	311	on	1980-06-17
234000	1984	321	on	1980-06-18
2495100	1984	331	on	1980-06-19
2496300	1984	339	on	1980-06-20
1881900	1984	339	on	1980-06-21
2340100	1984	321	on	1980-06-22
2014700	1984	315	on	1980-06-23
2331600	1984	351	on	1980-06-24
2106800	1984	107	off	1980-06-25
2332400	1984	111	off	1980-06-26
968500	1984	111	off	1980-06-27
146100	1984	102	off	1980-06-28
1835300	1984	112	off	1980-06-29
1630100	1984	116	off	1980-06-30
315600	1984	97	off	1980-07-01
2017500	1984	104	off	1980-07-02
1842400	1984	111	off	1980-07-03
980900	1984	100	off	1980-07-04
2339900	1984	111	off	1980-07-05
501200	1984	107	off	1980-07-06
2607100	1984	96	off	1980-07-07
805400	1984	99	off	1980-07-08
804600	1984	94	off	1980-07-09
1869700	1984	110	off	1980-07-10
1539600	1984	108	off	1980-07-11
805000	1984	93	off	1980-07-12
100000	1984	89	off	1980-07-13
1862100	1984	106	off	1980-07-14
1864700	1984	106	off	1980-07-15
2313600	1984	111	off	1980-07-16
234000	1984	106	off	1980-07-17
1623800	1984	104	off	1980-07-18
830700	1984	95	off	1980-07-19
2495100	1984	107	off	1980-07-20
2496300	1984	109	off	1980-07-21
1881900	1984	112	off	1980-07-22
2340100	1984	107	off	1980-07-23
2014700	1984	110	off	1980-07-24
2331600	1984	117	off	1980-07-25
2294900	1984	111	off	1980-07-26
2106800	1985	329	on	1980-07-27
2332400	1985	323	on	1980-07-28
146100	1985	354	on	1980-07-29
146100	1985	-12	on	1980-07-30
1835300	1985	323	on	1980-07-31
315600	1985	326	on	1980-08-01
2017500	1985	315	on	1980-08-02
1842400	1985	329	on	1980-08-03
980900	1985	338	on	1980-08-04
2339900	1985	316	on	1980-08-05
805400	1985	349	on	1980-08-06
804600	1985	341	on	1980-08-07
1869700	1985	316	on	1980-08-08
1539600	1985	326	on	1980-08-09
805000	1985	330	on	1980-08-10
100000	1985	329	on	1980-08-11
1862100	1985	321	on	1980-08-12
1864700	1985	316	on	1980-08-13
234000	1985	316	on	1980-08-14
2495100	1985	326	on	1980-08-15
2496300	1985	330	on	1980-08-16
1881900	1985	330	on	1980-08-17
2340100	1985	316	on	1980-08-18
2014700	1985	318	on	1980-08-19
2331600	1985	339	on	1980-08-20
2106800	1985	110	off	1980-08-21
2332400	1985	111	off	1980-08-22
968500	1985	113	off	1980-08-23
146100	1985	87	off	1980-08-24
1835300	1985	114	off	1980-08-25
1630100	1985	114	off	1980-08-26
315600	1985	88	off	1980-08-27
2017500	1985	114	off	1980-08-28
1842400	1985	114	off	1980-08-29
980900	1985	89	off	1980-08-30
2339900	1985	114	off	1980-08-31
501200	1985	112	off	1980-09-01
2607100	1985	88	off	1980-09-02
805400	1985	87	off	1980-09-03
804600	1985	86	off	1980-09-04
1869700	1985	112	off	1980-09-05
1539600	1985	112	off	1980-09-06
805000	1985	80	off	1980-09-07
100000	1985	99	off	1980-09-08
1862100	1985	111	off	1980-09-09
1864700	1985	110	off	1980-09-10
2313600	1985	112	off	1980-09-11
234000	1985	111	off	1980-09-12
1623800	1985	100	off	1980-09-13
830700	1985	86	off	1980-09-14
2495100	1985	110	off	1980-09-15
2496300	1985	111	off	1980-09-16
1881900	1985	113	off	1980-09-17
2340100	1985	111	off	1980-09-18
2014700	1985	114	off	1980-09-19
2331600	1985	115	off	1980-09-20
2294900	1985	113	off	1980-09-21
2106800	1986	340	on	1980-09-22
2332400	1986	318	on	1980-09-23
1835300	1986	323	on	1980-09-24
315600	1986	315	on	1980-09-25
2017500	1986	314	on	1980-09-26
1842400	1986	323	on	1980-09-27
980900	1986	348	on	1980-09-28
2339900	1986	322	on	1980-09-29
805400	1986	348	on	1980-09-30
804600	1986	348	on	1980-10-01
1869700	1986	322	on	1980-10-02
1539600	1986	321	on	1980-10-03
805000	1986	318	on	1980-10-04
1862100	1986	316	on	1980-10-05
1864700	1986	316	on	1980-10-06
234000	1986	315	on	1980-10-07
2495100	1986	324	on	1980-10-08
2496300	1986	334	on	1980-10-09
1881900	1986	335	on	1980-10-10
2340100	1986	315	on	1980-10-11
2014700	1986	316	on	1980-10-12
2331600	1986	342	on	1980-10-13
2106800	1986	103	off	1980-10-14
2332400	1986	103	off	1980-10-15
968500	1986	106	off	1980-10-16
146100	1986	92	off	1980-10-17
1835300	1986	104	off	1980-10-18
1630100	1986	105	off	1980-10-19
315600	1986	91	off	1980-10-20
2017500	1986	103	off	1980-10-21
1842400	1986	104	off	1980-10-22
980900	1986	92	off	1980-10-23
2339900	1986	105	off	1980-10-24
501200	1986	98	off	1980-10-25
2607100	1986	93	off	1980-10-26
805400	1986	91	off	1980-10-27
804600	1986	89	off	1980-10-28
1869700	1986	105	off	1980-10-29
1539600	1986	102	off	1980-10-30
805000	1986	89	off	1980-10-31
100000	1986	95	off	1980-11-01
1862100	1986	103	off	1980-11-02
1864700	1986	101	off	1980-11-03
2313600	1986	102	off	1980-11-04
234000	1986	101	off	1980-11-05
1623800	1986	98	off	1980-11-06
830700	1986	90	off	1980-11-07
2495100	1986	102	off	1980-11-08
2496300	1986	104	off	1980-11-09
1881900	1986	103	off	1980-11-10
2340100	1986	100	off	1980-11-11
2014700	1986	103	off	1980-11-12
2331600	1986	106	off	1980-11-13
2294900	1986	104	off	1980-11-14
2106800	1987	350	on	1980-11-15
2332400	1987	325	on	1980-11-16
146100	1987	-16	on	1980-11-17
1835300	1987	338	on	1980-11-18
315600	1987	334	on	1980-11-19
2017500	1987	327	on	1980-11-20
1842400	1987	337	on	1980-11-21
980900	1987	362	on	1980-11-22
2339900	1987	327	on	1980-11-23
804600	1987	360	on	1980-11-24
805000	1987	340	on	1980-11-25
100000	1987	353	on	1980-11-26
1862100	1987	327	on	1980-11-27
1864700	1987	315	on	1980-11-28
2495100	1987	340	on	1980-11-29
2496300	1987	352	on	1980-11-30
1881900	1987	338	on	1980-12-01
2340100	1987	342	on	1980-12-02
2014700	1987	327	on	1980-12-03
2331600	1987	357	on	1980-12-04
2106800	1987	100	off	1980-12-05
2332400	1987	101	off	1980-12-06
968500	1987	102	off	1980-12-07
146100	1987	91	off	1980-12-08
1835300	1987	102	off	1980-12-09
1630100	1987	104	off	1980-12-10
315600	1987	89	off	1980-12-11
2017500	1987	101	off	1980-12-12
1842400	1987	100	off	1980-12-13
980900	1987	83	off	1980-12-14
2339900	1987	102	off	1980-12-15
501200	1987	100	off	1980-12-16
2607100	1987	79	off	1980-12-17
805400	1987	72	off	1980-12-18
804600	1987	68	off	1980-12-19
1869700	1987	101	off	1980-12-20
805000	1987	68	off	1980-12-21
100000	1987	95	off	1980-12-22
1862100	1987	100	off	1980-12-23
1864700	1987	100	off	1980-12-24
2313600	1987	103	off	1980-12-25
1623800	1987	83	off	1980-12-26
830700	1987	77	off	1980-12-27
2495100	1987	99	off	1980-12-28
2496300	1987	101	off	1980-12-29
1881900	1987	102	off	1980-12-30
2340100	1987	100	off	1980-12-31
2014700	1987	102	off	1981-01-01
2331600	1987	107	off	1981-01-02
2294900	1987	105	off	1981-01-03
2106800	1988	336	on	1981-01-04
2332400	1988	334	on	1981-01-05
146100	1988	-6	on	1981-01-06
1835300	1988	336	on	1981-01-07
2017500	1988	322	on	1981-01-08
1842400	1988	336	on	1981-01-09
980900	1988	346	on	1981-01-10
2339900	1988	335	on	1981-01-11
805400	1988	-2	on	1981-01-12
805400	1988	364	on	1981-01-13
804600	1988	364	on	1981-01-14
1869700	1988	334	on	1981-01-15
1539600	1988	336	on	1981-01-16
805000	1988	343	on	1981-01-17
100000	1988	353	on	1981-01-18
1862100	1988	322	on	1981-01-19
1864700	1988	304	on	1981-01-20
830700	1988	346	on	1981-01-21
2495100	1988	336	on	1981-01-22
2496300	1988	342	on	1981-01-23
1881900	1988	336	on	1981-01-24
2340100	1988	329	on	1981-01-25
2014700	1988	321	on	1981-01-26
2331600	1988	346	on	1981-01-27
2106800	1988	104	off	1981-01-28
2332400	1988	103	off	1981-01-29
968500	1988	107	off	1981-01-30
146100	1988	95	off	1981-01-31
1835300	1988	107	off	1981-02-01
1630100	1988	110	off	1981-02-02
315600	1988	97	off	1981-02-03
2017500	1988	102	off	1981-02-04
1842400	1988	106	off	1981-02-05
980900	1988	94	off	1981-02-06
2339900	1988	104	off	1981-02-07
501200	1988	104	off	1981-02-08
2607100	1988	92	off	1981-02-09
805400	1988	89	off	1981-02-10
804600	1988	85	off	1981-02-11
1869700	1988	104	off	1981-02-12
1539600	1988	104	off	1981-02-13
805000	1988	84	off	1981-02-14
100000	1988	84	off	1981-02-15
1862100	1988	101	off	1981-02-16
1864700	1988	102	off	1981-02-17
2313600	1988	104	off	1981-02-18
1623800	1988	97	off	1981-02-19
830700	1988	86	off	1981-02-20
2495100	1988	104	off	1981-02-21
2496300	1988	105	off	1981-02-22
1881900	1988	105	off	1981-02-23
2340100	1988	103	off	1981-02-24
2014700	1988	105	off	1981-02-25
2331600	1988	118	off	1981-02-26
2294900	1988	106	off	1981-02-27
2106800	1989	329	on	1981-02-28
2332400	1989	326	on	1981-03-01
2451900	1989	328	on	1981-03-02
146100	1989	354	on	1981-03-03
146100	1989	-34	on	1981-03-04
1835300	1989	326	on	1981-03-05
2017500	1989	317	on	1981-03-06
1842400	1989	326	on	1981-03-07
980900	1989	343	on	1981-03-08
2339900	1989	326	on	1981-03-09
805400	1989	347	on	1981-03-10
804600	1989	342	on	1981-03-11
1869700	1989	326	on	1981-03-12
1539600	1989	327	on	1981-03-13
805000	1989	327	on	1981-03-14
1862100	1989	321	on	1981-03-15
1864700	1989	319	on	1981-03-16
234000	1989	317	on	1981-03-17
1623800	1989	326	on	1981-03-18
830700	1989	343	on	1981-03-19
2495100	1989	328	on	1981-03-20
2496300	1989	328	on	1981-03-21
1881900	1989	331	on	1981-03-22
2340100	1989	317	on	1981-03-23
2014700	1989	319	on	1981-03-24
2331600	1989	336	on	1981-03-25
2106800	1989	114	off	1981-03-26
2332400	1989	116	off	1981-03-27
968500	1989	121	off	1981-03-28
146100	1989	67	off	1981-03-29
1835300	1989	119	off	1981-03-30
1630100	1989	125	off	1981-03-31
2017500	1989	114	off	1981-04-01
1842400	1989	118	off	1981-04-02
980900	1989	96	off	1981-04-03
2339900	1989	118	off	1981-04-04
501200	1989	114	off	1981-04-05
2607100	1989	93	off	1981-04-06
805400	1989	96	off	1981-04-07
804600	1989	92	off	1981-04-08
1869700	1989	117	off	1981-04-09
1539600	1989	115	off	1981-04-10
805000	1989	89	off	1981-04-11
100000	1989	98	off	1981-04-12
1862100	1989	114	off	1981-04-13
1864700	1989	114	off	1981-04-14
2313600	1989	118	off	1981-04-15
234000	1989	114	off	1981-04-16
2331600	1989	125	off	1981-04-17
1623800	1989	111	off	1981-04-18
830700	1989	95	off	1981-04-19
2495100	1989	114	off	1981-04-20
2496300	1989	116	off	1981-04-21
1881900	1989	116	off	1981-04-22
2340100	1989	114	off	1981-04-23
2014700	1989	116	off	1981-04-24
2331600	1989	124	off	1981-04-25
2294900	1989	118	off	1981-04-26
2106800	1990	353	on	1981-04-27
2332400	1990	337	on	1981-04-28
2451900	1990	337	on	1981-04-29
1835300	1990	339	on	1981-04-30
2017500	1990	330	on	1981-05-01
1842400	1990	337	on	1981-05-02
980900	1990	358	on	1981-05-03
2339900	1990	337	on	1981-05-04
805400	1990	361	on	1981-05-05
804600	1990	358	on	1981-05-06
1869700	1990	337	on	1981-05-07
1539600	1990	337	on	1981-05-08
805000	1990	339	on	1981-05-09
100000	1990	347	on	1981-05-10
1862100	1990	337	on	1981-05-11
1864700	1990	348	on	1981-05-12
234000	1990	334	on	1981-05-13
2331600	1990	349	on	1981-05-14
1623800	1990	334	on	1981-05-15
830700	1990	359	on	1981-05-16
2495100	1990	337	on	1981-05-17
2496300	1990	346	on	1981-05-18
1881900	1990	337	on	1981-05-19
2340100	1990	334	on	1981-05-20
2014700	1990	330	on	1981-05-21
2331600	1990	349	on	1981-05-22
2106800	1990	109	off	1981-05-23
2332400	1990	108	off	1981-05-24
968500	1990	112	off	1981-05-25
2451900	1990	105	off	1981-05-26
146100	1990	76	off	1981-05-27
1835300	1990	110	off	1981-05-28
1630100	1990	113	off	1981-05-29
2017500	1990	106	off	1981-05-30
1842400	1990	106	off	1981-05-31
980900	1990	84	off	1981-06-01
2339900	1990	111	off	1981-06-02
501200	1990	98	off	1981-06-03
2607100	1990	91	off	1981-06-04
805400	1990	75	off	1981-06-05
804600	1990	75	off	1981-06-06
1869700	1990	111	off	1981-06-07
1539600	1990	106	off	1981-06-08
805000	1990	74	off	1981-06-09
1862100	1990	106	off	1981-06-10
1864700	1990	106	off	1981-06-11
2313600	1990	109	off	1981-06-12
234000	1990	106	off	1981-06-13
2331600	1990	114	off	1981-06-14
1623800	1990	97	off	1981-06-15
830700	1990	77	off	1981-06-16
2495100	1990	108	off	1981-06-17
2496300	1990	110	off	1981-06-18
1881900	1990	108	off	1981-06-19
2340100	1990	106	off	1981-06-20
2014700	1990	113	off	1981-06-21
2331600	1990	113	off	1981-06-22
2294900	1990	110	off	1981-06-23
2106800	1991	331	on	1981-06-24
2332400	1991	312	on	1981-06-25
2451900	1991	330	on	1981-06-26
146100	1991	-5	on	1981-06-27
1835300	1991	331	on	1981-06-28
2017500	1991	308	on	1981-06-29
1842400	1991	331	on	1981-06-30
980900	1991	356	on	1981-07-01
2339900	1991	313	on	1981-07-02
805400	1991	353	on	1981-07-03
804600	1991	351	on	1981-07-04
1869700	1991	313	on	1981-07-05
1539600	1991	313	on	1981-07-06
805000	1991	310	on	1981-07-07
1862100	1991	310	on	1981-07-08
1864700	1991	309	on	1981-07-09
234000	1991	309	on	1981-07-10
2331600	1991	333	on	1981-07-11
1623800	1991	309	on	1981-07-12
830700	1991	340	on	1981-07-13
2495100	1991	360	on	1981-07-14
2496300	1991	331	on	1981-07-15
1881900	1991	333	on	1981-07-16
2340100	1991	309	on	1981-07-17
2014700	1991	308	on	1981-07-18
2331600	1991	336	on	1981-07-19
2106800	1991	107	off	1981-07-20
2332400	1991	109	off	1981-07-21
968500	1991	111	off	1981-07-22
2451900	1991	99	off	1981-07-23
146100	1991	86	off	1981-07-24
1835300	1991	112	off	1981-07-25
1630100	1991	114	off	1981-07-26
2017500	1991	105	off	1981-07-27
1842400	1991	109	off	1981-07-28
980900	1991	87	off	1981-07-29
2339900	1991	110	off	1981-07-30
501200	1991	110	off	1981-07-31
2607100	1991	94	off	1981-08-01
805400	1991	84	off	1981-08-02
804600	1991	81	off	1981-08-03
1869700	1991	110	off	1981-08-04
1539600	1991	110	off	1981-08-05
805000	1991	83	off	1981-08-06
100000	1991	85	off	1981-08-07
1862100	1991	105	off	1981-08-08
1864700	1991	102	off	1981-08-09
2313600	1991	109	off	1981-08-10
2331600	1991	102	off	1981-08-11
1623800	1991	97	off	1981-08-12
830700	1991	85	off	1981-08-13
2495100	1991	99	off	1981-08-14
2496300	1991	108	off	1981-08-15
1881900	1991	112	off	1981-08-16
2340100	1991	105	off	1981-08-17
2014700	1991	110	off	1981-08-18
2331600	1991	117	off	1981-08-19
2294900	1991	109	off	1981-08-20
2106800	1992	342	on	1981-08-21
2332400	1992	320	on	1981-08-22
2451900	1992	334	on	1981-08-23
146100	1992	-20	on	1981-08-24
1835300	1992	334	on	1981-08-25
2017500	1992	310	on	1981-08-26
1842400	1992	334	on	1981-08-27
980900	1992	359	on	1981-08-28
2339900	1992	323	on	1981-08-29
805400	1992	359	on	1981-08-30
804600	1992	359	on	1981-08-31
1869700	1992	322	on	1981-09-01
1539600	1992	323	on	1981-09-02
805000	1992	320	on	1981-09-03
1862100	1992	320	on	1981-09-04
1864700	1992	312	on	1981-09-05
234000	1992	317	on	1981-09-06
2331600	1992	342	on	1981-09-07
1623800	1992	331	on	1981-09-08
830700	1992	347	on	1981-09-09
2495100	1992	342	on	1981-09-10
2496300	1992	341	on	1981-09-11
1881900	1992	334	on	1981-09-12
2340100	1992	317	on	1981-09-13
2014700	1992	317	on	1981-09-14
2331600	1992	343	on	1981-09-15
2106800	1992	119	off	1981-09-16
2332400	1992	119	off	1981-09-17
968500	1992	116	off	1981-09-18
2451900	1992	113	off	1981-09-19
146100	1992	98	off	1981-09-20
1835300	1992	122	off	1981-09-21
1630100	1992	122	off	1981-09-22
2017500	1992	117	off	1981-09-23
1842400	1992	121	off	1981-09-24
980900	1992	92	off	1981-09-25
2339900	1992	120	off	1981-09-26
501200	1992	118	off	1981-09-27
2607100	1992	92	off	1981-09-28
805400	1992	86	off	1981-09-29
804600	1992	76	off	1981-09-30
1869700	1992	119	off	1981-10-01
1539600	1992	115	off	1981-10-02
805000	1992	68	off	1981-10-03
1862100	1992	115	off	1981-10-04
1864700	1992	117	off	1981-10-05
2313600	1992	120	off	1981-10-06
234000	1992	115	off	1981-10-07
2331600	1992	117	off	1981-10-08
1623800	1992	102	off	1981-10-09
830700	1992	77	off	1981-10-10
2495100	1992	119	off	1981-10-11
2496300	1992	119	off	1981-10-12
1881900	1992	122	off	1981-10-13
2340100	1992	115	off	1981-10-14
2014700	1992	120	off	1981-10-15
2331600	1992	121	off	1981-10-16
2294900	1992	122	off	1981-10-17
2332400	1993	332	on	1981-10-18
968800	1993	333	on	1981-10-19
2451900	1993	335	on	1981-10-20
146100	1993	-8	on	1981-10-21
1835300	1993	333	on	1981-10-22
315600	1993	332	on	1981-10-23
2017500	1993	312	on	1981-10-24
1842400	1993	333	on	1981-10-25
980900	1993	358	on	1981-10-26
2339900	1993	332	on	1981-10-27
805400	1993	362	on	1981-10-28
804600	1993	361	on	1981-10-29
1869700	1993	332	on	1981-10-30
1539600	1993	332	on	1981-10-31
805000	1993	333	on	1981-11-01
100000	1993	357	on	1981-11-02
1862100	1993	316	on	1981-11-03
1864700	1993	312	on	1981-11-04
234000	1993	312	on	1981-11-05
2331600	1993	333	on	1981-11-06
1623800	1993	330	on	1981-11-07
2495100	1993	332	on	1981-11-08
2496300	1993	333	on	1981-11-09
1881900	1993	332	on	1981-11-10
2340100	1993	312	on	1981-11-11
2014700	1993	312	on	1981-11-12
2331600	1993	334	on	1981-11-13
2106800	1993	115	off	1981-11-14
2332400	1993	122	off	1981-11-15
968500	1993	123	off	1981-11-16
968800	1993	106	off	1981-11-17
2451900	1993	111	off	1981-11-18
146100	1993	106	off	1981-11-19
1835300	1993	122	off	1981-11-20
1630100	1993	127	off	1981-11-21
315600	1993	109	off	1981-11-22
2017500	1993	118	off	1981-11-23
1842400	1993	122	off	1981-11-24
980900	1993	115	off	1981-11-25
2339900	1993	121	off	1981-11-26
501200	1993	114	off	1981-11-27
2607100	1993	101	off	1981-11-28
805400	1993	102	off	1981-11-29
804600	1993	102	off	1981-11-30
1869700	1993	120	off	1981-12-01
1539600	1993	120	off	1981-12-02
805000	1993	100	off	1981-12-03
100000	1993	100	off	1981-12-04
1862100	1993	118	off	1981-12-05
1864700	1993	118	off	1981-12-06
2313600	1993	118	off	1981-12-07
234000	1993	119	off	1981-12-08
2331600	1993	118	off	1981-12-09
1623800	1993	109	off	1981-12-10
830700	1993	102	off	1981-12-11
2495100	1993	114	off	1981-12-12
2496300	1993	115	off	1981-12-13
1881900	1993	122	off	1981-12-14
2340100	1993	119	off	1981-12-15
2014700	1993	118	off	1981-12-16
2331600	1993	128	off	1981-12-17
2294900	1993	124	off	1981-12-18
2332400	1994	330	on	1981-12-19
968800	1994	331	on	1981-12-20
2451900	1994	336	on	1981-12-21
146100	1994	-9	on	1981-12-22
1835300	1994	343	on	1981-12-23
2017500	1994	327	on	1981-12-24
1842400	1994	336	on	1981-12-25
2339900	1994	333	on	1981-12-26
1869700	1994	332	on	1981-12-27
1539600	1994	333	on	1981-12-28
805000	1994	343	on	1981-12-29
1862100	1994	330	on	1981-12-30
1864700	1994	330	on	1981-12-31
234000	1994	328	on	1982-01-01
2331600	1994	345	on	1982-01-02
1623800	1994	333	on	1982-01-03
2495100	1994	341	on	1982-01-04
2496300	1994	341	on	1982-01-05
1881900	1994	343	on	1982-01-06
2340100	1994	331	on	1982-01-07
2014700	1994	330	on	1982-01-08
2331600	1994	346	on	1982-01-09
2332400	1994	110	off	1982-01-10
968500	1994	115	off	1982-01-11
968800	1994	113	off	1982-01-12
2451900	1994	111	off	1982-01-13
146100	1994	100	off	1982-01-14
1835300	1994	111	off	1982-01-15
1630100	1994	115	off	1982-01-16
2017500	1994	108	off	1982-01-17
1842400	1994	111	off	1982-01-18
980900	1994	94	off	1982-01-19
2339900	1994	111	off	1982-01-20
501200	1994	106	off	1982-01-21
2607100	1994	91	off	1982-01-22
805400	1994	91	off	1982-01-23
804600	1994	91	off	1982-01-24
1869700	1994	110	off	1982-01-25
1539600	1994	109	off	1982-01-26
805000	1994	86	off	1982-01-27
1862100	1994	108	off	1982-01-28
1864700	1994	109	off	1982-01-29
2313600	1994	109	off	1982-01-30
234000	1994	109	off	1982-01-31
2331600	1994	109	off	1982-02-01
1623800	1994	101	off	1982-02-02
830700	1994	89	off	1982-02-03
2495100	1994	108	off	1982-02-04
2496300	1994	109	off	1982-02-05
1881900	1994	113	off	1982-02-06
2340100	1994	107	off	1982-02-07
2014700	1994	110	off	1982-02-08
2331600	1994	115	off	1982-02-09
2332400	1995	313	on	1982-02-10
968800	1995	317	on	1982-02-11
2451900	1995	328	on	1982-02-12
146100	1995	347	on	1982-02-13
146100	1995	-19	on	1982-02-14
1835300	1995	317	on	1982-02-15
315600	1995	312	on	1982-02-16
2017500	1995	310	on	1982-02-17
1842400	1995	328	on	1982-02-18
980900	1995	345	on	1982-02-19
980900	1995	-7	on	1982-02-20
2339900	1995	314	on	1982-02-21
805400	1995	345	on	1982-02-22
805400	1995	-6	on	1982-02-23
804600	1995	334	on	1982-02-24
804600	1995	-5	on	1982-02-25
1869700	1995	317	on	1982-02-26
1539600	1995	317	on	1982-02-27
805000	1995	317	on	1982-02-28
1862100	1995	313	on	1982-03-01
1864700	1995	313	on	1982-03-02
234000	1995	313	on	1982-03-03
2331600	1995	334	on	1982-03-04
1623800	1995	314	on	1982-03-05
2495100	1995	320	on	1982-03-06
2496300	1995	327	on	1982-03-07
1881900	1995	328	on	1982-03-08
2340100	1995	313	on	1982-03-09
2014700	1995	313	on	1982-03-10
2331600	1995	333	on	1982-03-11
2964000	1995	322	on	1982-03-12
2332400	1995	115	off	1982-03-13
968500	1995	117	off	1982-03-14
968800	1995	105	off	1982-03-15
2451900	1995	106	off	1982-03-16
146100	1995	81	off	1982-03-17
1835300	1995	114	off	1982-03-18
1630100	1995	121	off	1982-03-19
315600	1995	97	off	1982-03-20
2017500	1995	107	off	1982-03-21
1842400	1995	107	off	1982-03-22
980900	1995	86	off	1982-03-23
2339900	1995	114	off	1982-03-24
501200	1995	104	off	1982-03-25
2607100	1995	86	off	1982-03-26
805400	1995	81	off	1982-03-27
804600	1995	91	off	1982-03-28
1869700	1995	113	off	1982-03-29
1539600	1995	115	off	1982-03-30
805000	1995	77	off	1982-03-31
1862100	1995	112	off	1982-04-01
1864700	1995	109	off	1982-04-02
234000	1995	108	off	1982-04-03
2331600	1995	109	off	1982-04-04
1623800	1995	105	off	1982-04-05
830700	1995	79	off	1982-04-06
2495100	1995	112	off	1982-04-07
2496300	1995	118	off	1982-04-08
1881900	1995	116	off	1982-04-09
2340100	1995	110	off	1982-04-10
2014700	1995	117	off	1982-04-11
2331600	1995	122	off	1982-04-12
2964000	1995	119	off	1982-04-13
2332400	1996	319	on	1982-04-14
968800	1996	318	on	1982-04-15
2451900	1996	324	on	1982-04-16
146100	1996	362	on	1982-04-17
1835300	1996	329	on	1982-04-18
2017500	1996	315	on	1982-04-19
1842400	1996	329	on	1982-04-20
980900	1996	356	on	1982-04-21
805400	1996	355	on	1982-04-22
804600	1996	355	on	1982-04-23
1539600	1996	327	on	1982-04-24
805000	1996	332	on	1982-04-25
100000	1996	352	on	1982-04-26
1862100	1996	317	on	1982-04-27
1864700	1996	317	on	1982-04-28
1623800	1996	317	on	1982-04-29
2495100	1996	325	on	1982-04-30
2496300	1996	329	on	1982-05-01
1881900	1996	329	on	1982-05-02
2014700	1996	315	on	1982-05-03
2331600	1996	332	on	1982-05-04
2332400	1996	130	off	1982-05-05
968500	1996	135	off	1982-05-06
968800	1996	137	off	1982-05-07
2451900	1996	123	off	1982-05-08
146100	1996	109	off	1982-05-09
1835300	1996	134	off	1982-05-10
1630100	1996	138	off	1982-05-11
2017500	1996	127	off	1982-05-12
1842400	1996	132	off	1982-05-13
980900	1996	106	off	1982-05-14
2339900	1996	135	off	1982-05-15
501200	1996	132	off	1982-05-16
2607100	1996	106	off	1982-05-17
805400	1996	98	off	1982-05-18
804600	1996	84	off	1982-05-19
1869700	1996	136	off	1982-05-20
1539600	1996	132	off	1982-05-21
805000	1996	85	off	1982-05-22
100000	1996	111	off	1982-05-23
1862100	1996	127	off	1982-05-24
1864700	1996	129	off	1982-05-25
2313600	1996	133	off	1982-05-26
234000	1996	131	off	1982-05-27
2331600	1996	129	off	1982-05-28
1623800	1996	116	off	1982-05-29
830700	1996	86	off	1982-05-30
2495100	1996	152	off	1982-05-31
2496300	1996	125	off	1982-06-01
1881900	1996	132	off	1982-06-02
2340100	1996	131	off	1982-06-03
2014700	1996	130	off	1982-06-04
2331600	1996	138	off	1982-06-05
2332400	1997	321	on	1982-06-06
968800	1997	325	on	1982-06-07
2451900	1997	325	on	1982-06-08
1835300	1997	328	on	1982-06-09
2017500	1997	316	on	1982-06-10
1842400	1997	328	on	1982-06-11
1539600	1997	329	on	1982-06-12
805000	1997	343	on	1982-06-13
1862100	1997	321	on	1982-06-14
1864700	1997	317	on	1982-06-15
1623800	1997	322	on	1982-06-16
2495100	1997	332	on	1982-06-17
2496300	1997	329	on	1982-06-18
1881900	1997	356	on	1982-06-19
2014700	1997	318	on	1982-06-20
2331600	1997	356	on	1982-06-21
2964000	1997	330	on	1982-06-22
2332400	1997	118	off	1982-06-23
968500	1997	124	off	1982-06-24
968800	1997	119	off	1982-06-25
2451900	1997	111	off	1982-06-26
146100	1997	96	off	1982-06-27
1835300	1997	120	off	1982-06-28
1630100	1997	125	off	1982-06-29
2017500	1997	117	off	1982-06-30
1842400	1997	118	off	1982-07-01
980900	1997	96	off	1982-07-02
501200	1997	118	off	1982-07-03
2607100	1997	96	off	1982-07-04
805400	1997	92	off	1982-07-05
804600	1997	86	off	1982-07-06
1539600	1997	118	off	1982-07-07
805000	1997	86	off	1982-07-08
1862100	1997	117	off	1982-07-09
1864700	1997	116	off	1982-07-10
1623800	1997	106	off	1982-07-11
830700	1997	89	off	1982-07-12
2495100	1997	112	off	1982-07-13
2496300	1997	115	off	1982-07-14
1881900	1997	120	off	1982-07-15
2014700	1997	120	off	1982-07-16
2331600	1997	122	off	1982-07-17
2964000	1997	119	off	1982-07-18
2332400	1998	346	on	1982-07-19
968800	1998	344	on	1982-07-20
2451900	1998	356	on	1982-07-21
146100	1998	-17	on	1982-07-22
1835300	1998	358	on	1982-07-23
2017500	1998	343	on	1982-07-24
1842400	1998	355	on	1982-07-25
980900	1998	366	on	1982-07-26
980900	1998	-11	on	1982-07-27
805400	1998	365	on	1982-07-28
805400	1998	-11	on	1982-07-29
804600	1998	365	on	1982-07-30
804600	1998	-11	on	1982-07-31
1539600	1998	349	on	1982-08-01
805000	1998	357	on	1982-08-02
1862100	1998	343	on	1982-08-03
1864700	1998	344	on	1982-08-04
1623800	1998	326	on	1982-08-05
2495100	1998	356	on	1982-08-06
2496300	1998	357	on	1982-08-07
1881900	1998	357	on	1982-08-08
2014700	1998	343	on	1982-08-09
2331600	1998	362	on	1982-08-10
2332400	1998	100	off	1982-08-11
968500	1998	102	off	1982-08-12
968800	1998	100	off	1982-08-13
2451900	1998	95	off	1982-08-14
146100	1998	20	off	1982-08-15
1835300	1998	100	off	1982-08-16
1630100	1998	102	off	1982-08-17
2017500	1998	98	off	1982-08-18
1842400	1998	99	off	1982-08-19
980900	1998	63	off	1982-08-20
501200	1998	98	off	1982-08-21
2607100	1998	87	off	1982-08-22
805400	1998	58	off	1982-08-23
804600	1998	58	off	1982-08-24
1539600	1998	99	off	1982-08-25
805000	1998	57	off	1982-08-26
1862100	1998	99	off	1982-08-27
1864700	1998	98	off	1982-08-28
2313600	1998	99	off	1982-08-29
1623800	1998	91	off	1982-08-30
830700	1998	58	off	1982-08-31
2495100	1998	96	off	1982-09-01
2496300	1998	97	off	1982-09-02
1881900	1998	100	off	1982-09-03
2014700	1998	102	off	1982-09-04
2331600	1998	102	off	1982-09-05
2332400	1999	336	on	1982-09-06
968800	1999	335	on	1982-09-07
2451900	1999	352	on	1982-09-08
146100	1999	-8	on	1982-09-09
1835300	1999	352	on	1982-09-10
2017500	1999	331	on	1982-09-11
1842400	1999	352	on	1982-09-12
980900	1999	358	on	1982-09-13
1539600	1999	347	on	1982-09-14
805000	1999	353	on	1982-09-15
1862100	1999	335	on	1982-09-16
1864700	1999	335	on	1982-09-17
1623800	1999	344	on	1982-09-18
2495100	1999	352	on	1982-09-19
2496300	1999	352	on	1982-09-20
1881900	1999	352	on	1982-09-21
2014700	1999	331	on	1982-09-22
2331600	1999	354	on	1982-09-23
2964000	1999	346	on	1982-09-24
2332400	1999	104	off	1982-09-25
968500	1999	106	off	1982-09-26
968800	1999	106	off	1982-09-27
2451900	1999	99	off	1982-09-28
146100	1999	84	off	1982-09-29
1835300	1999	107	off	1982-09-30
1630100	1999	105	off	1982-10-01
315600	1999	90	off	1982-10-02
2017500	1999	102	off	1982-10-03
1842400	1999	106	off	1982-10-04
980900	1999	89	off	1982-10-05
501200	1999	101	off	1982-10-06
2607100	1999	92	off	1982-10-07
805400	1999	81	off	1982-10-08
804600	1999	70	off	1982-10-09
1539600	1999	103	off	1982-10-10
805000	1999	71	off	1982-10-11
1862100	1999	102	off	1982-10-12
1864700	1999	104	off	1982-10-13
2313600	1999	105	off	1982-10-14
1623800	1999	93	off	1982-10-15
830700	1999	80	off	1982-10-16
2495100	1999	100	off	1982-10-17
2496300	1999	104	off	1982-10-18
1881900	1999	107	off	1982-10-19
2014700	1999	106	off	1982-10-20
2331600	1999	114	off	1982-10-21
2294900	1999	105	off	1982-10-22
2964000	1999	109	off	1982-10-23
2332400	2000	324	on	1982-10-24
968800	2000	329	on	1982-10-25
2451900	2000	337	on	1982-10-26
146100	2000	-14	on	1982-10-27
146100	2000	358	on	1982-10-28
1835300	2000	338	on	1982-10-29
315600	2000	326	on	1982-10-30
2017500	2000	321	on	1982-10-31
1842400	2000	338	on	1982-11-01
980900	2000	348	on	1982-11-02
805400	2000	348	on	1982-11-03
805400	2000	-14	on	1982-11-04
804600	2000	348	on	1982-11-05
804600	2000	-14	on	1982-11-06
1539600	2000	330	on	1982-11-07
805000	2000	326	on	1982-11-08
1862100	2000	324	on	1982-11-09
1864700	2000	324	on	1982-11-10
1623800	2000	326	on	1982-11-11
2495100	2000	337	on	1982-11-12
2496300	2000	337	on	1982-11-13
1881900	2000	338	on	1982-11-14
2014700	2000	324	on	1982-11-15
2331600	2000	342	on	1982-11-16
2332400	2000	85	off	1982-11-17
968500	2000	105	off	1982-11-18
968800	2000	94	off	1982-11-19
2451900	2000	85	off	1982-11-20
146100	2000	68	off	1982-11-21
1835300	2000	94	off	1982-11-22
1630100	2000	107	off	1982-11-23
315600	2000	69	off	1982-11-24
2017500	2000	85	off	1982-11-25
1842400	2000	91	off	1982-11-26
980900	2000	67	off	1982-11-27
501200	2000	87	off	1982-11-28
2607100	2000	68	off	1982-11-29
805400	2000	67	off	1982-11-30
804600	2000	66	off	1982-12-01
1539600	2000	90	off	1982-12-02
805000	2000	64	off	1982-12-03
1862100	2000	88	off	1982-12-04
1864700	2000	91	off	1982-12-05
2313600	2000	93	off	1982-12-06
1623800	2000	75	off	1982-12-07
830700	2000	66	off	1982-12-08
2495100	2000	86	off	1982-12-09
2496300	2000	87	off	1982-12-10
1881900	2000	94	off	1982-12-11
2014700	2000	95	off	1982-12-12
2331600	2000	97	off	1982-12-13
2294900	2000	96	off	1982-12-14
2332400	2001	345	on	1982-12-15
968800	2001	352	on	1982-12-16
2451900	2001	355	on	1982-12-17
1835300	2001	360	on	1982-12-18
2017500	2001	342	on	1982-12-19
1842400	2001	360	on	1982-12-20
1539600	2001	349	on	1982-12-21
805000	2001	359	on	1982-12-22
1864700	2001	342	on	1982-12-23
1623800	2001	355	on	1982-12-24
2495100	2001	361	on	1982-12-25
2496300	2001	360	on	1982-12-26
1881900	2001	360	on	1982-12-27
2014700	2001	342	on	1982-12-28
2331600	2001	365	on	1982-12-29
2332400	2001	113	off	1982-12-30
968500	2001	114	off	1982-12-31
968800	2001	113	off	1983-01-01
2451900	2001	108	off	1983-01-02
146100	2001	98	off	1983-01-03
1835300	2001	113	off	1983-01-04
1630100	2001	114	off	1983-01-05
315600	2001	100	off	1983-01-06
2017500	2001	110	off	1983-01-07
1842400	2001	113	off	1983-01-08
980900	2001	102	off	1983-01-09
501200	2001	111	off	1983-01-10
2607100	2001	103	off	1983-01-11
805400	2001	98	off	1983-01-12
804600	2001	91	off	1983-01-13
1539600	2001	112	off	1983-01-14
805000	2001	96	off	1983-01-15
1864700	2001	110	off	1983-01-16
2313600	2001	108	off	1983-01-17
1623800	2001	110	off	1983-01-18
830700	2001	98	off	1983-01-19
2495100	2001	112	off	1983-01-20
2496300	2001	112	off	1983-01-21
1881900	2001	114	off	1983-01-22
2014700	2001	113	off	1983-01-23
2331600	2001	114	off	1983-01-24
2294900	2001	111	off	1983-01-25
2332400	2002	322	on	1983-01-26
968800	2002	321	on	1983-01-27
2451900	2002	331	on	1983-01-28
1835300	2002	331	on	1983-01-29
2017500	2002	319	on	1983-01-30
1842400	2002	331	on	1983-01-31
980900	2002	-16	on	1983-02-01
805400	2002	-2	on	1983-02-02
804600	2002	344	on	1983-02-03
804600	2002	-1	on	1983-02-04
805000	2002	337	on	1983-02-05
1864700	2002	310	on	1983-02-06
2495100	2002	332	on	1983-02-07
2496300	2002	338	on	1983-02-08
1881900	2002	331	on	1983-02-09
2014700	2002	319	on	1983-02-10
2331600	2002	338	on	1983-02-11
2964000	2002	322	on	1983-02-12
2332400	2002	109	off	1983-02-13
968500	2002	113	off	1983-02-14
968800	2002	110	off	1983-02-15
2451900	2002	108	off	1983-02-16
1835300	2002	109	off	1983-02-17
1630100	2002	114	off	1983-02-18
2017500	2002	109	off	1983-02-19
1842400	2002	109	off	1983-02-20
980900	2002	95	off	1983-02-21
501200	2002	108	off	1983-02-22
2607100	2002	103	off	1983-02-23
805400	2002	75	off	1983-02-24
804600	2002	57	off	1983-02-25
805000	2002	74	off	1983-02-26
1864700	2002	108	off	1983-02-27
2313600	2002	110	off	1983-02-28
830700	2002	77	off	1983-03-01
2495100	2002	108	off	1983-03-02
2496300	2002	109	off	1983-03-03
1881900	2002	109	off	1983-03-04
2014700	2002	114	off	1983-03-05
2331600	2002	115	off	1983-03-06
2294900	2002	115	off	1983-03-07
2964000	2002	111	off	1983-03-08
2332400	2003	332	on	1983-03-09
968800	2003	333	on	1983-03-10
2451900	2003	337	on	1983-03-11
146100	2003	-24	on	1983-03-12
1835300	2003	338	on	1983-03-13
2017500	2003	311	on	1983-03-14
1842400	2003	338	on	1983-03-15
980900	2003	-27	on	1983-03-16
805400	2003	-4	on	1983-03-17
804600	2003	360	on	1983-03-18
805000	2003	344	on	1983-03-19
1864700	2003	313	on	1983-03-20
2495100	2003	338	on	1983-03-21
2496300	2003	336	on	1983-03-22
1881900	2003	338	on	1983-03-23
2014700	2003	314	on	1983-03-24
2331600	2003	338	on	1983-03-25
2964000	2003	337	on	1983-03-26
2332400	2003	114	off	1983-03-27
968500	2003	114	off	1983-03-28
968800	2003	112	off	1983-03-29
2451900	2003	107	off	1983-03-30
146100	2003	95	off	1983-03-31
1835300	2003	117	off	1983-04-01
1630100	2003	118	off	1983-04-02
2017500	2003	106	off	1983-04-03
1842400	2003	115	off	1983-04-04
980900	2003	101	off	1983-04-05
501200	2003	106	off	1983-04-06
2607100	2003	93	off	1983-04-07
805400	2003	94	off	1983-04-08
804600	2003	82	off	1983-04-09
805000	2003	84	off	1983-04-10
1864700	2003	106	off	1983-04-11
2313600	2003	116	off	1983-04-12
830700	2003	88	off	1983-04-13
2495100	2003	106	off	1983-04-14
2496300	2003	111	off	1983-04-15
1881900	2003	116	off	1983-04-16
2014700	2003	114	off	1983-04-17
2331600	2003	119	off	1983-04-18
2294900	2003	118	off	1983-04-19
2964000	2003	116	off	1983-04-20
2332400	2004	347	on	1983-04-21
968800	2004	336	on	1983-04-22
2451900	2004	349	on	1983-04-23
146100	2004	-20	on	1983-04-24
1835300	2004	351	on	1983-04-25
2017500	2004	326	on	1983-04-26
1842400	2004	351	on	1983-04-27
980900	2004	-9	on	1983-04-28
805400	2004	360	on	1983-04-29
805400	2004	-7	on	1983-04-30
804600	2004	359	on	1983-05-01
805000	2004	349	on	1983-05-02
1864700	2004	329	on	1983-05-03
2495100	2004	350	on	1983-05-04
2496300	2004	349	on	1983-05-05
1881900	2004	352	on	1983-05-06
2014700	2004	329	on	1983-05-07
2331600	2004	352	on	1983-05-08
2332400	2004	109	off	1983-05-09
968500	2004	115	off	1983-05-10
968800	2004	112	off	1983-05-11
2451900	2004	106	off	1983-05-12
146100	2004	80	off	1983-05-13
1835300	2004	112	off	1983-05-14
1630100	2004	116	off	1983-05-15
2017500	2004	109	off	1983-05-16
1842400	2004	109	off	1983-05-17
980900	2004	90	off	1983-05-18
501200	2004	109	off	1983-05-19
2607100	2004	94	off	1983-05-20
805400	2004	87	off	1983-05-21
804600	2004	80	off	1983-05-22
805000	2004	76	off	1983-05-23
1864700	2004	108	off	1983-05-24
2313600	2004	109	off	1983-05-25
830700	2004	83	off	1983-05-26
2495100	2004	109	off	1983-05-27
2496300	2004	110	off	1983-05-28
1881900	2004	109	off	1983-05-29
2014700	2004	111	off	1983-05-30
2331600	2004	111	off	1983-05-31
2964000	2004	111	off	1983-06-01
2332400	2005	329	on	1983-06-02
968800	2005	330	on	1983-06-03
2451900	2005	331	on	1983-06-04
146100	2005	-18	on	1983-06-05
1835300	2005	338	on	1983-06-06
2017500	2005	322	on	1983-06-07
1842400	2005	338	on	1983-06-08
805400	2005	354	on	1983-06-09
804600	2005	343	on	1983-06-10
805000	2005	330	on	1983-06-11
2495100	2005	337	on	1983-06-12
1881900	2005	338	on	1983-06-13
2014700	2005	327	on	1983-06-14
2331600	2005	343	on	1983-06-15
2332400	2005	103	off	1983-06-16
968500	2005	106	off	1983-06-17
968800	2005	104	off	1983-06-18
2451900	2005	102	off	1983-06-19
146100	2005	94	off	1983-06-20
1835300	2005	107	off	1983-06-21
1630100	2005	108	off	1983-06-22
2017500	2005	103	off	1983-06-23
1842400	2005	105	off	1983-06-24
501200	2005	102	off	1983-06-25
2607100	2005	96	off	1983-06-26
805400	2005	96	off	1983-06-27
804600	2005	91	off	1983-06-28
805000	2005	94	off	1983-06-29
1864700	2005	102	off	1983-06-30
2313600	2005	102	off	1983-07-01
830700	2005	96	off	1983-07-02
2495100	2005	103	off	1983-07-03
2496300	2005	105	off	1983-07-04
1881900	2005	106	off	1983-07-05
2014700	2005	105	off	1983-07-06
2331600	2005	107	off	1983-07-07
2294900	2005	104	off	1983-07-08
2964000	2005	104	off	1983-07-09
2332400	2006	336	on	1983-07-10
968800	2006	330	on	1983-07-11
2451900	2006	336	on	1983-07-12
146100	2006	-55	on	1983-07-13
1835300	2006	340	on	1983-07-14
2017500	2006	335	on	1983-07-15
1842400	2006	340	on	1983-07-16
805000	2006	338	on	1983-07-17
2495100	2006	339	on	1983-07-18
1881900	2006	358	on	1983-07-19
2014700	2006	335	on	1983-07-20
2331600	2006	360	on	1983-07-21
2332400	2006	105	off	1983-07-22
968500	2006	105	off	1983-07-23
968800	2006	105	off	1983-07-24
2451900	2006	102	off	1983-07-25
146100	2006	91	off	1983-07-26
1835300	2006	106	off	1983-07-27
1630100	2006	108	off	1983-07-28
2017500	2006	103	off	1983-07-29
1842400	2006	104	off	1983-07-30
501200	2006	103	off	1983-07-31
2607100	2006	96	off	1983-08-01
805400	2006	84	off	1983-08-02
804600	2006	72	off	1983-08-03
805000	2006	74	off	1983-08-04
2313600	2006	105	off	1983-08-05
830700	2006	83	off	1983-08-06
2495100	2006	103	off	1983-08-07
1881900	2006	105	off	1983-08-08
2014700	2006	104	off	1983-08-09
2331600	2006	106	off	1983-08-10
2294900	2006	105	off	1983-08-11
2332400	2007	327	on	1983-08-12
2451900	2007	336	on	1983-08-13
1835300	2007	337	on	1983-08-14
2017500	2007	320	on	1983-08-15
1842400	2007	337	on	1983-08-16
805400	2007	361	on	1983-08-17
805400	2007	-20	on	1983-08-18
804600	2007	342	on	1983-08-19
804600	2007	-18	on	1983-08-20
805000	2007	335	on	1983-08-21
1881900	2007	337	on	1983-08-22
2014700	2007	321	on	1983-08-23
2331600	2007	344	on	1983-08-24
2332400	2007	102	off	1983-08-25
968800	2007	110	off	1983-08-26
2451900	2007	91	off	1983-08-27
1835300	2007	111	off	1983-08-28
2017500	2007	102	off	1983-08-29
1842400	2007	102	off	1983-08-30
501200	2007	93	off	1983-08-31
2607100	2007	87	off	1983-09-01
805400	2007	87	off	1983-09-02
804600	2007	86	off	1983-09-03
805000	2007	85	off	1983-09-04
830700	2007	86	off	1983-09-05
1881900	2007	106	off	1983-09-06
2014700	2007	108	off	1983-09-07
2331600	2007	113	off	1983-09-08
2332400	2008	330	on	1983-09-09
1835300	2008	337	on	1983-09-10
2017500	2008	321	on	1983-09-11
1842400	2008	335	on	1983-09-12
805400	2008	351	on	1983-09-13
804600	2008	351	on	1983-09-14
805000	2008	327	on	1983-09-15
1881900	2008	339	on	1983-09-16
2014700	2008	323	on	1983-09-17
2331600	2008	342	on	1983-09-18
2332400	2008	118	off	1983-09-19
2451900	2008	117	off	1983-09-20
1835300	2008	122	off	1983-09-21
2017500	2008	115	off	1983-09-22
1842400	2008	121	off	1983-09-23
501200	2008	115	off	1983-09-24
2607100	2008	107	off	1983-09-25
805400	2008	101	off	1983-09-26
804600	2008	98	off	1983-09-27
805000	2008	97	off	1983-09-28
1881900	2008	123	off	1983-09-29
2014700	2008	121	off	1983-09-30
2331600	2008	125	off	1983-10-01
2332400	2009	341	on	1983-10-02
1835300	2009	341	on	1983-10-03
2017500	2009	336	on	1983-10-04
1842400	2009	346	on	1983-10-05
805400	2009	364	on	1983-10-06
804600	2009	362	on	1983-10-07
805000	2009	345	on	1983-10-08
1881900	2009	346	on	1983-10-09
2014700	2009	336	on	1983-10-10
2331600	2009	352	on	1983-10-11
2332400	2009	110	off	1983-10-12
1835300	2009	110	off	1983-10-13
2017500	2009	110	off	1983-10-14
1842400	2009	110	off	1983-10-15
2607100	2009	94	off	1983-10-16
805400	2009	83	off	1983-10-17
804600	2009	84	off	1983-10-18
805000	2009	78	off	1983-10-19
1881900	2009	114	off	1983-10-20
2014700	2009	112	off	1983-10-21
2331600	2009	118	off	1983-10-22
2332400	2010	90	off	1983-10-23
1835300	2010	90	off	1983-10-24
2017500	2010	88	off	1983-10-25
1842400	2010	88	off	1983-10-26
2607100	2010	85	off	1983-10-27
805400	2010	86	off	1983-10-28
804600	2010	85	off	1983-10-29
805000	2010	86	off	1983-10-30
1881900	2010	91	off	1983-10-31
2014700	2010	90	off	1983-11-01
2331600	2010	93	off	1983-11-02
2017500	2010	323	on	1983-11-03
2332400	2010	327	on	1983-11-04
2014700	2010	327	on	1983-11-05
1842400	2010	336	on	1983-11-06
1835300	2010	338	on	1983-11-07
1881900	2010	340	on	1983-11-08
2331600	2010	342	on	1983-11-09
2331600	2011	1	on	1983-11-10
2017500	2011	113	off	1983-11-11
2332400	2011	115	off	1983-11-12
1881900	2011	115	off	1983-11-13
1835300	2011	117	off	1983-11-14
1842400	2011	117	off	1983-11-15
2014700	2011	119	off	1983-11-16
2331600	2011	119	off	1983-11-17
2017500	2011	322	on	1983-11-18
2014700	2011	322	on	1983-11-19
2332400	2011	333	on	1983-11-20
1835300	2011	338	on	1983-11-21
1842400	2011	338	on	1983-11-22
1881900	2011	340	on	1983-11-23
2332400	2012	79	off	1983-11-24
1835300	2012	79	off	1983-11-25
2017500	2012	79	off	1983-11-26
1842400	2012	79	off	1983-11-27
1881900	2012	79	off	1983-11-28
2331600	2012	79	off	1983-11-29
2014700	2012	83	off	1983-11-30
2017500	2012	328	on	1983-12-01
2014700	2012	328	on	1983-12-02
2332400	2012	341	on	1983-12-03
1842400	2012	342	on	1983-12-04
1835300	2012	345	on	1983-12-05
1881900	2012	345	on	1983-12-06
2331600	2012	354	on	1983-12-07
2017500	2013	126	off	1983-12-08
1842400	2013	127	off	1983-12-09
2014700	2013	127	off	1983-12-10
2332400	2013	128	off	1983-12-11
1835300	2013	129	off	1983-12-12
1881900	2013	129	off	1983-12-13
2331600	2013	133	off	1983-12-14
2332400	2013	322	on	1983-12-15
2017500	2013	322	on	1983-12-16
2014700	2013	322	on	1983-12-17
1835300	2013	331	on	1983-12-18
1842400	2013	331	on	1983-12-19
1881900	2013	331	on	1983-12-20
2331600	2013	341	on	1983-12-21
2017500	2014	124	off	1983-12-22
2332400	2014	125	off	1983-12-23
1842400	2014	125	off	1983-12-24
1835300	2014	127	off	1983-12-25
1881900	2014	127	off	1983-12-26
2014700	2014	127	off	1983-12-27
2331600	2014	128	off	1983-12-28
2017500	2014	311	on	1983-12-29
2014700	2014	311	on	1983-12-30
2332400	2014	324	on	1983-12-31
1835300	2014	324	on	1984-01-01
1842400	2014	324	on	1984-01-02
1881900	2014	324	on	1984-01-03
2331600	2014	331	on	1984-01-04
2332400	2015	100	off	1984-01-05
2017500	2015	100	off	1984-01-06
2014700	2015	100	off	1984-01-07
1842400	2015	103	off	1984-01-08
1835300	2015	104	off	1984-01-09
1881900	2015	104	off	1984-01-10
2331600	2015	107	off	1984-01-11
