"WBIC","# Sampling Events","# Samples per Year","Earliest Year","Latest Year","N Years Unsampled (from 1990-2012)","# Individual Observations","In Analysis"
793600,474,22,1990,2013,1,3548,"Yes"
1842400,427,19,1990,2012,0,8438,"Yes"
2014700,425,18,1990,2013,0,5941,"Yes"
2017500,423,18,1990,2013,0,1268,"Yes"
1835300,409,18,1990,2012,0,8068,"Yes"
1881900,409,18,1990,2012,0,7683,"Yes"
2331600,407,18,1990,2012,0,13311,"Yes"
2332400,407,18,1990,2012,0,3229,"Yes"
804600,358,16,1990,2012,0,6940,"Yes"
805400,332,14,1990,2012,0,7871,"Yes"
985100,314,14,1990,2012,0,5977,"Yes"
805000,260,15,1996,2012,6,1288,"Yes"
287200,232,18,1998,2011,10,926,"Yes"
1593800,224,15,1998,2012,8,1309,"Yes"
30300,203,14,1997,2012,8,2294,"Yes"
1377100,203,17,1994,2012,11,4477,"Yes"
406900,193,14,1993,2012,9,963,"Yes"
396500,175,8,1990,2012,0,2039,"Yes"
2094100,175,10,1994,2012,6,1034,"Yes"
2068000,165,8,1993,2012,3,1466,"Yes"
2351400,165,7,1990,2012,0,1353,"Yes"
737900,164,11,1996,2010,8,1502,"Yes"
1260600,161,11,1995,2012,8,1572,"Yes"
1835500,156,10,1998,2012,8,790,"Yes"
1601300,155,12,2000,2012,10,967,"Yes"
1588200,154,8,1990,2012,4,2852,"Yes"
672900,152,8,1992,2012,3,1800,"Yes"
779300,149,10,1993,2011,8,971,"Yes"
45200,137,6,1990,2011,1,1112,"Yes"
2499000,136,6,1990,2012,0,569,"Yes"
835800,134,6,1990,2012,1,532,"Yes"
968800,133,6,1990,2013,0,1002,"Yes"
389300,127,6,1990,2012,0,447,"Yes"
716800,126,5,1990,2012,0,1336,"Yes"
830700,124,5,1990,2012,0,1040,"Yes"
186400,123,6,1992,2012,2,997,"Yes"
2641000,123,7,1996,2012,6,786,"Yes"
2435000,122,11,1999,2012,12,1004,"Yes"
2692900,121,7,1994,2011,5,1373,"Yes"
1542400,120,5,1990,2012,1,1189,"Yes"
2435700,120,5,1990,2012,0,1171,"Yes"
25300,119,5,1990,2012,0,1239,"Yes"
1345700,119,15,1993,2012,15,2920,"Yes"
2393200,119,5,1990,2012,0,1408,"Yes"
853200,114,5,1990,2011,2,946,"Yes"
1022900,113,10,2001,2012,12,921,"Yes"
2152800,113,5,1990,2012,1,2032,"Yes"
28100,112,5,1990,2011,1,864,"Yes"
2460700,108,6,1995,2011,6,763,"Yes"
1623800,107,7,1996,2012,8,1444,"Yes"
2615100,106,5,1990,2011,1,466,"Yes"
2294900,105,7,1998,2012,8,2951,"Yes"
1540400,103,6,1994,2012,5,718,"Yes"
299100,102,5,1990,2012,1,949,"Yes"
1019500,102,4,1990,2012,0,1012,"Yes"
104000,101,7,1992,2012,8,3560,"Yes"
555700,101,6,1994,2012,6,715,"Yes"
750800,101,5,1993,2012,3,985,"Yes"
1527800,100,10,1991,2012,13,756,"Yes"
2618000,100,5,1991,2012,3,843,"Yes"
68300,99,4,1990,2012,1,889,"Yes"
98600,99,5,1993,2012,3,364,"Yes"
2678100,99,7,1997,2012,8,800,"Yes"
417400,97,5,1991,2011,2,893,"Yes"
97700,96,5,1990,2012,5,489,"Yes"
2106800,96,5,1992,2011,4,2512,"Yes"
827100,95,5,1992,2012,2,862,"Yes"
2081200,95,6,1992,2011,7,1617,"Yes"
2417000,95,5,1993,2012,3,901,"Yes"
38700,94,5,1990,2008,5,682,"Yes"
692900,93,5,1993,2012,3,672,"Yes"
163970,92,5,1995,2012,5,986,"Yes"
345100,91,5,1994,2012,4,692,"Yes"
692400,91,5,1993,2012,3,601,"Yes"
2453500,91,6,1997,2012,7,701,"Yes"
2618100,91,5,1991,2012,3,619,"Yes"
2619400,91,4,1990,2011,2,1436,"Yes"
1579900,90,5,1990,2012,6,702,"Yes"
1630100,90,8,2002,2012,12,949,"Yes"
2236800,90,4,1993,2012,3,355,"Yes"
763600,89,5,1993,2011,4,903,"Yes"
850800,89,4,1990,2012,0,747,"Yes"
854300,89,4,1992,2011,3,771,"Yes"
1589100,88,4,1992,2011,3,604,"Yes"
2306300,88,6,1998,2012,9,794,"Yes"
2490500,88,5,1994,2012,6,1019,"Yes"
2079700,87,4,1990,2011,3,593,"Yes"
2109600,87,5,1993,2012,7,762,"Yes"
2620000,86,5,1993,2012,4,583,"Yes"
968100,84,5,1994,2011,5,725,"Yes"
2495100,84,5,1993,2011,6,692,"Yes"
146100,83,5,1990,2010,5,662,"Yes"
2693800,83,4,1993,2012,4,785,"Yes"
131100,82,4,1990,2012,3,1159,"Yes"
1538600,82,5,1993,2012,5,488,"Yes"
1605800,82,4,1994,2012,4,707,"Yes"
2283300,82,4,1990,2012,2,495,"Yes"
2310400,82,5,1993,2012,5,507,"Yes"
2493100,82,4,1993,2012,4,615,"Yes"
2624200,82,5,1994,2011,5,451,"Yes"
826300,81,5,1995,2012,6,1264,"Yes"
775000,79,3,1990,2012,0,439,"Yes"
1564200,79,4,1990,2012,3,838,"Yes"
1569900,79,6,1995,2012,9,648,"Yes"
195400,77,5,1996,2012,6,684,"Yes"
1629500,76,5,1996,2012,8,635,"Yes"
2310200,75,4,1992,2012,5,627,"Yes"
2485700,75,6,2001,2012,11,927,"Yes"
2693700,75,4,1994,2012,6,794,"Yes"
2897100,75,4,1991,2011,4,994,"Yes"
855200,74,4,1992,2012,5,789,"Yes"
1596300,74,6,1996,2012,11,1326,"Yes"
2615900,73,5,1995,2012,8,519,"Yes"
2953500,72,4,1993,2011,4,656,"Yes"
766600,71,4,1994,2012,6,1124,"Yes"
969600,71,5,1997,2011,9,657,"Yes"
2392000,71,5,1996,2012,9,873,"Yes"
2616100,71,5,1995,2012,8,696,"Yes"
373500,70,5,1996,2011,9,592,"Yes"
741500,70,4,1990,2012,5,548,"Yes"
2390800,70,4,1990,2012,5,619,"Yes"
653700,69,4,1992,2012,5,737,"Yes"
117500,68,5,1992,2012,9,823,"Yes"
162500,68,5,1990,2012,8,602,"Yes"
179800,68,5,1995,2011,9,619,"Yes"
588000,68,4,1992,2012,5,588,"Yes"
747900,65,3,1990,2011,4,638,"Yes"
394400,64,5,1999,2012,9,695,"Yes"
322800,62,4,1999,2012,9,713,"Yes"
1412200,62,4,1990,2012,8,530,"Yes"
2694000,62,5,2000,2012,10,2046,"Yes"
2661100,61,4,1994,2012,6,884,"Yes"
2330800,58,4,2000,2012,10,619,"Yes"
2858100,57,4,1990,2010,10,436,"Yes"
843400,55,6,2000,2012,14,339,"Yes"
2650900,54,3,1994,2012,7,452,"Yes"
180300,53,6,1993,2011,14,589,"Yes"
981200,51,4,2000,2012,10,556,"Yes"
2079800,51,5,1999,2012,13,719,"Yes"
2320800,50,4,2000,2011,11,632,"Yes"
1296000,37,5,1993,2012,15,299,"Yes"
1378100,27,3,1991,2012,15,534,"Yes"
2268500,133,13,2001,2010,13,1070,"No"
816800,117,5,1990,2012,1,637,"No"
777400,105,6,1994,2012,4,402,"No"
2450500,105,5,1990,2011,1,517,"No"
1018500,104,12,2001,2012,14,472,"No"
2169200,104,5,1990,2011,1,330,"No"
1881100,103,5,1990,2012,3,684,"No"
755800,102,11,1994,2012,14,551,"No"
755700,101,11,1994,2012,14,500,"No"
848800,100,5,1990,2012,3,721,"No"
462000,98,5,1993,2012,3,322,"No"
755600,98,11,1994,2012,14,505,"No"
2353600,97,6,1990,2011,8,563,"No"
608400,96,5,1995,2012,5,471,"No"
772000,95,4,1990,2012,0,470,"No"
2741600,95,5,1990,2012,4,583,"No"
2624600,94,10,2003,2011,14,897,"No"
1020400,92,5,1994,2011,5,695,"No"
106900,91,5,1993,2011,6,435,"No"
1179900,89,10,1995,2012,14,496,"No"
750300,88,4,1990,2012,0,453,"No"
2245100,88,5,1993,2012,4,356,"No"
1280400,87,4,1990,2012,3,669,"No"
1844000,86,10,2003,2011,14,772,"No"
2705400,86,5,1990,2008,4,956,"No"
1596600,85,4,1992,2012,3,447,"No"
478200,82,12,2006,2012,16,315,"No"
2092500,82,6,1994,2012,9,683,"No"
326400,81,4,1992,2012,4,553,"No"
467100,79,7,1993,2012,12,153,"No"
617900,79,5,1995,2011,6,185,"No"
2109300,79,9,2004,2012,14,1095,"No"
802600,77,6,1990,2011,10,516,"No"
982400,77,8,2003,2012,13,468,"No"
1003700,77,4,1994,2012,4,440,"No"
1875100,77,6,2000,2012,10,656,"No"
2742700,76,4,1990,2012,3,525,"No"
852400,75,4,1993,2012,3,536,"No"
2714500,75,8,2004,2012,14,765,"No"
828000,73,4,1990,2012,3,509,"No"
858300,73,4,1990,2012,4,398,"No"
968500,73,5,1997,2012,8,1089,"No"
105200,72,4,1996,2012,6,414,"No"
245650,72,4,1994,2012,4,285,"No"
421600,72,7,1997,2012,12,199,"No"
448200,72,5,1992,2007,8,199,"No"
2100800,72,5,1990,2011,9,567,"No"
2268600,72,7,2000,2010,12,319,"No"
315600,71,7,1990,2012,13,216,"No"
995000,71,4,1996,2011,7,397,"No"
1626000,71,6,2000,2011,11,214,"No"
175700,70,4,1990,2012,3,169,"No"
246500,70,4,1994,2011,6,493,"No"
586800,70,9,2005,2012,15,726,"No"
1523000,70,4,1995,2011,7,417,"No"
2494500,70,4,1995,2011,6,525,"No"
2649500,70,4,1993,2011,4,664,"No"
2706300,70,4,1995,2012,6,406,"No"
2747300,70,4,1995,2012,6,413,"No"
2953800,70,4,1996,2011,7,629,"No"
299200,69,4,1995,2012,7,624,"No"
765800,69,6,1995,2011,12,212,"No"
289400,68,7,1993,2011,13,622,"No"
466800,68,8,2004,2012,14,225,"No"
809600,68,3,1990,2012,3,458,"No"
2104500,68,4,1993,2009,7,473,"No"
1286500,67,4,1990,2011,4,447,"No"
2454800,67,11,2007,2012,17,406,"No"
2485900,67,5,1995,2012,9,432,"No"
2607100,67,6,1991,2012,11,198,"No"
494200,66,5,1993,2012,9,462,"No"
743000,65,3,1991,2012,4,259,"No"
980900,65,6,1998,2012,12,537,"No"
1836100,65,4,1997,2012,7,543,"No"
1841300,65,7,2003,2012,14,802,"No"
2712000,65,8,2004,2011,15,535,"No"
976100,63,5,2000,2012,10,315,"No"
2621100,62,3,1993,2012,5,489,"No"
6100,61,4,1992,2005,9,423,"No"
117600,61,4,1993,2012,7,534,"No"
795100,61,4,1996,2011,7,424,"No"
2350600,61,4,1991,2007,9,557,"No"
299300,60,4,1998,2012,9,579,"No"
2391200,60,5,1995,2007,10,499,"No"
2616000,60,5,1996,2008,10,500,"No"
2628600,60,10,1996,2012,17,237,"No"
2670600,60,4,1997,2012,8,387,"No"
2732600,60,6,2003,2012,13,633,"No"
2953100,60,5,2000,2012,10,504,"No"
766000,59,3,1993,2011,6,515,"No"
2267800,59,5,1996,2010,11,519,"No"
2670700,59,4,1997,2012,8,364,"No"
1001000,58,5,1992,2011,11,490,"No"
1406300,58,4,1990,2011,7,156,"No"
2109800,58,4,1993,2012,10,293,"No"
2113300,58,5,1996,2012,12,292,"No"
2496300,58,3,1990,2011,6,109,"No"
2949500,58,7,2005,2012,15,504,"No"
77500,57,4,1992,2012,10,310,"No"
1832800,57,6,2004,2012,14,285,"No"
2308000,57,4,2000,2012,10,426,"No"
2328400,57,5,2000,2011,11,761,"No"
2328700,57,4,1995,2012,9,610,"No"
2350200,57,4,1994,2008,9,601,"No"
2691500,57,6,2003,2012,13,613,"No"
418000,56,4,1992,2012,7,238,"No"
502300,56,5,2002,2012,12,573,"No"
1878100,56,8,2005,2011,16,438,"No"
2335500,56,4,1994,2010,7,368,"No"
2741700,56,6,2003,2012,13,233,"No"
94200,55,6,1992,2012,13,642,"No"
466700,55,6,2003,2012,13,137,"No"
735100,55,5,1993,2010,11,221,"No"
1541100,55,5,1996,2007,11,476,"No"
1623700,55,5,1996,2012,11,387,"No"
2599400,55,4,1993,2012,9,483,"No"
967900,54,4,1998,2011,9,195,"No"
1588000,54,4,2000,2012,10,186,"No"
1609900,54,4,1992,2004,11,225,"No"
2464500,54,3,1993,2012,7,410,"No"
321300,53,4,1992,2012,10,496,"No"
1005800,53,4,1998,2011,9,328,"No"
1884100,53,3,1997,2012,7,453,"No"
2418600,53,3,1993,2011,7,189,"No"
66800,52,6,1993,2003,15,485,"No"
181400,52,4,1994,2012,11,381,"No"
2329000,52,4,1997,2011,10,438,"No"
2488600,52,5,2003,2012,13,160,"No"
1342100,51,6,1994,2011,14,227,"No"
1427200,51,13,2009,2012,19,51,"No"
1513000,51,4,1998,2012,10,160,"No"
1858200,51,4,1992,2012,11,334,"No"
2958500,51,4,1992,2012,9,492,"No"
986000,50,3,1990,2012,7,312,"No"
2742100,50,5,2002,2012,12,630,"No"
2065900,49,4,1990,2012,11,285,"No"
2150200,49,4,1991,2011,10,133,"No"
2268300,49,5,1996,2010,13,311,"No"
2451300,49,4,1997,2011,9,356,"No"
2675200,49,5,2003,2012,13,419,"No"
2239400,48,5,2000,2008,14,183,"No"
2471600,48,4,2000,2012,10,342,"No"
850300,47,5,1997,2006,14,455,"No"
903700,47,3,1997,2012,9,305,"No"
1020300,47,4,1999,2012,12,517,"No"
1490300,47,4,1992,2009,12,378,"No"
2275100,47,7,1996,2012,16,669,"No"
2324000,47,4,2001,2011,12,486,"No"
2429300,47,4,2002,2012,12,396,"No"
67400,46,5,1994,2010,13,655,"No"
521400,46,4,1991,2012,10,83,"No"
2473500,46,4,1991,2012,12,266,"No"
2691800,46,6,2004,2012,15,130,"No"
2866200,46,4,1991,2009,12,666,"No"
2956800,46,5,1994,2011,13,315,"No"
738200,45,4,1993,2003,12,418,"No"
2046600,45,4,1996,2012,12,459,"No"
2695800,45,4,2000,2012,13,257,"No"
365500,44,4,2000,2011,11,430,"No"
742800,44,6,1991,1998,16,275,"No"
996100,44,5,1994,2002,14,265,"No"
1427400,44,6,1991,2012,15,160,"No"
1515200,44,4,2002,2012,13,322,"No"
1887500,44,6,1994,2011,16,427,"No"
2135600,44,4,1995,2007,11,142,"No"
2256800,44,5,2002,2011,14,116,"No"
2394100,44,4,1994,2003,13,425,"No"
2465700,44,4,2002,2011,13,485,"No"
323800,43,7,2002,2012,17,194,"No"
388100,43,4,2002,2012,12,185,"No"
487500,43,4,2000,2011,13,689,"No"
779800,43,4,1992,2012,13,462,"No"
1012000,43,4,1994,2007,11,139,"No"
2674800,43,4,1994,2010,11,263,"No"
2742500,43,5,2003,2012,15,454,"No"
139900,42,4,1990,2011,11,208,"No"
259600,42,4,1994,2004,13,234,"No"
388500,42,5,2002,2011,15,313,"No"
1523500,42,3,1992,2012,9,327,"No"
283600,41,3,1992,2012,9,133,"No"
825000,41,3,2000,2012,10,160,"No"
998600,41,5,2004,2012,14,242,"No"
1602300,41,5,1993,2012,14,498,"No"
2463300,41,5,2004,2012,14,180,"No"
2960300,41,4,2002,2011,13,390,"No"
198800,40,3,1992,2012,11,82,"No"
1844700,40,3,1995,2012,9,341,"No"
1861400,40,4,1990,2011,14,378,"No"
2953200,40,4,2000,2011,12,504,"No"
258700,39,5,1998,2012,15,246,"No"
498800,39,3,1993,2012,9,249,"No"
1519600,39,6,2007,2012,17,420,"No"
1764000,39,4,2003,2011,14,320,"No"
2157000,39,5,1990,2004,15,209,"No"
2649800,39,3,1996,2012,10,424,"No"
2691900,39,5,2004,2012,15,544,"No"
2956500,39,4,1996,2011,12,332,"No"
105800,38,3,1992,2012,12,286,"No"
107700,38,13,2006,2012,20,313,"No"
822200,38,6,2004,2011,17,151,"No"
1377900,38,3,1991,2012,12,328,"No"
1506200,38,4,1994,2003,14,306,"No"
2098000,38,8,1990,2011,18,966,"No"
2272000,38,5,2004,2012,15,81,"No"
2284000,38,4,2002,2012,14,327,"No"
2297000,38,4,1990,2003,13,73,"No"
2459700,38,5,2004,2011,15,311,"No"
849600,37,3,1990,2007,12,389,"No"
1653500,37,5,1993,2012,15,241,"No"
258600,36,4,1998,2012,14,203,"No"
270200,36,3,1994,2011,12,208,"No"
997400,36,3,2000,2012,11,275,"No"
1506800,36,6,2001,2011,17,226,"No"
1835100,36,4,1990,2012,14,386,"No"
2094000,36,12,2007,2012,20,454,"No"
2326700,36,5,2003,2012,16,396,"No"
2420600,36,4,1996,2011,14,209,"No"
139300,35,7,2008,2012,18,390,"No"
470900,35,4,1993,2012,14,137,"No"
739100,35,3,2000,2012,10,126,"No"
1011100,35,4,2005,2012,15,357,"No"
1239400,35,3,1997,2010,12,424,"No"
1245800,35,4,2001,2010,15,266,"No"
2393500,35,4,1993,2011,15,333,"No"
189800,34,3,1994,2011,13,102,"No"
813100,34,4,2005,2012,15,147,"No"
835100,34,3,1991,2012,11,159,"No"
1593400,34,3,1997,2010,13,163,"No"
2094300,34,11,2007,2012,20,389,"No"
2094600,34,17,2011,2012,21,338,"No"
2494900,34,5,2005,2012,16,330,"No"
2718500,34,3,2000,2012,13,387,"No"
2865000,34,4,1993,2011,14,296,"No"
257700,33,5,1994,2001,16,101,"No"
340500,33,4,2000,2012,15,592,"No"
1005700,33,5,1998,2007,16,186,"No"
1523600,33,5,1996,2012,16,239,"No"
1539600,33,4,2002,2011,14,329,"No"
1571100,33,4,2001,2012,15,194,"No"
1600200,33,5,1992,2005,16,178,"No"
1613500,33,6,2006,2011,17,253,"No"
2103900,33,7,1996,2011,18,364,"No"
2359700,33,3,1992,2012,13,208,"No"
2501700,33,6,2004,2011,17,260,"No"
2671000,33,4,1993,2004,15,292,"No"
2671100,33,4,1993,2004,15,180,"No"
2740300,33,3,1993,2010,13,277,"No"
2916900,33,3,1997,2011,13,201,"No"
195000,32,3,1997,2008,13,110,"No"
466900,32,5,2006,2012,16,171,"No"
1020900,32,5,1994,2009,16,142,"No"
1598300,32,4,1998,2012,15,80,"No"
242800,31,3,1998,2011,13,148,"No"
679300,31,3,1995,2011,13,67,"No"
1542700,31,3,1991,2012,13,223,"No"
1613000,31,5,2006,2011,17,121,"No"
2334300,31,3,1997,2009,14,279,"No"
2640100,31,4,1990,2012,15,275,"No"
2743600,31,4,2004,2011,15,173,"No"
283800,30,4,1993,2000,16,199,"No"
399200,30,4,1992,2012,15,110,"No"
590800,30,5,2007,2012,17,209,"No"
760900,30,3,1998,2011,14,231,"No"
808700,30,2,1998,2012,11,125,"No"
1516500,30,6,2004,2011,18,258,"No"
1558400,30,3,1998,2007,14,152,"No"
1609100,30,4,1994,2011,15,247,"No"
2478200,30,5,1993,2012,17,103,"No"
2673500,30,4,2004,2011,15,237,"No"
107900,29,4,2005,2012,16,293,"No"
161600,29,3,2001,2011,14,132,"No"
734800,29,6,2007,2011,18,231,"No"
759800,29,4,1991,2003,15,60,"No"
779200,29,4,1995,2012,15,277,"No"
1369900,29,5,1991,2012,17,34,"No"
1569600,29,3,2004,2012,14,255,"No"
1573800,29,7,2006,2011,19,141,"No"
2313100,29,4,2005,2012,15,350,"No"
2321100,29,4,2001,2011,16,351,"No"
2467900,29,4,2006,2012,16,311,"No"
2670900,29,4,1993,1999,16,189,"No"
2706800,29,3,1990,2011,12,52,"No"
2735500,29,5,2005,2011,17,275,"No"
188700,28,3,1994,2004,14,87,"No"
471200,28,4,2003,2012,16,119,"No"
734700,28,6,2007,2011,18,83,"No"
768600,28,3,1993,2004,12,84,"No"
1481600,28,4,1993,2012,15,82,"No"
1602600,28,5,1992,2012,17,181,"No"
2330300,28,5,2007,2012,17,101,"No"
2704200,28,6,2003,2011,18,105,"No"
397100,27,4,2003,2012,16,89,"No"
1405200,27,2,1999,2011,12,54,"No"
1579700,27,3,2004,2011,15,210,"No"
1831700,27,3,1997,2007,13,141,"No"
2743300,27,3,2004,2012,14,210,"No"
84600,26,6,1994,2010,19,67,"No"
184200,26,2,1990,2008,11,221,"No"
985300,26,3,2004,2012,15,293,"No"
1612200,26,4,2007,2012,17,235,"No"
1624100,26,4,1993,1998,17,177,"No"
2184900,26,4,1993,1998,17,140,"No"
2323000,26,3,1996,2003,15,233,"No"
2329600,26,4,2000,2005,17,276,"No"
2630200,26,5,2007,2011,18,348,"No"
198100,25,3,1994,2004,14,201,"No"
376900,25,5,2003,2012,18,225,"No"
1176500,25,3,2001,2012,15,125,"No"
1295400,25,3,1993,2012,15,104,"No"
1542600,25,4,2003,2012,17,104,"No"
2139000,25,4,1997,2003,16,100,"No"
2157900,25,6,1995,2004,19,48,"No"
2311700,25,6,2005,2009,19,182,"No"
2473600,25,4,2006,2012,16,209,"No"
2494800,25,4,2006,2012,16,232,"No"
2598600,25,6,1998,2012,19,169,"No"
2768100,25,8,2000,2002,20,257,"No"
985000,24,4,1995,2001,17,105,"No"
1517200,24,2,1992,2011,13,278,"No"
1580100,24,8,1999,2001,20,24,"No"
1762700,24,3,2005,2011,16,150,"No"
2112800,24,3,1993,2012,15,168,"No"
2344000,24,4,2001,2012,17,309,"No"
2416900,24,2,1995,2006,13,52,"No"
650500,23,3,2002,2012,16,141,"No"
762400,23,8,1994,1996,20,68,"No"
762700,23,6,1992,2003,19,89,"No"
1301300,23,5,2008,2012,18,192,"No"
1377700,23,3,1991,2012,15,200,"No"
1592400,23,5,1994,2011,18,395,"No"
2125400,23,5,1993,2011,18,120,"No"
2321800,23,3,2005,2012,16,211,"No"
2339900,23,4,1990,1999,17,37,"No"
775900,22,3,1999,2011,16,136,"No"
816000,22,4,2004,2012,17,72,"No"
1603800,22,4,1992,2012,17,232,"No"
2105100,22,3,1993,2009,16,320,"No"
2160700,22,4,2001,2012,17,139,"No"
2340500,22,7,1998,2000,20,154,"No"
2628100,22,4,2007,2012,17,358,"No"
2692000,22,3,2004,2012,16,86,"No"
2757900,22,4,1997,2007,18,114,"No"
168190,21,4,2005,2012,17,43,"No"
503300,21,4,2007,2011,18,84,"No"
753800,21,3,1993,2004,16,37,"No"
2079000,21,4,2004,2010,18,186,"No"
2107700,21,4,2007,2011,18,74,"No"
2336800,21,4,2007,2012,17,259,"No"
2340900,21,7,1998,2000,20,77,"No"
28300,20,5,1990,2001,19,48,"No"
102600,20,3,1992,2012,17,167,"No"
191100,20,2,1993,2012,14,186,"No"
250000,20,5,2009,2012,19,85,"No"
820800,20,3,2000,2010,17,60,"No"
1191600,20,4,1994,2012,18,130,"No"
1403200,20,3,1992,2011,17,77,"No"
1515400,20,3,2003,2012,16,193,"No"
1590400,20,4,2006,2011,18,216,"No"
1592000,20,3,1998,2010,17,86,"No"
1609000,20,5,2009,2012,19,106,"No"
2313600,20,3,2002,2011,17,152,"No"
2340700,20,7,1998,2000,20,122,"No"
2771200,20,2,2000,2011,14,138,"No"
103600,19,3,1992,2012,17,49,"No"
819800,19,4,1993,1997,18,63,"No"
1010700,19,3,1992,1997,17,36,"No"
1599900,19,4,1992,2010,18,85,"No"
2089500,19,6,2005,2011,20,130,"No"
2316600,19,3,2003,2011,16,262,"No"
2317600,19,5,2000,2003,19,147,"No"
2477300,19,6,2010,2012,20,96,"No"
2628800,19,6,2010,2012,20,38,"No"
2640500,19,3,2005,2012,17,92,"No"
2650300,19,4,1991,1996,18,112,"No"
64000,18,4,1994,2011,18,337,"No"
67200,18,3,1996,2005,17,98,"No"
106500,18,3,1992,2011,17,96,"No"
525900,18,3,1996,2008,17,41,"No"
552100,18,4,2007,2010,19,58,"No"
770600,18,3,1998,2011,17,107,"No"
978900,18,3,1990,2010,17,72,"No"
1045600,18,6,2004,2007,20,100,"No"
1518200,18,2,1992,2012,15,180,"No"
1880600,18,4,2005,2008,19,133,"No"
2053400,18,3,1990,2003,16,214,"No"
2081500,18,3,1992,2011,17,71,"No"
2322800,18,3,2004,2011,16,186,"No"
2355300,18,3,1998,2012,17,90,"No"
2382300,18,6,2004,2012,20,134,"No"
2395600,18,4,1995,1998,19,145,"No"
2606900,18,9,1992,1993,21,18,"No"
2607400,18,6,1993,2003,20,28,"No"
2954800,18,4,2009,2012,19,271,"No"
108200,17,3,1993,2002,17,117,"No"
158700,17,4,1991,2012,19,45,"No"
241600,17,3,1998,2011,17,56,"No"
672700,17,3,1997,2012,17,140,"No"
1236600,17,6,1995,1999,20,147,"No"
1352000,17,2,1995,2012,15,76,"No"
1600300,17,4,2003,2006,19,18,"No"
1604200,17,2,2004,2012,15,98,"No"
2092900,17,3,1992,1997,18,26,"No"
2322500,17,3,1998,2003,17,73,"No"
2461100,17,3,2008,2012,18,118,"No"
2601500,17,6,1996,1998,20,70,"No"
2616400,17,4,1996,2012,19,69,"No"
37900,16,4,1990,1999,19,39,"No"
85200,16,2,1994,2006,16,116,"No"
133700,16,5,1990,1997,20,16,"No"
777500,16,5,2007,2011,20,50,"No"
837100,16,4,1991,2011,19,76,"No"
988000,16,2,2001,2011,15,46,"No"
1177400,16,4,2005,2008,19,81,"No"
1246500,16,4,2004,2010,19,133,"No"
1249000,16,5,2007,2009,20,104,"No"
1258100,16,2,2000,2010,16,86,"No"
1374300,16,3,1994,2012,17,42,"No"
1517900,16,4,2003,2012,19,122,"No"
1542300,16,3,1991,2012,17,68,"No"
2423000,16,3,2000,2006,18,74,"No"
2436500,16,3,1999,2011,17,107,"No"
2451900,16,3,1999,2012,17,176,"No"
2470800,16,2,2001,2011,16,166,"No"
2963800,16,8,1998,2006,21,16,"No"
424700,15,4,1994,1999,19,59,"No"
758300,15,5,1990,1996,20,81,"No"
816600,15,2,1993,1998,17,65,"No"
989300,15,4,1994,1997,19,94,"No"
991700,15,5,1998,2006,20,15,"No"
1220200,15,5,1998,2004,20,107,"No"
1445100,15,3,1992,2007,18,96,"No"
1539700,15,4,2009,2012,19,144,"No"
1567200,15,8,2000,2001,21,15,"No"
1580400,15,3,1990,1994,18,15,"No"
1670030,15,4,1992,2012,19,115,"No"
2271600,15,4,2003,2010,19,92,"No"
2756400,15,4,1994,1997,19,56,"No"
168000,14,2,1991,2007,17,32,"No"
168300,14,4,2007,2012,19,31,"No"
182200,14,3,2008,2012,18,144,"No"
278600,14,4,1993,1996,19,70,"No"
491800,14,2,2007,2012,17,42,"No"
747100,14,4,1993,1997,19,41,"No"
859900,14,3,1992,2011,18,42,"No"
1528300,14,3,1993,2011,18,49,"No"
1837300,14,4,1997,2000,19,98,"No"
1846900,14,4,2003,2006,19,129,"No"
2488300,14,5,1993,2004,20,27,"No"
2693100,14,5,2008,2011,20,93,"No"
8900,13,4,1994,1996,20,25,"No"
30500,13,4,1990,1997,20,31,"No"
51200,13,6,1992,1994,21,14,"No"
179100,13,3,1992,2012,19,52,"No"
265300,13,3,1992,2007,18,104,"No"
279700,13,4,1996,2002,20,83,"No"
496300,13,3,2004,2012,19,31,"No"
738400,13,3,1998,2010,19,44,"No"
1004600,13,3,1992,2012,19,51,"No"
1014000,13,4,1997,1999,20,106,"No"
1210900,13,6,1998,1999,21,133,"No"
1595300,13,3,1993,2011,19,20,"No"
1623400,13,3,1997,2000,19,104,"No"
1813500,13,1,2003,2011,14,14,"No"
2264000,13,3,2000,2003,19,63,"No"
2620600,13,2,1993,2011,16,66,"No"
2762200,13,3,1997,2001,18,112,"No"
2949200,13,3,1991,2012,19,13,"No"
64200,12,4,1996,2005,20,19,"No"
68100,12,2,1992,2011,18,20,"No"
156300,12,2,1993,1998,18,51,"No"
703900,12,3,1993,2009,19,63,"No"
1018300,12,3,2009,2012,19,174,"No"
1631900,12,4,2009,2011,20,17,"No"
1727700,12,3,1997,2005,19,51,"No"
1849500,12,2,2007,2012,18,19,"No"
1864000,12,4,2005,2007,20,94,"No"
2054600,12,6,1993,1996,21,20,"No"
2303500,12,3,2004,2007,19,98,"No"
2489800,12,3,1993,2002,19,24,"No"
36000,11,6,1990,1991,21,23,"No"
146500,11,4,2004,2006,20,116,"No"
264100,11,2,1992,2007,18,37,"No"
501200,11,3,1993,2010,19,44,"No"
585700,11,3,2009,2012,19,51,"No"
886000,11,6,2007,2008,21,130,"No"
1176400,11,6,1990,1991,21,12,"No"
1581700,11,4,2001,2008,20,90,"No"
1598900,11,3,1995,2012,19,47,"No"
1614300,11,3,1993,2011,19,55,"No"
1844100,11,3,2009,2012,19,11,"No"
2295200,11,2,1998,2012,18,66,"No"
2300600,11,6,2010,2011,21,57,"No"
2323800,11,4,2005,2007,20,89,"No"
2352200,11,4,1994,2001,20,39,"No"
2496900,11,2,2005,2012,17,99,"No"
2661600,11,4,2010,2012,20,132,"No"
2705700,11,3,2007,2010,19,67,"No"
82900,10,2,1994,1998,19,59,"No"
264800,10,2,1992,2000,19,19,"No"
340900,10,5,2011,2012,21,153,"No"
446600,10,2,2000,2011,19,68,"No"
515100,10,2,1999,2012,19,19,"No"
530500,10,2,1993,2004,17,17,"No"
545400,10,3,1993,2003,20,35,"No"
672300,10,2,1993,2011,18,123,"No"
677400,10,2,2003,2012,17,74,"No"
1534800,10,5,1995,1996,21,60,"No"
1543900,10,3,2001,2011,20,24,"No"
2242500,10,5,1991,2012,21,39,"No"
2275300,10,2,1996,2012,19,75,"No"
2311100,10,2,2000,2004,19,137,"No"
2323600,10,3,2009,2011,20,60,"No"
2330700,10,2,2007,2010,19,51,"No"
2489200,10,2,2002,2009,19,87,"No"
2491100,10,3,2010,2012,20,82,"No"
2642000,10,10,2010,2010,22,37,"No"
2763300,10,5,2006,2007,21,150,"No"
2960600,10,5,2007,2008,21,103,"No"
77300,9,4,1996,2012,21,28,"No"
103900,9,3,1993,2001,20,10,"No"
167000,9,9,1994,1994,22,24,"No"
262300,9,3,1992,1994,20,18,"No"
262800,9,3,1992,1994,20,18,"No"
262900,9,3,1992,1994,20,18,"No"
264700,9,3,1992,1994,20,18,"No"
264900,9,3,1992,1994,20,18,"No"
265700,9,3,1992,1994,20,18,"No"
278800,9,2,1992,2006,19,11,"No"
339900,9,4,2011,2012,21,202,"No"
418300,9,2,1993,2009,18,32,"No"
614200,9,4,2007,2008,21,89,"No"
747300,9,2,1994,2001,19,18,"No"
830800,9,4,1996,2007,21,61,"No"
872600,9,2,2006,2009,19,14,"No"
984800,9,4,2009,2011,21,49,"No"
1242200,9,9,2004,2004,22,9,"No"
1445600,9,3,2002,2011,20,36,"No"
1555500,9,2,1997,2008,19,21,"No"
1591100,9,4,2010,2011,21,61,"No"
1605200,9,4,2010,2011,21,9,"No"
1629200,9,2,2005,2011,19,30,"No"
1834400,9,3,2006,2008,20,52,"No"
2098200,9,2,2002,2012,19,121,"No"
2171000,9,4,1990,1996,21,19,"No"
2385100,9,9,1998,1998,22,9,"No"
2500500,9,4,1996,1997,21,15,"No"
2627000,9,3,2010,2012,20,36,"No"
2630100,9,4,2010,2011,21,110,"No"
2724900,9,4,2004,2008,21,70,"No"
2903200,9,2,1991,2010,19,30,"No"
60800,8,3,1995,1997,20,15,"No"
62700,8,3,1996,2002,20,14,"No"
164300,8,4,1995,1996,21,15,"No"
178700,8,2,1992,2012,18,34,"No"
199700,8,3,1998,2000,20,38,"No"
245800,8,3,1992,1994,20,15,"No"
246700,8,2,2004,2011,19,16,"No"
262400,8,3,1992,1994,20,16,"No"
262600,8,4,1993,1994,21,16,"No"
403100,8,4,1993,1994,21,48,"No"
677100,8,2,1993,2011,19,22,"No"
740700,8,3,1995,2004,20,9,"No"
740900,8,4,1998,2002,21,16,"No"
1252300,8,3,1992,2005,20,14,"No"
1391200,8,4,1997,2004,21,18,"No"
1545600,8,2,1993,2012,19,18,"No"
1599600,8,3,1992,2006,20,15,"No"
1610700,8,3,2010,2012,20,10,"No"
1711500,8,4,1992,2008,21,11,"No"
1853400,8,3,2006,2008,20,48,"No"
2056600,8,3,1995,2006,20,11,"No"
2090900,8,4,2007,2008,21,79,"No"
2130100,8,3,1995,1997,20,32,"No"
2314100,8,2,2002,2012,19,8,"No"
2453400,8,8,2012,2012,22,31,"No"
2477700,8,8,2008,2008,22,8,"No"
2479900,8,4,1996,1997,21,15,"No"
2488000,8,4,1996,1997,21,15,"No"
2490400,8,4,1996,1997,21,15,"No"
2616200,8,4,1996,1997,21,8,"No"
2616900,8,4,1996,1997,21,11,"No"
2651800,8,4,1996,1997,21,15,"No"
2656200,8,4,2009,2010,21,23,"No"
2902900,8,3,1991,2007,20,13,"No"
2903800,8,3,1991,2007,20,14,"No"
2942300,8,2,1994,2012,19,12,"No"
2957000,8,8,2008,2008,22,117,"No"
58000,7,2,1992,2004,19,8,"No"
102800,7,4,1992,2012,21,41,"No"
267200,7,7,1994,1994,22,13,"No"
272900,7,2,2002,2011,20,14,"No"
337600,7,2,2002,2012,20,45,"No"
809800,7,7,2007,2007,22,65,"No"
903400,7,2,2007,2012,20,44,"No"
1009400,7,2,2005,2007,20,46,"No"
1178900,7,2,1992,2002,19,45,"No"
1374800,7,1,1995,2012,18,18,"No"
1545300,7,2,2007,2011,20,12,"No"
1636900,7,1,2003,2010,16,7,"No"
1641400,7,4,1994,2007,21,14,"No"
1642400,7,4,1994,2007,21,11,"No"
1678200,7,2,2002,2009,20,8,"No"
1875900,7,2,1998,2007,19,24,"No"
2152100,7,2,1991,2006,20,13,"No"
2170300,7,4,1995,1996,21,15,"No"
2399700,7,7,1993,1993,22,47,"No"
2419000,7,7,2003,2003,22,32,"No"
2462300,7,2,1993,2000,20,10,"No"
2598900,7,2,1993,2000,20,9,"No"
2756000,7,4,1996,1997,21,58,"No"
2903100,7,2,1991,2010,20,28,"No"
7100,6,2,2007,2009,20,59,"No"
32500,6,3,1997,2002,21,15,"No"
68600,6,3,1996,2012,21,10,"No"
87900,6,3,1994,2003,21,20,"No"
117900,6,6,1992,1992,22,13,"No"
196100,6,3,1996,2001,21,12,"No"
280400,6,3,1996,2002,21,11,"No"
340100,6,2,2002,2012,20,64,"No"
341000,6,3,2011,2012,21,90,"No"
387200,6,3,1993,1994,21,36,"No"
499000,6,6,1996,1996,22,10,"No"
584200,6,2,2009,2012,20,13,"No"
653900,6,2,1993,2011,20,12,"No"
703000,6,1,1995,2012,18,58,"No"
703500,6,1,1996,2012,18,37,"No"
728100,6,1,1999,2010,17,7,"No"
827000,6,2,1992,2000,20,14,"No"
979000,6,3,1998,1999,21,11,"No"
1389800,6,6,1997,1997,22,16,"No"
1487800,6,2,2004,2007,20,30,"No"
1516800,6,6,2007,2007,22,12,"No"
1536300,6,2,1997,2011,20,9,"No"
1544800,6,2,1992,2007,20,13,"No"
1597000,6,2,1997,2011,20,6,"No"
1612300,6,3,2011,2012,21,12,"No"
1612500,6,3,2011,2012,21,6,"No"
1612900,6,3,2011,2012,21,12,"No"
1614100,6,3,2010,2011,21,10,"No"
1621000,6,3,2010,2011,21,30,"No"
1621800,6,3,2010,2011,21,6,"No"
1722000,6,3,1992,2006,21,10,"No"
1753500,6,6,1992,1992,22,9,"No"
1833600,6,6,1996,1996,22,13,"No"
1855100,6,6,1995,1995,22,13,"No"
1886300,6,6,1996,1996,22,13,"No"
2171600,6,6,1995,1995,22,13,"No"
2175700,6,6,1995,1995,22,13,"No"
2178100,6,6,1995,1995,22,13,"No"
2239300,6,3,1996,2000,21,9,"No"
2298300,6,2,2003,2007,19,31,"No"
2343200,6,3,2011,2012,21,70,"No"
2352500,6,2,1994,2001,20,16,"No"
2489700,6,2,1993,2006,20,13,"No"
2492600,6,3,2004,2005,21,56,"No"
2767100,6,2,1997,2008,19,38,"No"
2902800,6,3,1991,2007,21,11,"No"
2903700,6,3,1991,2007,21,11,"No"
2964000,6,3,2006,2007,21,23,"No"
42400,5,2,1990,1991,21,10,"No"
45100,5,2,2005,2011,21,40,"No"
49800,5,5,1999,1999,22,5,"No"
63700,5,5,1996,1996,22,12,"No"
72800,5,5,2004,2004,22,50,"No"
85400,5,5,1994,1994,22,8,"No"
93100,5,5,1994,1994,22,7,"No"
103400,5,1,2003,2012,19,14,"No"
106600,5,1,1996,2012,19,18,"No"
284300,5,5,1996,1996,22,10,"No"
293300,5,2,2001,2002,21,10,"No"
327800,5,2,2000,2007,20,9,"No"
340200,5,2,2011,2012,21,52,"No"
340400,5,2,2011,2012,21,50,"No"
418700,5,2,2009,2010,21,80,"No"
470600,5,1,1992,2003,19,8,"No"
474900,5,5,1993,1993,22,10,"No"
502400,5,5,1996,1996,22,8,"No"
502600,5,5,1996,1996,22,10,"No"
518300,5,2,1993,2001,21,10,"No"
585100,5,1,2004,2012,19,39,"No"
587400,5,1,2003,2011,19,101,"No"
589400,5,1,2004,2011,19,19,"No"
651300,5,1,2001,2011,19,50,"No"
702400,5,1,2009,2012,19,42,"No"
702500,5,1,2009,2012,19,66,"No"
702600,5,1,2009,2012,19,82,"No"
702700,5,1,2009,2012,19,86,"No"
702800,5,1,2009,2012,19,83,"No"
761700,5,1,1995,2009,19,16,"No"
768800,5,2,1996,2004,20,7,"No"
780300,5,5,2012,2012,22,39,"No"
975000,5,1,2001,2011,19,38,"No"
983400,5,1,2008,2011,19,20,"No"
987800,5,2,1992,1994,20,15,"No"
1172100,5,2,2001,2002,21,10,"No"
1278700,5,1,1991,2009,19,16,"No"
1516000,5,2,2003,2012,21,20,"No"
1522400,5,2,2003,2012,20,35,"No"
1538900,5,5,1994,1994,22,25,"No"
1596900,5,2,2010,2011,21,5,"No"
1598000,5,2,2010,2011,21,5,"No"
1609600,5,2,1992,2001,20,17,"No"
1610300,5,2,2010,2011,21,5,"No"
1611700,5,2,2010,2011,21,5,"No"
1611800,5,5,2011,2011,22,10,"No"
1701400,5,5,1992,1992,22,7,"No"
1713200,5,5,1992,1992,22,9,"No"
1871400,5,5,1995,1995,22,8,"No"
1878800,5,5,1998,1998,22,15,"No"
1879700,5,5,1994,1994,22,8,"No"
1882800,5,1,2005,2011,19,70,"No"
2046500,5,2,1999,2003,21,10,"No"
2098800,5,2,2002,2003,21,9,"No"
2128100,5,2,2001,2011,21,29,"No"
2133200,5,2,2002,2011,21,21,"No"
2172600,5,5,1995,1995,22,11,"No"
2173900,5,2,1990,2003,21,11,"No"
2177600,5,5,1995,1995,22,11,"No"
2178400,5,2,1990,2004,21,6,"No"
2240000,5,2,1996,2000,21,8,"No"
2240100,5,2,1996,2000,21,8,"No"
2267100,5,2,1998,2001,21,17,"No"
2307300,5,2,1996,2000,21,8,"No"
2334700,5,2,2003,2012,21,48,"No"
2346000,5,5,1994,1994,22,11,"No"
2450900,5,2,2010,2012,20,32,"No"
2458300,5,5,2011,2011,22,5,"No"
2490900,5,2,1995,1996,21,26,"No"
2725500,5,2,1999,2003,21,9,"No"
2856400,5,5,2011,2011,22,30,"No"
2921100,5,5,2006,2006,22,5,"No"
2935500,5,1,1991,2004,19,7,"No"
25100,4,1,1999,2004,20,4,"No"
46000,4,1,2003,2007,20,12,"No"
77600,4,4,1996,1996,22,7,"No"
94700,4,4,1994,1994,22,8,"No"
97300,4,4,2011,2011,22,8,"No"
182300,4,4,2004,2004,22,6,"No"
246900,4,2,2006,2007,21,6,"No"
265100,4,2,1992,1993,21,8,"No"
282800,4,2,1999,2000,21,7,"No"
329900,4,2,2006,2007,21,7,"No"
378200,4,4,1997,1997,22,4,"No"
439500,4,2,1994,2004,21,4,"No"
439800,4,1,2009,2011,20,4,"No"
533600,4,4,1992,1992,22,8,"No"
639500,4,2,2007,2008,21,7,"No"
702200,4,1,2009,2012,19,25,"No"
703300,4,1,2003,2011,19,33,"No"
740400,4,4,1994,1994,22,8,"No"
741200,4,4,1995,1995,22,4,"No"
741700,4,4,1995,1995,22,4,"No"
767400,4,4,1994,1994,22,4,"No"
774400,4,4,1995,1995,22,11,"No"
778400,4,2,1995,2003,21,5,"No"
827300,4,4,1992,1992,22,10,"No"
974000,4,2,1992,1993,21,8,"No"
985400,4,4,1996,1996,22,24,"No"
992000,4,4,1997,1997,22,15,"No"
1013500,4,4,1992,1992,22,7,"No"
1148000,4,4,1992,1992,22,7,"No"
1437800,4,1,1999,2002,19,4,"No"
1513800,4,2,2001,2010,21,19,"No"
1513900,4,2,2001,2010,21,10,"No"
1537800,4,4,2004,2004,22,24,"No"
1542100,4,4,2004,2004,22,4,"No"
1595800,4,4,1992,1992,22,6,"No"
1603600,4,2,1995,1996,21,6,"No"
1619700,4,2,2009,2011,21,10,"No"
1736200,4,4,1992,1992,22,7,"No"
1851600,4,2,1998,2001,21,28,"No"
1855900,4,1,1997,2004,20,18,"No"
1883700,4,4,2003,2003,22,16,"No"
1884800,4,1,2004,2007,20,37,"No"
2092700,4,4,1994,1994,22,10,"No"
2151000,4,4,1991,1991,22,8,"No"
2151200,4,4,1991,1991,22,8,"No"
2239100,4,4,2000,2000,22,6,"No"
2267000,4,4,1998,1998,22,8,"No"
2298500,4,1,2005,2007,20,16,"No"
2307600,4,2,2003,2010,21,5,"No"
2346400,4,4,1994,1994,22,13,"No"
2351800,4,4,1994,1994,22,11,"No"
2434700,4,4,2009,2009,22,20,"No"
2449400,4,4,1993,1993,22,8,"No"
2655300,4,4,2009,2009,22,11,"No"
2766200,4,4,1999,1999,22,32,"No"
2908500,4,2,2009,2010,21,9,"No"
2964400,4,2,2006,2008,21,9,"No"
182400,3,2,1999,2000,21,5,"No"
241700,3,3,1997,1997,22,3,"No"
264300,3,2,1992,1993,21,3,"No"
294500,3,2,2004,2005,21,5,"No"
415000,3,2,1995,2003,21,5,"No"
424500,3,3,2006,2006,22,11,"No"
426400,3,1,2004,2008,20,28,"No"
465000,3,3,2006,2006,22,5,"No"
504300,3,3,2011,2011,22,22,"No"
527600,3,3,2008,2008,22,6,"No"
528500,3,2,1993,1994,21,6,"No"
651600,3,2,2009,2010,21,41,"No"
652200,3,1,2009,2012,20,18,"No"
672000,3,1,2009,2011,20,32,"No"
675100,3,2,2009,2010,21,21,"No"
701900,3,1,2009,2011,20,51,"No"
763200,3,1,1995,2001,20,4,"No"
778300,3,2,1996,1997,21,6,"No"
783740,3,3,2005,2005,22,3,"No"
828600,3,3,1992,1992,22,7,"No"
969100,3,3,2009,2009,22,3,"No"
970100,3,3,1997,1997,22,15,"No"
971600,3,2,1997,2003,21,45,"No"
972100,3,3,1992,1992,22,6,"No"
973500,3,3,2009,2009,22,3,"No"
974500,3,3,2009,2009,22,3,"No"
976800,3,3,2009,2009,22,3,"No"
977600,3,3,2007,2007,22,9,"No"
982100,3,3,2009,2009,22,3,"No"
990700,3,3,2001,2001,22,18,"No"
1000400,3,3,2002,2002,22,19,"No"
1001300,3,2,2001,2011,21,43,"No"
1002200,3,3,2009,2009,22,3,"No"
1007600,3,3,2009,2009,22,3,"No"
1008700,3,3,1992,1992,22,5,"No"
1011200,3,3,2009,2009,22,3,"No"
1013700,3,3,2009,2009,22,3,"No"
1016500,3,3,2009,2009,22,3,"No"
1018200,3,3,1992,1992,22,6,"No"
1036400,3,3,1994,1994,22,3,"No"
1271100,3,3,2004,2004,22,22,"No"
1289700,3,3,2009,2009,22,3,"No"
1437500,3,2,2004,2012,21,24,"No"
1441100,3,3,2010,2010,22,9,"No"
1506500,3,2,2007,2009,21,3,"No"
1540300,3,3,1992,1992,22,3,"No"
1541500,3,3,2001,2001,22,18,"No"
1575700,3,3,2002,2002,22,21,"No"
1586800,3,1,2010,2012,20,25,"No"
1587600,3,3,2002,2002,22,16,"No"
1591000,3,3,2010,2010,22,3,"No"
1600100,3,3,1992,1992,22,6,"No"
1603700,3,3,1992,1992,22,5,"No"
1610800,3,3,2012,2012,22,6,"No"
1619000,3,3,2009,2009,22,3,"No"
1619100,3,3,2009,2009,22,3,"No"
1620200,3,3,2009,2009,22,3,"No"
1676700,3,3,1992,1992,22,7,"No"
1703200,3,3,1993,1993,22,7,"No"
1835700,3,2,1994,2004,21,3,"No"
1857400,3,3,2001,2001,22,18,"No"
2171200,3,3,1990,1990,22,11,"No"
2228700,3,1,1998,2004,20,6,"No"
2297800,3,3,2000,2000,22,5,"No"
2327500,3,3,2012,2012,22,5,"No"
2329300,3,3,2012,2012,22,5,"No"
2334400,3,3,2012,2012,22,5,"No"
2406500,3,3,2000,2000,22,10,"No"
2429600,3,2,1997,2002,21,3,"No"
2482100,3,2,1995,1996,21,6,"No"
2486800,3,2,1993,2002,21,3,"No"
2607800,3,3,1993,1993,22,7,"No"
2671700,3,2,2009,2011,21,17,"No"
2685200,3,3,2008,2008,22,17,"No"
2882200,3,2,1995,1996,21,14,"No"
2897300,3,2,1991,1997,21,4,"No"
2938000,3,2,2000,2010,21,7,"No"
2964100,3,3,2006,2006,22,3,"No"
9700,2,2,1992,1992,22,2,"No"
10500,2,2,1992,1992,22,2,"No"
19900,2,2,1992,1992,22,2,"No"
141400,2,2,2005,2005,22,7,"No"
253800,2,2,1997,1997,22,2,"No"
255000,2,2,2004,2004,22,15,"No"
264500,2,1,1992,1993,21,2,"No"
310100,2,2,2003,2003,22,2,"No"
310500,2,1,2000,2011,21,4,"No"
353200,2,2,2004,2004,22,25,"No"
376300,2,2,2004,2004,22,6,"No"
498900,2,2,1994,1994,22,3,"No"
523300,2,1,2001,2002,21,3,"No"
555200,2,2,2003,2003,22,14,"No"
588100,2,1,2009,2010,21,11,"No"
589000,2,1,2009,2010,21,9,"No"
590500,2,1,2009,2011,21,21,"No"
591600,2,1,2009,2010,21,39,"No"
591700,2,1,2009,2012,21,27,"No"
591800,2,1,2009,2010,21,23,"No"
607500,2,1,2009,2010,21,9,"No"
627200,2,1,2004,2007,21,7,"No"
650000,2,1,2009,2010,21,12,"No"
652500,2,1,2009,2012,21,23,"No"
683000,2,1,2000,2001,21,2,"No"
704200,2,1,2009,2010,21,17,"No"
705600,2,1,2009,2010,21,14,"No"
717400,2,2,2006,2006,22,2,"No"
744200,2,2,2001,2001,22,2,"No"
774200,2,2,1996,1996,22,2,"No"
824400,2,2,2008,2008,22,9,"No"
967400,2,1,2001,2007,21,12,"No"
979100,2,2,2004,2004,22,15,"No"
992400,2,2,2004,2004,22,27,"No"
1005400,2,2,2003,2003,22,2,"No"
1006500,2,1,1997,2010,21,2,"No"
1275500,2,1,2007,2009,21,4,"No"
1295800,2,1,2007,2009,21,7,"No"
1304600,2,2,2004,2004,22,3,"No"
1343600,2,2,2011,2011,22,4,"No"
1502400,2,2,2003,2003,22,13,"No"
1520900,2,2,2003,2003,22,10,"No"
1529500,2,2,2001,2001,22,8,"No"
1529700,2,2,2001,2001,22,13,"No"
1543300,2,2,1997,1997,22,20,"No"
1544700,2,1,1993,2007,21,5,"No"
1595600,2,2,2003,2003,22,17,"No"
1618600,2,2,2009,2009,22,2,"No"
1844300,2,1,2003,2010,21,10,"No"
1878200,2,1,1994,2002,21,2,"No"
2059800,2,2,2003,2003,22,2,"No"
2071700,2,2,2003,2003,22,2,"No"
2113000,2,2,2004,2004,22,4,"No"
2121000,2,2,2002,2002,22,2,"No"
2174700,2,2,2003,2003,22,2,"No"
2263400,2,1,2007,2011,21,14,"No"
2269400,2,2,2004,2004,22,5,"No"
2277200,2,2,1996,1996,22,3,"No"
2277600,2,2,1996,1996,22,3,"No"
2301800,2,1,1999,2000,21,3,"No"
2316100,2,1,2001,2003,21,10,"No"
2338300,2,2,2003,2003,22,17,"No"
2339800,2,2,2004,2004,22,28,"No"
2341200,2,2,2001,2001,22,9,"No"
2349600,2,2,1996,1996,22,3,"No"
2350400,2,1,1991,2004,21,2,"No"
2350500,2,1,1991,2004,21,2,"No"
2354000,2,2,2006,2006,22,3,"No"
2368700,2,1,1994,2004,21,3,"No"
2381900,2,1,2003,2011,21,16,"No"
2397400,2,1,1999,2003,21,3,"No"
2450100,2,2,2004,2004,22,2,"No"
2459800,2,1,2003,2012,21,4,"No"
2467200,2,2,2011,2011,22,2,"No"
2475300,2,2,2004,2004,22,2,"No"
2481600,2,1,2005,2006,21,12,"No"
2486100,2,2,2004,2004,22,2,"No"
2489400,2,2,2004,2004,22,3,"No"
2495000,2,2,2004,2004,22,2,"No"
2676800,2,2,2004,2004,22,2,"No"
2726100,2,2,2009,2009,22,3,"No"
2754900,2,2,1996,1996,22,2,"No"
2756200,2,2,1997,1997,22,2,"No"
2762700,2,1,2007,2012,21,5,"No"
2858300,2,1,1994,2004,21,3,"No"
2877000,2,2,1997,1997,22,2,"No"
2898400,2,1,1991,1997,21,4,"No"
2899200,2,1,1991,1998,21,4,"No"
2899400,2,2,1991,1991,22,3,"No"
2914800,2,2,1997,1997,22,4,"No"
2918600,2,2,1997,1997,22,2,"No"
2945500,2,2,1997,1997,22,2,"No"
9600,1,1,2003,2003,22,1,"No"
14500,1,1,2001,2001,22,2,"No"
14700,1,1,2001,2001,22,1,"No"
43700,1,1,2007,2007,22,5,"No"
46700,1,1,2004,2004,22,1,"No"
59300,1,1,2004,2004,22,1,"No"
94300,1,1,1992,1992,22,1,"No"
95700,1,1,1994,1994,22,1,"No"
102100,1,1,2002,2002,22,1,"No"
114050,1,1,1998,1998,22,1,"No"
189400,1,1,2005,2005,22,2,"No"
189600,1,1,2000,2000,22,1,"No"
240900,1,1,2000,2000,22,1,"No"
261200,1,1,2000,2000,22,1,"No"
378400,1,1,2003,2003,22,11,"No"
378900,1,1,2001,2001,22,8,"No"
392100,1,1,2000,2000,22,1,"No"
406400,1,1,2000,2000,22,1,"No"
425600,1,1,2004,2004,22,1,"No"
445800,1,1,1999,1999,22,1,"No"
451000,1,1,2007,2007,22,1,"No"
458700,1,1,2000,2000,22,1,"No"
462520,1,1,2002,2002,22,1,"No"
499700,1,1,1994,1994,22,2,"No"
499800,1,1,2003,2003,22,1,"No"
515000,1,1,1994,1994,22,2,"No"
516800,1,1,1999,1999,22,1,"No"
524700,1,1,2003,2003,22,1,"No"
531300,1,1,2003,2003,22,1,"No"
540600,1,1,2004,2004,22,1,"No"
581400,1,1,2007,2007,22,2,"No"
584600,1,1,2007,2007,22,4,"No"
586100,1,1,2011,2011,22,3,"No"
591300,1,1,1994,1994,22,2,"No"
610700,1,1,2003,2003,22,1,"No"
642100,1,1,2010,2010,22,5,"No"
652100,1,1,2010,2010,22,2,"No"
674100,1,1,2009,2009,22,1,"No"
676700,1,1,2009,2009,22,2,"No"
679900,1,1,2009,2009,22,3,"No"
686000,1,1,1994,1994,22,2,"No"
706000,1,1,2009,2009,22,23,"No"
706700,1,1,2012,2012,22,7,"No"
706900,1,1,2009,2009,22,10,"No"
728800,1,1,2010,2010,22,1,"No"
746300,1,1,2007,2007,22,8,"No"
761100,1,1,1996,1996,22,3,"No"
761300,1,1,2002,2002,22,1,"No"
776600,1,1,1996,1996,22,1,"No"
778100,1,1,2000,2000,22,1,"No"
783750,1,1,2005,2005,22,1,"No"
794200,1,1,2002,2002,22,1,"No"
799200,1,1,2003,2003,22,7,"No"
827500,1,1,1995,1995,22,2,"No"
849400,1,1,1999,1999,22,1,"No"
862200,1,1,2003,2003,22,2,"No"
930700,1,1,2004,2004,22,4,"No"
978600,1,1,1994,1994,22,2,"No"
979300,1,1,1997,1997,22,1,"No"
987500,1,1,2006,2006,22,1,"No"
988300,1,1,2011,2011,22,1,"No"
990200,1,1,1992,1992,22,1,"No"
994800,1,1,2005,2005,22,9,"No"
995600,1,1,2009,2009,22,1,"No"
1000700,1,1,2004,2004,22,3,"No"
1000800,1,1,2002,2002,22,1,"No"
1004400,1,1,2001,2001,22,12,"No"
1007500,1,1,1994,1994,22,1,"No"
1012100,1,1,2001,2001,22,6,"No"
1017400,1,1,2001,2001,22,1,"No"
1018600,1,1,2004,2004,22,3,"No"
1018900,1,1,2007,2007,22,5,"No"
1177200,1,1,2007,2007,22,3,"No"
1216100,1,1,2007,2007,22,3,"No"
1236900,1,1,2009,2009,22,1,"No"
1241200,1,1,2012,2012,22,1,"No"
1301700,1,1,1995,1995,22,21,"No"
1434900,1,1,2001,2001,22,1,"No"
1488400,1,1,2007,2007,22,4,"No"
1491000,1,1,1992,1992,22,2,"No"
1494600,1,1,2004,2004,22,8,"No"
1522900,1,1,2001,2001,22,6,"No"
1528700,1,1,2007,2007,22,8,"No"
1537100,1,1,2001,2001,22,8,"No"
1544000,1,1,2007,2007,22,8,"No"
1555400,1,1,2001,2001,22,13,"No"
1560400,1,1,2004,2004,22,3,"No"
1564600,1,1,1992,1992,22,2,"No"
1567325,1,1,1997,1997,22,1,"No"
1593200,1,1,2007,2007,22,5,"No"
1599800,1,1,2010,2010,22,4,"No"
1603300,1,1,2001,2001,22,6,"No"
1613300,1,1,2007,2007,22,5,"No"
1615900,1,1,2012,2012,22,3,"No"
1619600,1,1,2007,2007,22,2,"No"
1717300,1,1,2008,2008,22,2,"No"
1717500,1,1,2008,2008,22,1,"No"
1801000,1,1,1993,1993,22,1,"No"
1837800,1,1,1994,1994,22,1,"No"
1838500,1,1,1994,1994,22,1,"No"
1840800,1,1,2004,2004,22,1,"No"
1842800,1,1,2005,2005,22,1,"No"
1845300,1,1,1990,1990,22,1,"No"
1859100,1,1,2007,2007,22,8,"No"
1868900,1,1,2001,2001,22,9,"No"
1870200,1,1,1995,1995,22,1,"No"
1879300,1,1,2001,2001,22,1,"No"
1886000,1,1,2001,2001,22,20,"No"
2054200,1,1,2004,2004,22,1,"No"
2055200,1,1,2001,2001,22,1,"No"
2081300,1,1,1992,1992,22,1,"No"
2099900,1,1,2001,2001,22,3,"No"
2100300,1,1,1990,1990,22,1,"No"
2110900,1,1,2002,2002,22,1,"No"
2152600,1,1,2002,2002,22,1,"No"
2193300,1,1,2004,2004,22,1,"No"
2227500,1,1,2004,2004,22,1,"No"
2229200,1,1,2004,2004,22,1,"No"
2230100,1,1,2003,2003,22,2,"No"
2234600,1,1,2007,2007,22,8,"No"
2244200,1,1,2003,2003,22,2,"No"
2254800,1,1,2003,2003,22,2,"No"
2269000,1,1,2001,2001,22,9,"No"
2286900,1,1,2004,2004,22,1,"No"
2288900,1,1,2004,2004,22,1,"No"
2290500,1,1,2005,2005,22,1,"No"
2294500,1,1,2010,2010,22,6,"No"
2296500,1,1,2004,2004,22,1,"No"
2299200,1,1,2010,2010,22,8,"No"
2303200,1,1,2010,2010,22,6,"No"
2306200,1,1,2010,2010,22,8,"No"
2309700,1,1,2004,2004,22,1,"No"
2318500,1,1,2004,2004,22,1,"No"
2321400,1,1,2007,2007,22,15,"No"
2332000,1,1,2004,2004,22,7,"No"
2332300,1,1,2004,2004,22,6,"No"
2339100,1,1,2004,2004,22,22,"No"
2356800,1,1,1994,1994,22,1,"No"
2359500,1,1,1994,1994,22,2,"No"
2360300,1,1,1994,1994,22,2,"No"
2368500,1,1,1994,1994,22,2,"No"
2381800,1,1,2003,2003,22,2,"No"
2400000,1,1,2003,2003,22,2,"No"
2401300,1,1,2004,2004,22,1,"No"
2402200,1,1,2003,2003,22,2,"No"
2409500,1,1,2010,2010,22,5,"No"
2410400,1,1,2004,2004,22,1,"No"
2426300,1,1,2003,2003,22,1,"No"
2431300,1,1,2007,2007,22,6,"No"
2434800,1,1,2007,2007,22,5,"No"
2435900,1,1,2002,2002,22,1,"No"
2436000,1,1,2002,2002,22,1,"No"
2436400,1,1,2000,2000,22,1,"No"
2436600,1,1,2000,2000,22,1,"No"
2452400,1,1,1997,1997,22,6,"No"
2484900,1,1,2007,2007,22,3,"No"
2490700,1,1,2007,2007,22,6,"No"
2495300,1,1,2007,2007,22,7,"No"
2501400,1,1,1993,1993,22,1,"No"
2606700,1,1,1999,1999,22,1,"No"
2608800,1,1,2003,2003,22,1,"No"
2614600,1,1,2003,2003,22,1,"No"
2621900,1,1,2004,2004,22,1,"No"
2623800,1,1,1991,1991,22,1,"No"
2623900,1,1,1991,1991,22,1,"No"
2624000,1,1,1991,1991,22,1,"No"
2632100,1,1,2007,2007,22,30,"No"
2658800,1,1,2007,2007,22,3,"No"
2662400,1,1,2007,2007,22,7,"No"
2671900,1,1,2007,2007,22,4,"No"
2674100,1,1,1995,1995,22,9,"No"
2698300,1,1,2007,2007,22,1,"No"
2706500,1,1,1999,1999,22,2,"No"
2729700,1,1,2004,2004,22,18,"No"
2729800,1,1,2004,2004,22,8,"No"
2734000,1,1,2007,2007,22,23,"No"
2761000,1,1,1998,1998,22,2,"No"
2765900,1,1,2003,2003,22,11,"No"
2766500,1,1,2002,2002,22,1,"No"
2768500,1,1,1993,1993,22,4,"No"
2773500,1,1,2010,2010,22,6,"No"
2900200,1,1,1997,1997,22,1,"No"
2903400,1,1,1991,1991,22,2,"No"
2928400,1,1,2010,2010,22,5,"No"
2935300,1,1,2004,2004,22,1,"No"
2940600,1,1,2010,2010,22,8,"No"
2941100,1,1,2010,2010,22,5,"No"
2944500,1,1,2010,2010,22,11,"No"
2948500,1,1,2010,2010,22,5,"No"
2960200,1,1,2001,2001,22,8,"No"
2962400,1,1,2001,2001,22,11,"No"
2962900,1,1,2001,2001,22,7,"No"
