"large.deep"	"small.deep"	"large.shallow"	"small.shallow"	"all.lakes"
0.05	0	0.069444444375	0.0617283955555558	0.0595238092857143
0.0555555599999984	0	0.0555555549999998	0.0370370366666665	0.0462962963333333
0.055555556	0	0.065079365	0.0555555554545454	0.059259259
0.0648148148333334	0.0505050505	0.0656565663636364	0.0740740755555555	0.0653594770882354
0.0555555556	0	0.0555555553846153	0.0499999999999999	0.05
0.0555555554272727	0	0.075	0.0466666666666666	0.0583333335416668
0.0666666666666666	0	0.0695974236956523	0.0304347826086956	0.0555555559166665
0.0555555555	0	0.0699999999999999	0.0458041958041959	0.0557738095238096
0.0555555549999998	0.00434782608695651	0.0692307692307691	0.0249999999999999	0.0555555556666666
0.0499999999999998	0	0.0555555560000002	0.0617283955555555	0.0545454545454545
0.0600000000000001	0	0.0722222222222223	0.032679738235294	0.0555555557142858
0.0555555562499999	0	0.0722222219999999	0.0333333320000001	0.0555555599999984
0.0625	0	0.0571428571428569	0.0333333333333335	0.0520833331249999
0.0539682539999999	0.0108187134502924	0.0555555566666666	0.0525062659022555	0.0538461538461539
0.0539682539999999	0	0.0555555560000002	0.0266666666666666	0.0476190478571429
0.0541666666666667	0	0.0625	0.0246913583333333	0.0522875817647059
0.0555555549999998	0	0.0616334279914529	0.0555555559999998	0.055555555000001
0.0555555555000001	0	0.0694444437500001	0.0185185183333338	0.0555555550000002
0.0466666666666667	0	0.0666666666666667	0.0418859653289475	0.0509259258333333
0.0666666666666667	0	0.0634920634999999	0.0617283955555558	0.0588235294117647
0.0555555549999998	0.00925925962499988	0.0634920628571428	0.0400000000000003	0.0555555557142858
0.061728395	0	0.0694444437500001	0.0555555550000008	0.0595238092857144
0.0549999999999997	0	0.0656565663636364	0.0277777774999999	0.0555555549999998
0.0592592593333334	0	0.0740740743650794	0.0555555555555556	0.0617283950555555
0.0555555560000002	0	0.0750000000000002	0.0505050499999998	0.0617283944444446
0.0538461538461539	0	0.0703703700000003	0.0166666666666669	0.0555555555999999
0.05	0.00454545454545453	0.0729166668750001	0.0476190476190476	0.055555556666666
0.0555555556	0	0.0634920628571428	0.0344827586206897	0.0555555556125001
0.06	0	0.0648148150000001	0.0394491130924369	0.0555555562500002
0.0626262626363637	0.011111111	0.07222222225	0.00999999999999996	0.060606060909091
0.0636363636363637	0	0.0793650785714287	0.04375	0.0648148149166664
0.0555555549999998	0	0.0555555599999984	0.0100000000000001	0.0462962958333334
0.0422064777327935	0.025	0.0555555555	0.0692307692307693	0.0509259258333333
0.0555555549999998	0	0.0555555549999998	0.0584795321052631	0.05
0.05	0	0.0617283944444442	0.03968254	0.0518518520000001
0.0733333333333334	0	0.074074073333333	0.0555555566666672	0.0666666670000002
0.0462962966666668	0	0.0705882352941176	0.0142857142857144	0.0555555549999998
0.0571428571428572	0	0.0625	0.0289915966386555	0.0555555549999998
0.0555555560000002	0.0142857142857142	0.057971014347826	0.0333333333333333	0.0541346152564103
0.0571428571428572	0.0120551923856209	0.075	0.031057098888889	0.061728395
0.0612698412767857	0	0.0694444437499999	0.0294117647058824	0.0558611111666667
0.0617283955555556	0	0.0555555560000002	0.0245454545454545	0.0493827166666667
0.0527046782236841	-0.00530303005050502	0.0679506175	0.0555555566666672	0.0555555560000002
0.0555555555	0	0.0783333333333337	0.0555555564583329	0.0648148148333334
0.0617283955555556	0	0.0666666666666666	0.0277777799999992	0.0555555550000015
0.0555555555634921	0	0.0833333333333333	0.0142857142857142	0.061111111
0.0462962963333333	0	0.0694444450000002	0.04	0.0555555555
0.0684697854824561	0	0.0666666670000002	0.0499999999999989	0.0578362574210525
0.074074074	0.0083333333333333	0.0694444443750001	0.0375000000000001	0.0617283944444442
0.0663333324999998	0.010050505	0.0625	0.0447222225000001	0.0588235294117647
0.0454545454545455	0.00682870370000002	0.0499999999999999	0.0505050504545455	0.0457924837254901
0.0499999999999998	0	0.0625	0.0333333340000001	0.052198067521739
0.0598290599999999	0	0.0617283944444442	0.0222222222222222	0.0500000000000007
0.055555556	0	0.0634920642857146	0.0333333333333334	0.0555555549999998
0.0569047620714286	0	0.0649999999999995	0.0150000000000006	0.0509259258333335
0.0493827166666666	0.00396825357142865	0.0694444437499999	0.0416666666666667	0.0555555557142853
0.05	0	0.060606060909091	0.047619047857143	0.0505050509090909
0.0555555560000002	-0.00104166665625	0.0733333333333334	0.0396825400000001	0.0569444449999996
0.0505050504545455	0	0.0653594770588237	0.0396825400000001	0.0555555555
0.0606060609090907	0	0.0718954247058823	0.0354187032111437	0.0555555560000002
0.050859788345238	0	0.0555555566666672	0.0370370373333332	0.0471825398214284
0.0555555553333334	0	0.0600000000000001	0.0531372552352944	0.0555555549999998
0.0555555555555556	0	0.0634920635714286	0.0555555557499998	0.0555555560000002
0.0629629633333337	0	0.0648148150000001	0.0370370366666665	0.0555555566666666
0.0555158703571434	0.00869565217391301	0.0617283955555556	0.05	0.0555555549999999
0.0666666666666667	0	0.07	0.0476190482142858	0.0611111118333333
0.0699999999999999	0	0.0740740733333336	0.0307692307692308	0.0617283955555558
0.0555555555714286	0	0.0555555575	0.0285714285714285	0.0500000000000001
0.0499999999999999	0	0.0666666666666666	0.0416666675000004	0.0555555550000002
0.0625	0	0.0676296297500001	0.0352941176470589	0.0555555555
0.0555555560000002	0	0.066666669	0.047619047857143	0.0555555599999984
0.0598290598461538	0.00499999999999989	0.0694444437500001	0.0675000000000008	0.0617283955555555
0.0679012355555556	0	0.0714285714285714	0.0229273504273504	0.0617283955555556
0.061111111	0	0.0689903846153846	0.0363636363636362	0.0555555554545455
0.0555555556	0	0.0522222219999996	0.0396825399999999	0.0442222219999999
0.0694444437500001	0	0.0740740740000003	0.0555555549999998	0.0658144798416289
0.0617283955555554	0	0.070707070909091	0.0370370366666665	0.0555555566666663
0.0555555556666665	0	0.0555555560000002	0.0666666660000001	0.0555555550000002
0.0604617599999998	0	0.0666666666666664	0.0400000000000001	0.0571428571428572
0.05625	-0.00571799839181297	0.0500000000000007	0.0476190475000001	0.0462962966666666
0.0555555549999998	0	0.0683760684615385	0.0416666674999999	0.0555555550000005
0.0600000000000001	0	0.0740740740000001	0.0399999999999999	0.0617283955555556
0.0617283955555556	0	0.066666665	0.031057098888889	0.0555555555555556
0.0666666666666666	0	0.0714285714285714	0.0333333333333332	0.0583333335416669
0.0555555550000002	0	0.0648148150000001	0.0617283955555558	0.0555555560000002
0.0617283955555556	0	0.069444445	0.0295206970196079	0.0555555560000002
0.0625992063571428	0	0.0694444437500001	0.02	0.0555555555
0.0555555555166668	0	0.0666666659999999	0.0391304347826087	0.0555555549999998
0.0555555599999984	0	0.0666666666666667	0.0409090909090908	0.0555555556904762
0.065	0	0.075	0.025	0.0580123455555556
0.0685185183333334	0	0.0702962960000001	0.0277777775000002	0.0555555599999984
0.0583774248412699	0	0.0666666659999997	0.0238095238095238	0.052425044484127
0.0555555556	0	0.0694444437500001	0.0333333320000001	0.0555555555
0.056	0	0.0555555555714284	0.0333333333333334	0.0499999999999989
0.04	0	0.0555555560000002	0.0433333333333333	0.0454545454545455
0.056296296	0.0289915966386555	0.0666666666666667	0.0277777774999999	0.0555555566666672
0.0508597886309523	0.024845679	0.0599999999999999	0.0617283955555554	0.0555555555555556
0.0399999999999999	0.027777778	0.0625	0.050505050909091	0.0555555549999998
0.0555555555000007	0	0.0666666666666667	0.0222222219999999	0.0555555555590278
0.0555555557321429	0	0.0617283944444446	0.0679783950347222	0.0555555558333335
0.0750000000000002	0	0.0714285714285713	0.0505050499999998	0.0625
0.0694444445	0	0.0666666666666664	0.0272727272727273	0.0555555550000003
0.0607123872966508	0	0.0657367799465241	0.0444444444444444	0.0555555561250003
0.0500000000000003	0	0.0599999999999998	0.0370370391666661	0.0518518520000001
0.0694444442083334	0	0.0750000000000002	0.042857142857143	0.066666665
0.0505050509090909	0	0.0759259258333334	0.0396825399999999	0.0593915343095238
0.055555555000001	0.0617283951111111	0.0615384615384616	0.0533333340000006	0.0555555600000002
0.0599999999999998	0	0.0666666666666664	0.04	0.0555555549999998
0.0555555566666666	0	0.0555555559999999	0.0399999999999999	0.0505050500000001
0.061111111	0.00408333333333333	0.06	0.0358585859090908	0.0555555549999998
0.0555555557738096	0	0.0626262627272728	0.0272727272727273	0.0505050509090909
0.0555555556	0	0.0793650785714282	0.06	0.0666666660000004
0.0648148149999998	0.00590277777777778	0.0737777780000002	0.0499999999999998	0.0617283951111111
0.0462962965	0	0.0666666666000001	0.0427350430769232	0.0500000000000002
0.0486111112500001	0	0.0615384615384616	0.0393939390909091	0.0509259258333336
0.0444444444722222	0	0.0666666666666667	0.0277777775000002	0.0499999999999998
0.0555555553589744	0	0.0666666666666664	0.0333333333333333	0.053923076923077
0.0555555600000019	0	0.0666666666666667	0.0434782608695652	0.0555555557142858
0.05	0	0.0634920628571431	0.0555555554545454	0.0555555555634921
0.0555555555999998	0	0.0522875817647059	0.0476190475000001	0.05
0.0555555555000005	0	0.069444445	0.05	0.0555555562499999
0.055555556	0	0.055555556	0.0277777775	0.0476190471428572
0.0555555559999998	0.0103136629401914	0.0666666660000004	0.0403703703703705	0.055555555666667
0.0538461538461539	0.00925925966666667	0.0666666666666667	0.0380476190476191	0.0555555556
0.0547727272727273	0	0.0634920628571431	0.0555555549999998	0.0555555555714286
0.0533333333333333	0	0.0617283944444442	0.0277777783333333	0.0500000000000007
0.05	0	0.0555555560000002	0.0347222225000001	0.0462962962916666
0.055555555625	0.00624999999999998	0.0617283944444446	0.0370370366666665	0.053333333666667
0.0600000000000001	0	0.0677839507222223	0.0168803421794873	0.0555555557142858
0.0505050509090908	0	0.0599999999999998	0.0333333333333334	0.05
0.0694444437499998	0	0.0740740744444446	0.0277777775000002	0.0649999999999995
0.06	0	0.0694444450000002	0.0158730157142856	0.0555555560000002
0.0461538461538463	0	0.0555555556000002	0.0454545454545455	0.0472222222499999
0.0500000000000001	-0.03245370375	0.0666666670000002	0.0267948717948718	0.055555555
0.0609903381086957	0	0.0634920639285713	0.0256410253846153	0.0523342670728291
0.0694444445	0.0185185185	0.061728395	0.0370370383333333	0.0595238092857144
0.0555555549999998	0	0.0615384615384616	0.0308641977777779	0.0493827161111111
0.0726884229020979	0	0.0694444450000002	0.0714285714285714	0.0692307692307693
0.0462962966666668	0	0.0625	0.0453535354545454	0.0518518519999999
0.0555555556904764	0	0.0555555550000005	0.022222222	0.0462962966666663
0.0656565657272727	0.0125	0.0641025646153846	0.0740740733333333	0.0617283944444446
0.0555555549999998	0	0.0686887255882354	0.0448275862068965	0.0555555549999999
0.0555555560000002	0	0.0703703706666668	0.0111111104999998	0.0555555550000015
0.0617283955555556	0	0.0760683761538463	0.0647200909590794	0.0666666666666664
0.0600000000000001	0	0.0634920642857144	0.0499999999999999	0.0555555559999996
0.0499999999999999	0	0.0634920635714286	0.0246913588888889	0.0484243176178659
0.0538461538461539	0	0.0655172413793104	0.0333333333333334	0.0515873015714286
0.0679012344444444	0	0.0833333335714286	0.0500000000000002	0.0694444437499997
0.0617283951111111	0	0.0694444437499999	0.0555555549999998	0.0611111099999988
0.0555555566666672	0.0317821069805194	0.0666666666666664	0.055555551666665	0.061111111
0.0634920639285713	0.00909090909090908	0.0750000000000002	0.0462962966666668	0.0635642139610391
0.0539072039230769	0.0115079369642857	0.0571428571428569	0.0718253967142856	0.0555555558333335
0.0666666666666667	0	0.069444444375	0.0317460314285714	0.0555555555
0.0555555566666669	0	0.0679012347222222	0.0277777779285715	0.0538461538461538
0.0499999999999998	0	0.0599145299999999	0.0370370370000002	0.0489542483235294
0.0598290600000001	0	0.060606060909091	0.0465608466666667	0.0555555549999999
0.0505050500000001	0	0.0666666666666667	0.0575187969924813	0.0555555557321428
0.0606060609090909	0	0.0648148150000001	0.0462962966666668	0.0555555556
0.0625	0	0.0648148150000001	0.0634920635714284	0.0600000000000001
0.06598611125	0	0.0648148149166667	0.0294117647058824	0.0555555557142858
0.0600000000000001	0	0.0555555559999998	0.0142857142857143	0.0486111112500001
0.0555555565151515	0	0.0694444449999998	0.0392507003781512	0.0555555555555556
0.0644444440000001	0	0.0659722218749998	0.047619047857143	0.0555555566666669
0.074074073333333	0.000333333349999965	0.0694444441666668	0.0489969139583333	0.0617283955555558
0.0666666666666667	0	0.0666666666666667	0.0272727272727273	0.0555555554545457
0.0555555566666672	0	0.0555555566666666	0.0533333340000006	0.0555555549999998
0.061111111	0	0.0583333333333333	0.0396825400000001	0.0555555549999998
0.0648148148333333	0	0.0694444437499999	0.05	0.0600000000000001
0.0545454545454546	0.00999999999999996	0.0611111119999997	0.05	0.0555555550000001
0.0555555557142858	0	0.0590277781249999	0.0499999999999999	0.0555555549999998
0.0681818181818182	-0.003068782904762	0.0833333337499997	0.0369395709649123	0.0666666670000002
0.0666666666666666	0.00458754185606067	0.0617283944444446	0.0333333320000001	0.0555555560000002
0.044444445	0	0.0697222224999998	0.0370370366666677	0.0546520144890109
0.0599999999999999	0.0142857142857142	0.0615384615384616	0.0278888899999996	0.0555555549999998
0.0555555556	0	0.0794486218421054	0.0393939390909091	0.061111111
0.0511111111111112	0	0.0656565654545454	0.0315789473684211	0.0555555549999998
0.0666666666666666	0	0.0657763534935897	0.0357142857142857	0.0599999999999991
0.0740740745555556	0.01	0.0793650800000003	0.0555555533333324	0.0703703706111113
0.0555555555	0	0.0722222219999999	0.0200000000000001	0.0555555555555556
0.0557738095238096	0	0.0694444450000002	0.0138888887499999	0.0555555566666666
0.0793650794285714	0	0.0740740744444444	0.0277777775000001	0.0648148150000001
0.0555555559999998	0	0.069444445	0.0555555549999999	0.0555555600000002
0.0555555566666666	0.0111111111111111	0.0793650800000003	0.0499999999999989	0.0666666666666667
0.0600000000000001	0.00396825428571417	0.0634920628571427	0.0464285714285713	0.0555555550000002
0.0555555557142858	0	0.0662962960000002	0.02	0.0511111111111112
0.0472953216513158	0	0.0555555549999998	0.0277777774999999	0.0428571428571429
0.0555555549999998	0	0.0740740733333342	0.0344551275480768	0.0555555556
0.0493827161111111	0	0.0555555550000003	0.0505050504545455	0.05
0.0555555556	0.010050505	0.0617283944444442	0.0353535354545455	0.0555555555227276
0.0404040409090908	0	0.0545454545454547	0.0333333333333338	0.0416666675000001
0.0466666666666667	0	0.0652173913043478	0.0505050509090908	0.0555555559999998
0.0777777780000001	0	0.0740740733333336	0.0399999999999999	0.0625
0.0617283950555555	0	0.0666666666666667	0.0277777777777778	0.0555555553846153
0.0666666667999998	0	0.0740740733333336	0.0333333333333333	0.0571428571428571
0.0642857142857144	0.00484006733333332	0.0714285714285714	0.0555555555777777	0.0666666666666664
0.0555555555999998	0	0.0751633988235295	0.0666666679999999	0.0666666666666664
0.0560416666666668	0	0.0651067323275862	0.0416666668750001	0.0555555550000001
0.05	0	0.0694444437500001	0.0449494952272728	0.0555555555714285
0.07037037	0	0.0722222219999999	0.04	0.0555555566666672
0.0565217391304348	0	0.0617283955555558	0.0199999999999999	0.0507936514285713
0.0634920634285715	0	0.068	0.0555555566666672	0.0592592592546295
0.0555555555625	0	0.0617283944444446	0.0500000000000001	0.0555555557142858
0.0571428571428571	0.00488095238095234	0.0648148149999995	0.061728395	0.0555555587499992
0.063492062857143	0	0.06875	0.0555555554999999	0.0602513229166666
0.0555555556666665	0	0.0666666666666664	0.0252525254545455	0.0555555549999998
0.04	0	0.069444444625	0.0476190476190476	0.0555555549999998
0.0541666666666667	0	0.074074073333333	0.00800865837662351	0.0505050509090911
0.0648148148333333	0	0.0679012344444444	0.0277777779285713	0.055555556666666
0.0536195284848485	0	0.0659027779375	0.0486111112500001	0.0555555555
0.069444445	0	0.0714285714285714	0.0277777775000002	0.0611111111111112
0.0617283944444446	0	0.0666666679999999	0.0444444444444445	0.0555555600000019
0.0686274505882352	0	0.0611111110000003	0.0370370366666665	0.0555555554999998
0.0625	0	0.0750000000000001	0.022222222	0.060606060909091
0.0555555549999998	0	0.0694444437500001	0.0300000000000001	0.0529411764705882
0.04629629625	0.0277777781666666	0.0555555553846153	0.0675000000000003	0.0541666666666667
0.0555555557142858	0.0217391304347826	0.0634920642857146	0.042857142857143	0.0555555556666668
0.0462962966666668	0.0357142857142857	0.0694444437500001	0.0500000000000007	0.0590326340454545
0.0555555549999998	0	0.0750000000000002	0.042735043076923	0.0584795321052632
0.0499999999999998	0	0.0599999999999998	0.0214285714285714	0.0486111112500001
0.0617283955555554	0.00909090909090914	0.0599999999999999	0.04	0.0555555550000002
0.0648148150000001	0	0.0785714285714286	0.0513394819762847	0.0659722225000001
0.0555555560000002	0	0.0658143944318182	0.0411764705882353	0.0555555554
0.0666666666666667	0	0.0594588741883117	0.0277777774999999	0.0535533911038961
0.0694444445	0	0.0833333333333333	0.0285714285714286	0.0649999999999999
0.0541666666666667	0	0.0634920628571428	0.0370370373333332	0.0512820515384617
0.0549999999999997	0	0.0634920642857146	0.0453535354545454	0.0512820507692308
0.0413055555	0	0.0634920632142859	0.0527336864285712	0.0533333333333333
0.0533333333333333	0	0.061111111	0.0333333333333333	0.0480740733333333
0.0555555600000002	-0.0138888887499999	0.0648148150000001	0.0277777778333332	0.0555555500000011
0.0666666667999998	0	0.0714285714285713	0.0333333333333333	0.0580123455555556
0.0555555555555556	0	0.0714285714285714	0.03	0.0555555559999999
0.0662499999999999	0	0.0666666666666664	0.0462962958333331	0.0555555566666672
0.0617283955555555	0	0.0653594770588236	0.0396825400000001	0.0555555555
0.0555555549999998	0	0.0600000000000001	0.0687499990625	0.0555555555555556
0.0666666666666664	0	0.0694444437500001	0.0317460314285715	0.0555555556
0.0444444449999999	0	0.0634920642857146	0.0317460314285713	0.0500000000000001
0.0555555556904763	0	0.0740740740888889	0.0352525254545455	0.0562499999999999
0.0634920634642858	0	0.066666665	0	0.055555556
0.0454545454545455	0.00925926000000003	0.0615384615384616	0.0555555566666672	0.0555555549999998
0.0555555555454546	0	0.0656565656363636	0.0399999999999999	0.0555555516666667
0.0727272727272727	0	0.0793650785714282	0.0499999999999997	0.0648148150000001
0.0507154883712121	0	0.0656565654545454	0.047619047857143	0.0555555555000005
0.0382638888541667	0	0.0649999999999999	0.0277777749999997	0.0476190471428572
0.0549999999999999	0.00784615384615384	0.0666666666666664	0.0555555566666669	0.0555555570833336
0.0609649122587719	0	0.0740740741666667	0.0462962966666667	0.060606060909091
0.0666666666666664	0	0.0666666666666664	0.04	0.0555555555555556
0.0625	0	0.0555555560000002	0.04	0.0505050509090908
0.0750000000000002	0.0111111111333334	0.0740740746666667	0.0476190475000002	0.0659722221874998
0.0617283955555556	0.0076923076923077	0.069444445	0.05	0.06
0.0666666660000004	0	0.0617283944444442	0.0555555566666672	0.0555555599999993
0.0549999999999997	0	0.055555554	0.0436507935714285	0.0476190471428572
0.0555555560000001	0	0.0740740733333336	0.0396825399999999	0.0617283950000002
0.0719696969090908	0	0.0694444442708334	0.0145502645502647	0.0555555557142858
0.0545454545454545	0	0.0617283944444446	0.0277777775000002	0.0505050509090908
0.0580128205128205	0.0090909090909091	0.0714285714285714	0.0185185183333333	0.0611111111111112
0.0595598846428571	0	0.0703703702000001	0.0476190485714285	0.0583333333333333
0.0505050509090909	0	0.0555555549999998	0.0603174599999998	0.0500000000000007
0.0505050499999999	0.0084401708974359	0.0608695652173912	0.0555555566666672	0.0555555556
0.0666666670000002	0	0.0603174599999998	0.0277777774999999	0.0555555553846153
0.0555555556	0.00925925999999988	0.0694444437500001	0.0555555549999999	0.0606060607727272
0.0667708339999999	0.00540935672514618	0.0740740742499999	0.0404545454545455	0.0648148148333334
0.0555555554999998	0	0.0555555550000015	0.0428571428571429	0.0499999999999998
0.0621568627647058	0	0.0585802468333334	0.0277777775000003	0.0505050500000001
0.0523809526190478	0.00370879120879121	0.0648148149166666	0.0555555566666672	0.0555555557321428
0.0642857142857143	0	0.0617283955555558	0.0333333333333334	0.0555555555714285
0.0555555549999998	0	0.0555555562500002	0.04	0.0499999999999998
0.0555555556666665	0	0.0694444450000002	0.0285714285714286	0.0555555549999998
0.0396825400000001	0	0.0555555557142858	0.0333333333333338	0.0444444444222221
0.0599999999999998	0	0.0648148148333334	0.0444444439999998	0.0555555555555556
0.0617283944444446	0.025	0.0740740741111112	0.0521437908823529	0.0651086956521739
0.0542568542727272	0	0.0499999999999998	0.0384920634920635	0.0462962966666665
0.0564814816666666	0	0.0656565654545454	0.0444444445	0.0555555556666665
0.05	0.0285714285714286	0.0648148150000001	0.0666666666666667	0.0565016103985507
0.0505050505454545	0.0108187133947368	0.0694444450000002	0.0346688035576922	0.0555555566666666
0.052932098875	0	0.0666666666666667	0.0384615384615385	0.0524867727619047
0.066875	0	0.0694444449999998	0.0416666666666667	0.0611111114583334
0.0545454545454545	0.0133333333333333	0.0499999999999999	0.0370370383333333	0.0462962963333333
0.0642857142857144	0	0.0666666666666664	0.020833333125	0.055555555625
0.0609903381086957	0	0.060606060909091	0.0375	0.0515873014285714
0.0541666666666667	0	0.0617283955555558	0.0444444444444444	0.0546520144505495
0.0566666668333333	0.000333333349999965	0.0611111110000001	0.0444444440000003	0.0555555549999998
0.0617283944444446	0	0.0694444450000002	0.0499999999999998	0.0588235294117647
0.0588888889000001	0	0.0694444444999998	0.0679783950347222	0.0617283955555554
0.0555555549999998	0	0.069444444375	0.0430335097619049	0.0555555557142857
0.0512820513076923	0	0.0714285714285714	0.0500000000000007	0.0555555562499999
0.0666666666666666	0	0.0714285714285714	0.0461538461538462	0.0608695652173913
0.0565942028985507	0	0.0617283950555556	0.0333333333333333	0.0509259258333333
0.0642857142857143	0	0.0694444437500001	0.0265811964102564	0.0555555559999998
0.0555555557142856	0	0.0664814804999999	0.04	0.0555555559999998
0.0699999999999999	0	0.0666666669999998	0.0199999999999999	0.0555555557142858
0.0555555554	0	0.0694444450000002	0.00851449275362323	0.0555555499999976
0.0555555557916666	0	0.0710493828888889	0.0308641977777779	0.0555555557142858
0.0555555555000001	0	0.0555555555	0.00358974358974361	0.0466666666666666
0.06	0	0.0625	0.0555555559999998	0.0571428571428572
0.0625	0	0.0793650792857142	0.0388888890000001	0.0617283944444442
0.061728395	0	0.0692307692307691	0.0142857142857143	0.0555555560000002
0.0571428571428572	0	0.0777777780000001	0.0347222221874999	0.0572380952380954
0.0555555555	0	0.0505050509090908	0.0181818181818181	0.0444444446862745
0.0588562091558824	0.00198412714285709	0.0694444449999998	0.0589285713095238	0.0617283955555554
0.0505050509090909	0	0.0617283944444442	0.025	0.0499999999999989
0.074074074	0	0.0777777777777777	0.0238095242857142	0.0605808075000003
0.0555555555	0.02	0.0694444450000002	0.0277777799999996	0.0555555566666666
0.0666666666666667	0.00909090909090908	0.0555555549999998	0.0555555555555556	0.0555555550000002
0.069444445	0	0.0694444450000002	0.0405723903703704	0.0583333333333335
0.05555555625	0	0.0777777779999997	0.0277777774999999	0.0598290600000001
0.0555555559999998	0.0209150327058824	0.0617283955555554	0.0370370366666677	0.0555555559999998
0.0555555549999998	0	0.0694444449999998	0.0666666666666667	0.06
0.0611111111111112	0	0.066666666666667	0.015	0.0509259258333335
0.0562499999999999	0	0.0617283955555556	0.0617283944444446	0.0571428571428569
0.0555555558749999	0.00909090909090914	0.0694444449999998	0.0555555499999976	0.061111111
0.05	0	0.0500000000000007	0.0333333320000001	0.0444444446666667
0.0555555550000002	0	0.074074074	0.0333333333333333	0.0555555555555556
0.0555555555454545	0	0.0653594770588235	0.0256410253846153	0.0555555549999998
0.0555555566666669	0	0.0666666666666664	0.0079365085714286	0.0505050509090908
0.0538461538461538	0	0.0648148150000001	0.0277777778571428	0.0515873014285714
0.06	0	0.0777777780000001	0.0222222222222222	0.0555555560000002
0.0625	0	0.0722222200000004	0.0277777775000001	0.0555555566666666
0.0694444445	0	0.0749999999999999	0.0555555566666672	0.0625
0.0654282764535604	0	0.068942901111111	0.0294117647058824	0.0555555555555556
0.0694444437499997	0	0.0714285714285714	0.0231481483333334	0.0555555566666672
0.0499999999999998	0	0.0505050509090909	0.0386752137307693	0.0444444439999998
0.0555555549999998	0	0.0597777780000001	0.0470588235294118	0.05
0.0555555549999998	0.0142857142857142	0.0694444437499997	0.0740740755555556	0.061111111547619
0.0444444436666664	0	0.0617283944444446	0.0199999999999999	0.0462962966666668
0.0617283955555558	0	0.069444445	0.0277777774999999	0.055555556666666
0.0694444445	0	0.0777777779999994	0.042735043076923	0.0648148150000001
0.0555555555714286	0	0.055555556	0.0465608466666667	0.0500000000000007
0.0466666666666667	0	0.0634920628571428	0.0317460314285715	0.05
0.0705882352941177	0	0.0694444449999998	0.0317460321428571	0.0592592593333334
0.05	-0.0100000000000001	0.0648148150000001	0.0142857142857143	0.047619047857143
0.0648148148333334	0	0.0656565656363636	0.0666666660000004	0.0617283944444446
0.069444445	0	0.0729166668749999	0.0333333336666665	0.0619981327170868
0.0580645161290322	0	0.0727272727272728	0.04020202	0.055555556666666
0.0619099495424839	0	0.0769230769230769	0.0277777758333332	0.0600000000000001
0.0505050505454546	0	0.0617283955555558	0.0265811964102564	0.05
0.0500000000000003	0	0.0656565654545457	0.0277777775000001	0.0500000000000007
0.06944444446875	0	0.0777777778888886	0.0333333340000003	0.0617283955555556
0.0666666666666664	0.00666666666666664	0.0777777766666657	0.0509259258333333	0.0666666666666667
0.0566666666666666	0.00415804018633535	0.0777777780000001	0.0380476190476191	0.0625
0.0617283955555556	0	0.0634920628571428	0.0555555566666672	0.0555555562499999
0.0679012344444444	0	0.0703703704	0.0428571428571429	0.0617283944444446
0.0463804715151515	0	0.0555555555555556	0.0416666675000004	0.0462962966666667
0.0544949492727273	0	0.0588235294117647	0.0303418803846154	0.05
0.0612962962916667	0	0.05952381	0.0399999999999999	0.0555555554545457
0.0679012344444444	0	0.0703703706111111	0.0388888890000001	0.061111111
0.0714285714285714	0	0.0694444437500001	0.0555555552272727	0.0619981326932773
0.0694444449999998	0	0.0648148150000001	0.03472222125	0.0555555566666666
0.0555555554	0	0.061111111	0.0294117647058824	0.047619047857143
0.06598611125	0.00499999999999989	0.0617283944444442	0.0509259258333333	0.0555555566666672
0.0555555559999998	0	0.070707070909091	0.0363636363636362	0.0555555599999984
0.0555555549999998	0.0044887278768116	0.0555555600000002	0.05	0.0527046782236841
0.0538461538461539	0	0.0625	0.0277777799999992	0.0500000000000003
0.0583333333333334	0.00694444437499997	0.0707070709090908	0.0555555566666672	0.0611111111111112
0.0555555560000001	0	0.0666666666666667	0.0370370370185186	0.0555555554545454
0.0555555555999998	0	0.0555555560000002	0.0264957261538462	0.0478260869565218
0.0617283955555554	0	0.0740740733333336	0.0500000000000004	0.061728395
0.0568121694047619	0	0.0694444437499997	0.0493827166666665	0.0555555565151512
0.0555555554999998	0	0.0615384615384616	0.0588235294117647	0.0555555557142858
0.042857142857143	0	0.0576923076923077	0.0185185200000001	0.0471825398214286
0.0555555560000002	0	0.069444445	0.0333333333333332	0.055555556
0.0617283955555556	0	0.0666666664999999	0.0398412700000001	0.0555555560000002
0.0614814813333333	0.02	0.0617283944444442	0.0300000000000001	0.0555555558333335
0.0555555556	0	0.0555555550000015	0.0274999999999999	0.0476190471428571
0.0555555555555556	0	0.0555555559999998	0.0375	0.047619047857143
0.0694444437499998	0	0.0799999999999997	0.0555555541666661	0.069444445
0.0666666666666667	0	0.0714285714285714	0.0444444444444444	0.0619868637110016
0.0617283955555556	0	0.074074073333333	0.0351262627272728	0.0600000000000001
0.0636363636363637	0	0.0740740733333336	0.0513963163368984	0.061728395
0.0555555556125	0	0.0600000000000001	0.0452525254545454	0.0555555549999998
0.0555555557321429	0	0.0625	0.0352941176470588	0.0505050509090911
0.05	0.0333333333333333	0.0666666666666667	0.0555555563333331	0.0571428571428572
0.062361111111111	0	0.081481482	0.0428571428571429	0.0666666668999998
0.0692307692307692	0	0.0694444449999998	0.0231125357051282	0.0555555570833336
0.06944444425	0	0.0555555560000002	0.0291132479487178	0.0505050499999998
0.0555555550000002	0	0.0649074075	0.05	0.0555555555000002
0.0505050509090909	0	0.069444444375	0.0617283955555554	0.0573908729464285
0.0555555557142858	-0.00909090909090906	0.0703703703851852	0.040404040909091	0.0555555566666666
0.0611111111111112	0.00925925916666663	0.0617283944444442	0.055555556666666	0.0580123455555556
0.0667708339999999	0	0.0694444437499998	0.0555555555555556	0.0617283955555554
0.074074074	0	0.07936508	0.0353030304545455	0.0666666666666667
0.0507936508571428	0	0.0634920628571431	0.0616334279914529	0.0555555559999998
0.0555555549999998	0.00146198831578947	0.0611111099999988	0.0499999999999998	0.0555555550000006
0.0683760684615385	0.00499999999999994	0.0636363636363636	0.0315789473684209	0.0555555557142858
0.0495726492307692	0	0.0666666666666667	0.0428571428571429	0.0555555554545454
0.0740740740833334	0	0.0617283944444442	0.043271605	0.0555555560000002
0.0694444442083334	0	0.074074073333333	0.020833333125	0.0600000000000001
0.0638694637412588	0	0.077777778	0.0679012344444444	0.0666666663000003
0.0521854577573529	0	0.069444445	0.04375	0.0555555560000002
0.0617283951111111	0	0.0570370373333333	0.027777777638889	0.0509259258333334
0.0555555555669642	0	0.0659722221875	0.0555555560000002	0.055555556666666
0.0486111112500001	0	0.0625	0.0090909090909091	0.0505050499999998
0.0555555560000002	0	0.0673333333333334	0.035	0.0555555556666668
0.0555555550000002	0	0.0699999999999999	0.0230769230769231	0.0555555556458333
0.0555555549999998	0	0.0555555562499999	0.0470588235294118	0.0509259258333333
0.0617283955555556	0.00909090909090914	0.0833333330624999	0.0222222222222222	0.0666666666666667
0.0634920634285715	0	0.0599999999999999	0.0496913583333332	0.0555555553846153
0.0617283950277778	0	0.0666666666666665	0.0416666675000004	0.0555555555833333
0.069444444375	0	0.0666666666666664	0.0317460314285713	0.0555555557142857
0.0701851850000001	0	0.065894608014706	0.0500000000000001	0.0611111099999988
0.0466666666666666	0	0.0476190476190476	0.0474937340977443	0.0416666666666667
0.0555555557142858	0	0.0666666666666666	0.0277777783333336	0.0555555550000015
0.06	0	0.0664583324999999	0.0505050499999999	0.0571428571428572
0.0555555557142858	0.00871212121212122	0.0617283955555558	0.0550505022727261	0.0555555558333334
0.0525589226636364	0	0.069444445	0.0222222222222222	0.0555555555555556
0.0634920634285715	0	0.0683760684615385	0.0608580630848862	0.0617283950833333
0.0427350423076924	0	0.0555555566666672	0.0617283944444446	0.0520416665624999
0.0694444441666666	0	0.06892911020362	0.0617283955555554	0.0617283944444446
0.0555555556	0.0149074074074074	0.0617283955555556	0.0443055559722226	0.0555555555555556
0.0617283955555556	0	0.06	0.0444444442222221	0.0545454545454544
0.0555555555	0.00694444437499997	0.0722222222	0.0333333333333332	0.0617283944444446
0.0694444450000002	-0.0285714285714286	0.0648148150000001	0.0416666675000004	0.0555555560000002
0.0648148149999999	0	0.069444445	0.0555555549999999	0.061319444375
0.0733333333333334	0.00854700846153842	0.0694444437499999	0.0274999999999999	0.0602513226249999
0.055555555	0	0.0634920642857141	0.0555555549999998	0.0555555559999998
0.0500000000000003	0	0.0694444449999998	0.00505050545454531	0.0555555554999998
0.0617283955555556	0.0142857142857143	0.0666666666666664	0.0571428571428571	0.0611111111111112
0.0555555558823531	0	0.0656565654545457	0.0181818181818182	0.0500000000000001
0.0555555549999998	0	0.0666666666666667	0.0370370366666665	0.0555555550000001
0.0714285714285714	0	0.083333334999999	0.0356209149999999	0.0694444437500001
0.0617283951111111	0	0.0666666666666664	0.050505050909091	0.0577935222672065
0.0555555555	0	0.0634920642857146	0.0377500000000001	0.0518518520000001
0.0555555557142858	0.0111111111055556	0.0750000000000002	0.0599999999999999	0.0635642139610391
0.0592592593333334	0.0219806762173912	0.0653594770588237	0.0555555549999999	0.0600000000000001
0.0505050509090909	0	0.0694444437500001	0.0434782608695652	0.0555555554545454
0.0555555557142858	0.0142135644155843	0.0648148150000001	0.0462250709935898	0.0555555558333335
0.0648148150000001	0	0.0694444437500001	0.0666666660000002	0.0625
0.0659999999999999	0.0107142857142856	0.0592592593333334	0.05	0.0555555560000002
0.0428571428571427	0	0.0615384615384616	0.0277777776136366	0.0489834880340557
0.0648148148333332	0	0.0694444437499997	0.05625	0.0607275131904762
0.0521286230842391	0	0.061111111	0.0538461538461538	0.0545454545454545
0.0536907537412587	0.0133333333333333	0.058499025385965	0.00222222222222217	0.05
0.0606060609090907	0	0.0694444450000002	0.0333333333333334	0.0571428571428569
0.0592592593333334	0	0.069444445	0.0555555555555556	0.0588235294117647
0.059041394372549	0	0.0793650800000003	0.0555555560000002	0.0666666666666664
0.0457516335294117	0	0.0634920635714286	0.03	0.0505050509090908
0.0607919254658385	0	0.0726884225174825	0.0472136222910217	0.057142857142857
0.0751543210000001	0	0.0799999999999997	0.0555555554999999	0.0694444439583333
0.0714285714285714	0	0.068	0.0333333333333332	0.060606060909091
0.0617283955555556	0	0.0555555559999998	0.0380000000000001	0.0511111111111112
0.0555555555555556	0	0.0694444425	0.0486111111249998	0.0598290600000001
0.0476190471428569	0	0.0643065997744361	0.0222222222222222	0.0476190471428569
0.0666666666666664	0	0.0634920642857146	0.0217391304347826	0.0555555549999998
0.0580000000000001	0	0.0533333333333334	0.0388888888888889	0.0476190482142858
0.0694444450000002	-0.00694444437499997	0.0694444437500001	0.02	0.0555555559999998
0.0555555556	0	0.0694444443750001	0.0333333332857144	0.0555555555
0.0597125100000001	0	0.074074073333333	0.0380000000000001	0.05982906
0.0625	0	0.0617283944444442	0.0510461761688311	0.0555555559166665
0.06	0	0.0634920628571428	0.0454545454545455	0.0555555599999984
0.0555555555000001	0	0.0555555599999984	0.03	0.05
0.0555555560000001	0.0136363636363636	0.0683760684615384	0.0433333333333334	0.0588235294117647
0.0505050509090908	0	0.0500000000000007	0.0555555566666672	0.0471428571428569
0.06	0	0.068421052631579	0.0617283955555554	0.0615384615384615
0.0500000000000002	0	0.0555555557738095	0.0526870008823529	0.0529411764705882
0.05	0	0.069444445	0.0294117647058824	0.0555555549999998
0.0617283944444444	0.0090909090909089	0.060606060909091	0.0555555555555556	0.0555555560000002
0.0607378130632411	0.0130434782608696	0.0666666666666664	0.0370370380555557	0.055555560000001
0.0625	0	0.070707070909091	0.0230555555555556	0.055555556666666
0.0555555549999998	0.0125000000000001	0.0555555559999998	0.0370370373333332	0.0500000000000007
0.0759259259166666	0	0.0769230769230769	0.0434057971014493	0.0648148150000001
0.0555555550000003	0	0.055555555625	0.0555555549999998	0.0527777776249999
0.0555555556666666	0	0.0641025642307693	0.0755952380952382	0.0600000000000001
0.0625	0	0.075	0.0166666666666668	0.0555555599999993
0.0649470903571427	0	0.065822649764423	0.0333333333333334	0.0555555560000002
0.0555555559999998	0.00909090909090906	0.0740740741666667	0.0555555549999998	0.0619047619047619
0.05	0	0.0641025646153846	0.0272727272727273	0.0476190476428572
0.0518518520000001	0	0.069444444375	0.05050505	0.0555555566666672
0.0504662003846155	0	0.074074074	0.0444444445	0.0588562091558824
0.0432098766666667	0	0.0555555566666672	0.0233333333333334	0.0421052631578948
0.0499999999999998	0	0.055555556666666	0.0555555557142858	0.0505050499999999
0.0555555555916666	0	0.0625000000000001	0.0679012344444444	0.0555555566666669
0.0486111112500001	0	0.0615099714358972	0.0505050509090908	0.0505050507272726
0.0555555556	0.00851449275362321	0.0740740733333336	0.043271605	0.0615099714358974
0.0793650792857142	0.00925926000000003	0.0833333324999996	0.0493827166666665	0.0699999999999999
0.0555555556	0	0.0793650799999998	0.0505050509090908	0.0647745564492757
0.0555555556666665	0	0.066666666666667	0.0370370373333332	0.0555555549999998
0.0614814813333332	0	0.0740740744444446	0.0231125357051283	0.0555555560000002
0.0757575754545455	0	0.0699999999999994	0.0324074075	0.061728395
0.0625992063571428	0	0.0694444437500001	0.0548611099999995	0.0606060606363636
0.0684210526315789	0.00625000000000003	0.0740740740666666	0.0370370366666665	0.0636363636363638
0.0777777780000001	0	0.0714285714285714	0.0615384615384615	0.0666666666666666
0.0476190471428569	0	0.0694444450000002	0.0256410261538461	0.0509259258333333
0.0555555555444445	0	0.0633333316666664	0.0217391304347826	0.0515873014285714
0.0666666666666664	0	0.0555555559999995	0.0353535354545455	0.0500000000000001
0.0555555549999998	0	0.0555555555555556	0.0599999999999999	0.0505050509090909
0.0427350430769231	0	0.0690598296153848	0.0416666675000004	0.0555555554999998
0.0601851850000001	0	0.0584795321052633	0.0285714285714286	0.0555555500000011
0.0600925925000001	0	0.0666666666666667	0.025	0.0555555549999998
0.0697032436242235	0	0.0666666666666667	0.0500000000000001	0.0571428571428571
0.061728395	0.0222222222222222	0.0694444450000002	0.0539999999999999	0.0617283951111111
0.0559166666666668	0	0.0604962667391305	0.0249999999999999	0.0481063320645161
0.05	0	0.0555555599999984	0.0555555549999998	0.05
0.0555555555714286	0	0.0694444450000002	0.0428571428571428	0.0555555599999984
0.0617283955555554	0	0.0615099714358973	0.0250000000000001	0.0518518519999999
0.06015873	0.0181818181818182	0.0733333336666668	0.0428571428571429	0.0612698417142856
0.0416666666666667	0	0.0555555558333332	0.042857142857143	0.0462962962916666
0.0555555554999998	0	0.0793650792857142	0.042857142857143	0.0617283944444446
0.061672278131313	0	0.069444445	0.0432098766666667	0.0555555560000002
0.0543560606060606	0	0.0653594770588236	0.0740740744444444	0.0555555600000002
0.0666666663000003	0	0.0732407408333333	0.0333333333333334	0.0605555550000005
0.0666666666666667	0	0.0722222219999999	0.047619047857143	0.0600000000000001
0.0617283950555555	0	0.064	0.0170940176923077	0.055555555625
0.0416666674999999	0	0.0694444437500001	0.0433333333333334	0.0555555549999998
0.062063492052381	0	0.068447293397436	0.0273863636363636	0.0555555554545454
0.0512820515384615	0	0.066666667	0.0505050499999998	0.0555555556666668
0.0545454545454545	0	0.0617283955555554	0.0541958041958042	0.0555555549999998
0.0642857142857143	0.0388888890000001	0.07222222225	0.0555555499999976	0.0666666666666664
0.0520833334374999	0	0.055555556666666	0.0542727272727272	0.05
0.0617283950000001	0	0.0714285714285714	0.0505050500000001	0.0603519667391305
0.0617283955555554	0	0.0653846153846154	0.055555555	0.0555555560000002
0.0683760684615385	0	0.0590277781250002	0.0277777775000001	0.0545454545454545
0.0666666666666664	0.0197167756862745	0.0694444450000002	0.0555555549999999	0.0653594770588235
0.0500000000000001	0	0.0570899472380951	0.0317460314285715	0.0494776829487181
0.0606837607692308	0.0142857142857142	0.0617283950555556	0.0370370366666672	0.0555555558333334
0.047295321776316	0	0.0617283955555556	0.0444444439999998	0.0500000000000003
0.03888888895	0	0.0666666666666667	0.0555555550000001	0.0555555549999998
0.0525252527272727	0	0.0666666666666676	0.0533333340000006	0.0555555560000002
0.0555555549999998	0	0.05952381	0.0462962958333333	0.0555555533333335
0.0632275133809526	0	0.0706380328851541	0.0266666666666667	0.0576073230113636
0.060606060909091	0	0.074074073333333	0.0499999999999998	0.060606060909091
0.0499999999999998	0	0.0571428571428572	0.0446360161034483	0.0505050500000001
0.0454545454545455	0	0.0555555560000002	0.0370370383333333	0.0466666666666666
0.0555555555	0	0.0617283950000002	0.0351262627272727	0.0505050504545454
0.0462962966666668	0	0.0615384615384616	0.0555555556	0.0555555499999976
0.0565217391304348	0	0.0656565663636364	0.0347222225000001	0.0555555553846153
0.0555555554772726	0	0.0672514621052631	0.0466666666666666	0.0555555550000002
0.0555555555555556	0	0.0634920642857144	0.0500000000000007	0.0555555560000002
0.0694444445	0	0.0601851850000002	0.0277777775000003	0.0555555553846153
0.0499999999999998	0.00499999999999998	0.0555555550000001	0.0617283944444442	0.0505050502272728
0.0505050509090909	0	0.0611111111111112	0.0263157894736842	0.0499999999999998
0.061111111	0	0.0679012344444448	0.0370370366666667	0.0611111099999988
0.05625	0.0100000000000001	0.0694444437499997	0.0441666675000008	0.0555555599999984
0.0497245962820512	0	0.0694444443750001	0.0222222219999999	0.0555555549999998
0.0604617599999999	0	0.0694444441666665	0.0333333333333334	0.0555555556666668
0.0555555555	0	0.0555555558333334	0.0555555554772727	0.0505050504545454
0.0500000000000003	0.00871794868531471	0.069444445	0.025959596060606	0.0555555560000002
0.0493827166666666	0	0.0702613307236843	0.0333333340000001	0.0555555557142853
0.0694444444687499	0.0125	0.0793650792857142	0.0324074075	0.0666666666666667
0.0505050509090909	0.000666666699999929	0.0694444444999998	0.0476190485714285	0.0584990253859649
0.0555555556333333	0	0.0555555599999984	0.0277777783333336	0.0486111112500001
0.0545454545454545	0	0.060606060909091	0.0617283955555554	0.0555555555714285
0.0555555549999998	0	0.0666666679999999	0.0211004276442309	0.0555555549999998
0.0651851852	0	0.0666666670000002	0.04	0.0555555559166665
0.0611111110000001	0	0.0629629633333335	0.0347222224999997	0.0555555555555556
0.0555555555555556	0	0.0634920642857146	0.0555555549999998	0.0555555554545454
0.04629629625	0	0.0538461538461541	0.0421052631578948	0.0444444450000001
0.0499999999999992	0	0.0555555549999998	0.0447916668750001	0.0466666666666666
0.0555555555333334	0.0277777783333333	0.0555555560000002	0.0269230769230769	0.0523809526190476
0.058888889	0.0054093567251462	0.061728395	0.0555555549999999	0.0555555557142858
0.0694444444687499	0	0.074074074	0.0555555549999999	0.0659490742499999
0.0588235294117647	0	0.0617283955555554	0.0424242427272729	0.0555555549999998
0.0694444444999999	0	0.0750000000000002	0.0390522877352942	0.0634920639285713
0.0666666667999998	0	0.066666666666667	0.0384615384615385	0.0580446036200716
0.068421052631579	0	0.0666666666666668	0.033760683923077	0.055555555625
0.05	0	0.05	0.0476190480952381	0.0454545454545455
0.0555555566666666	0.0111111111111111	0.0617283944444442	0.035	0.0555555554999998
0.069444444375	0	0.0666666668499999	0.0185185191666667	0.0566666666666669
0.0555555555000001	0	0.069444444375	0.0333333333333333	0.0555555553333333
0.0617283955555556	-0.0068055555208333	0.0694444437500001	0.0486111112500001	0.0599999999999998
0.0606060606363637	0.02	0.0644444440000001	0.0666666666666667	0.0614835164835165
0.0638181818181819	0	0.0683985605465587	0.0476190471428572	0.0599999999999992
0.0444444444444445	0	0.060606060909091	0.0222222222222222	0.0485416662500003
0.0432098766666667	0.0107142857142857	0.0555555560000002	0.05	0.05
0.0617283955555556	0	0.0722222222222222	0.0249999999999999	0.0555555557321429
0.0476190471428569	0	0.05	0.0246184061616161	0.0416666667499999
0.0604617603181818	0	0.0694444437500001	0.03775	0.0555555559999998
0.06	0	0.059090909090909	0.0505050509090908	0.0555555554545456
0.0555555564583333	0	0.0707070709090908	0.0427350430769232	0.0592592593333334
0.0555555600000001	0.01	0.0599145299999999	0.06	0.0555555555
0.0777777781666669	0	0.0839826839610389	0.05	0.0726495726923077
0.0499999999999998	0	0.066666666666667	0.00980392117647062	0.0489834880340557
0.0444444433333331	0	0.0555555560000002	0.00793650785714282	0.0427350427692308
0.0571428571428572	0	0.0634920642857146	0.0272727272727273	0.0555555549999998
0.0555555555555556	0.00925926000000003	0.0666666666666664	0.0505050500000001	0.0557142857142858
0.0454545454545455	0	0.0617283955555558	0.0536402487412587	0.0505050499999998
0.0624999999999999	0.0208333335416667	0.0666666666666667	0.0622222233333337	0.0617283955555554
0.0666666666666664	0	0.0555555542857147	0.0353535354545455	0.0527046782236841
0.0509259258333333	0	0.0711111113333333	0.0538461538461538	0.059090909090909
0.05	0	0.0555555560000002	0.0277777775000002	0.0444444440000001
0.0648148150000001	0	0.0666666666666664	0.0499999999999999	0.0611111113392858
0.0555555553939394	0.00999999999999997	0.0683760684615385	0.0499999999999989	0.055555556666666
0.0571428571428572	0	0.0666666666666664	0.0555555557142857	0.0557142857142858
0.0555555549999998	0	0.074074073333333	0.0173913043478261	0.0555555550000002
0.0555555556	0.0140873021428571	0.0615384615384616	0.0641025642307694	0.0555555559999998
0.0556349228571438	0	0.075	0.0555555555555556	0.0617283953333333
0.0555555554999998	0	0.0595238096428572	0.0277777770833334	0.047619047857143
0.0678979856988304	0	0.0759629633333331	0.0105882352941176	0.056273148
0.055555555577381	0	0.0666666666666664	0.0461538461538461	0.055555556
0.0555555559999998	0	0.06	0.0370370366666665	0.0555555549999998
0.0629629633333337	0	0.0598290600000001	0.0333333333333334	0.0523809526190477
0.0499999999999998	0	0.0648148150000001	0.0555555556333334	0.0555555549999998
0.0555555556666665	0	0.0555555555	0.0185185172222224	0.0454545454545455
0.05	0	0.0555555560000002	0.0182539685714284	0.0462962966666668
0.0600000000000001	0	0.0576923076923077	0.0452525254545454	0.0555555544999999
0.0617283955555556	0	0.0692307692307693	0.0125	0.0555555550000015
0.0555555561250003	0	0.0629629630148148	0.0505050499999998	0.0555555555555555
0.0555555555555556	0	0.0555555560000002	0.0307692307692308	0.05
0.069444445	0	0.0592307692307695	0.0396825399999999	0.0555555541428574
0.0644444440000001	0	0.0714285714285714	0.0277777774999999	0.0575000000000001
0.0555555550000015	0	0.0617283944444442	0.00458754185606067	0.0476190485714285
0.050925926125	0	0.069444445	0.0555555557142858	0.0555555559999998
0.0649074075	0	0.0694444437499998	0.0499999999999989	0.0555555566666666
0.0617283950000001	0	0.074074073333333	0.0317460314285713	0.0557142857142858
0.0463804715151515	0	0.0649074074999998	0.05	0.0555555550000001
0.0461538461538461	0.00427350384615393	0.069444445	0.0384615384615385	0.0555555554545457
0.057142857142857	0	0.0555555560000002	0.0352525254545455	0.0500000000000001
0.0505050509090909	0	0.0606060603181818	0.036038961038961	0.05
0.061728395	0	0.0694444437500001	0.0552777749999988	0.0600000000000001
0.0472222223750001	0	0.0666666670000002	0.035	0.0505050499999999
0.0694444447499998	0	0.0625	0.03	0.0532098766666666
0.0555555555	0	0.0555555566666672	0.0411764705882353	0.0505050509090911
0.05991453	0	0.0648148150000001	0.0126602561538462	0.0529411764705882
0.0666666675000001	0	0.0736476608881579	0.0350175670750989	0.0555555566666672
0.0526315789473684	0	0.07	0.0555555557142858	0.0555555599999984
0.0512820512692307	0	0.0692307692307693	0.0476190485714285	0.0555555560000002
0.0555555549999998	0	0.0753968257142859	0.0208333333333333	0.0555555557142858
0.0545454545454545	0.0252525254545455	0.0579597139766082	0.0588235294117647	0.0555555557142858
0.0555555550000015	0	0.0634920642857141	0.0432098766666667	0.0555555550000005
0.0615384615384616	0	0.0681818181818182	0.0462962960833333	0.0555555566666672
0.0444444444444445	0	0.05555555625	0.0622222233333337	0.0500000000000001
0.0518518519999999	0	0.0694444437499999	0.0256410257692307	0.0555555550000006
0.0555555566666672	0.00889328063241105	0.0694444450000002	0.0505050499999998	0.0611111111111111
0.0571428571428572	0	0.0777777780000001	0.0427960929670329	0.0648148150000001
0.0555555556666665	0	0.0694444450000002	0.0367003365151514	0.0555555566666672
0.0555555566666666	0	0.0694444425	0.0249999999999999	0.055555555666667
0.0555555560000002	0	0.06	0.0444444448333335	0.0555555549999998
0.0514346763296703	0	0.0633249787969925	0.0277777783333333	0.05
0.0592592593333334	0	0.0588235294117647	0.05050505	0.0555555551470596
0.0694444444375	0	0.074074073333333	0	0.0555555550000003
0.0683760684615385	0	0.07361111125	0.0281746042857143	0.0617283955555554
0.0555555555000001	0	0.0704793029803923	0.026086956521739	0.0555555557321429
0.0555555565151515	0	0.0683760684615385	0.0301515154545455	0.0555555554999998
0.0666666666666667	0	0.0722222219999999	0.0333333333333334	0.0571428571428571
0.0555555556666665	0	0.0600000000000001	0.0333333333333334	0.0505050509090911
0.0555555555999998	0	0.0714285714285714	0.0444444444444445	0.0615384615384616
0.07361111125	0.011764705882353	0.0666666666666667	0.0249999999999999	0.06
0.0625	0	0.0717948715384615	0.0425925925	0.0555555554545454
0.0499999999999998	0	0.0625	0.032	0.0511111105000003
0.0555555554999998	0	0.0666666675000001	0.0476190471428574	0.0555555555999998
0.0666666666666667	0	0.0710493827777779	0.0462962958333333	0.0600000000000001
0.0694444449999998	0	0.069444444375	0.015	0.0555555555000002
0.0533333333333333	0.00869565217391305	0.0634920628571426	0.0416666666666667	0.0555555554999998
0.0612698413392858	0.00476190476190479	0.0643650791428572	0.0347222225000001	0.0555555566666672
0.0642857142857143	0.00879227054150203	0.0617283951111111	0.055	0.055555556666666
0.0555555556000001	0	0.0694444449999998	0.0486111112500001	0.0555555559999998
0.0507154883712121	0	0.0675000000000008	0.0278888899999996	0.0518518520000001
0.05	0.0277777778333332	0.0694444437499999	0.0277777774999999	0.0555555566666663
0.074074073333333	0	0.0714285714285714	0.05	0.0625
0.0533333333	0.0555555555	0.0555555550000015	0.125	0.0555555566666666
0.0505050499999999	0	0.0555555562500003	0.0229020979020979	0.0454545454545455
0.06	0	0.0750000000000002	0.0555555556666665	0.0662731480000001
0.0555555560000002	0	0.0571428571428569	0.0367003365151514	0.05
0.0666666666666665	0	0.0793650785714282	0.0416666674999999	0.0674603178571428
0.0462962961388888	0	0.0666666666666664	0.0406565659090909	0.0505050509090908
0.0566666666666666	0.0124228394444444	0.0694444425	0.0625	0.0617283944444446
0.0616025641025642	0	0.0694444441666666	0.0444444440000005	0.0555555587499992
0.0634920634642858	0.0083333333333333	0.0694444450000001	0.0314980164285714	0.06
0.055555556	0	0.0700000000000003	0.0222222219999999	0.0555555550000015
0.06	0.00624999999999998	0.0666666666666667	0.0222222219999999	0.0555555559999998
0.0444444444444444	0	0.0611111114285714	0.0166666666666669	0.0466666666666666
0.0486111112500001	0	0.0728219698011364	0.0436507935714285	0.0555555555669642
0.0472222223750001	0	0.0648148149999997	0.0363636363636362	0.052425044484127
0.0555555556	0	0.0730090497737556	0.0391414140454546	0.0555555566666666
0.069444444375	0	0.0694444437499997	0.0641025646153848	0.0648148150000001
0.0532098764999998	0	0.0555555560000002	0.0111111119999997	0.0444444449999999
0.0522321431160715	0	0.0666666666666668	0.0432098766666667	0.0555555549999998
0.0571428571428572	0	0.0633249787969923	0.0308641977777779	0.0555555549999998
0.0444444455000001	0	0.0666666666666667	0.0222222221111113	0.0499999999999998
0.070707070909091	0	0.0694444443750001	0.0555555533333324	0.0625
0.0499999999999998	0	0.0694444450000002	0.037037037037037	0.0555555553333334
0.0555555559999999	0.0456790123333334	0.0666666666666667	0.0755555555555555	0.0638888891666669
0.0611111110833333	0	0.0623611111250001	0.0734006730303029	0.0600000000000003
0.0434782608695652	0	0.0555555557142858	0.0515873014285715	0.0472953217763157
0.0617283944444446	0.0134848484848485	0.0617283955555558	0.0222222219999999	0.0555555555
0.0505050504545454	0	0.069444445	0.0246913577777777	0.055555554
0.0617283950277778	0	0.070707070909091	0.00833333333333316	0.0555555560000002
0.056273148	0	0.0634920635714285	0.0421052631578947	0.0555555555773809
0.056273148	0.00909090909090906	0.0702222219999999	0.0505050509090908	0.060606060909091
0.0599999999999998	0.0277777777499999	0.0555555557142858	0.0555555555555556	0.0555555555555556
0.0614814813333332	0	0.0694444437499997	0.0277777778055555	0.0555555559999998
0.0555555556666665	0	0.0515873014285714	0.074074073333333	0.0544949494949494
0.0617283944444442	0	0.0740740733333336	0.05	0.060606060909091
0.0500000000000001	-0.00666666666666652	0.0641025646153846	0.0277777774999999	0.05
0.055925928000001	0	0.0694444441666665	0.0324074075	0.0548809525000001
0.0500000000000005	0	0.0694444445	0.0462962966666668	0.055555560000001
0.0675264551785714	0	0.0598290600000001	0.042857142857143	0.0555555549999998
0.0679012344444444	0	0.0714285714285713	0.055555555	0.0648148150000001
0.0555555566666666	0	0.061728395	0.0333333333333333	0.0505050509090909
0.0555555556666666	0	0.0679012344444444	0.0465127465151515	0.0555555554999998
0.058888889	0	0.0694444450000002	0.02083333375	0.0555555554999998
0.0500000000000003	0	0.0692307692307694	0.0367003365151514	0.0555555549999998
0.0542568542727272	0	0.0634920628571428	0.0515873014285715	0.0555555555
0.05	0	0.0666666667333339	0.0370370383333333	0.0555555550000001
0.0663333332999999	0	0.0658920943269231	0.0292357969683258	0.055555555000001
0.0499999999999998	0.00740740740740741	0.0583333324999993	0.0499999999999998	0.0505050509090911
0.0555555560000002	0	0.070707070909091	0.0476190471428572	0.0592592593333334
0.0649470903571427	0	0.0662506012770563	0.0277777774999999	0.0555555549999998
0.0499999999999998	0.000666666699999929	0.0555555599999984	0.0277777783333336	0.0488194445
0.0555555558333335	0.00909090909090914	0.0714285714285714	0.0523809528571427	0.060606060909091
0.0555555554999998	0	0.0648148149999995	0.0370370366666665	0.0555555499999976
0.0617283955555556	0	0.0561111099999998	0.0555555549999998	0.0555555549999998
0.0555555555857142	0	0.0715289646581197	0.05	0.0555555600000002
0.0642857142857143	0	0.0793650785714287	0.0272727272727273	0.0625
0.044444446	0	0.0694444437499997	0.0319805194805195	0.0514880950892857
0.0462962966666668	0	0.0545454545454545	0.0277777777777778	0.0396825400000001
0.0555555558333333	0.00499999999999989	0.0694444437499999	0.0499999999999989	0.0592592592916666
0.0617283944444442	0	0.0650617288888888	0.0142857142857142	0.0555555549999998
0.0617283955555556	0	0.0666666680000002	0.0166666666666667	0.0520833334374999
0.0707070709090908	0	0.0733333333333332	0.0416666675000004	0.0617283944444442
0.0694444445	0	0.0625	0.0291666666666667	0.0555555559999998
0.0666666654999996	0	0.0683760684615384	0.0548809525000001	0.0611111110555557
0.0555555555454546	0	0.0656565663636364	0.026969696969697	0.0526315789473684
0.06	0	0.0666666666666667	0.0275252511363639	0.0555555554999998
0.0648148150000001	0	0.065	0.0277777774999999	0.0555555558333335
0.052041666875	0	0.075	0.0499999999999989	0.0578362574210527
0.0555555566666666	0	0.0694444450000002	0.029957265	0.0555555555
0.0462962966666668	-0.00104166665625	0.0555555549999998	0.0199999999999998	0.04248366
0.0714285714285714	0	0.0694444437500001	0.0347826086956522	0.0555555600000002
0.05	0.00740740740740741	0.0694444450000002	0.0443055557500003	0.0555555557142853
0.0634920634642858	0	0.0592592593888889	0.033760683923077	0.055555556
0.0625	0	0.0777777777777777	0.0444444445833334	0.0634920635714286
0.055555560000001	0	0.0599999999999998	0.063564213961039	0.0555555557142858
0.0555555554999998	0	0.0598290600000001	0.03968254	0.0505050509090911
0.0555555557142857	0	0.055555556666666	0.0555555556904763	0.0555555549999998
0.0493827161111111	0	0.0641500478632478	0.0384615384615385	0.0519675932291666
0.0444444440000002	0	0.06	0.0366028708133972	0.0499999999999998
0.0641025638461539	0	0.0617283955555556	0.0370370366666665	0.0555555575
0.0555555557142858	0	0.0694444450000002	0.0694444431249998	0.0634920639285713
0.0555555560000002	0	0.069444444375	0.0277777799999992	0.0555555549999998
0.0555555599999984	0.00625000000000006	0.0694444441666667	0.055555556666666	0.0611111105000003
0.052380952857143	0	0.0667948734615385	0.0500000000000001	0.0555555550000015
0.0500000000000001	-0.00104166665625	0.0555555555555556	0.0555555557142857	0.0486111112500001
0.0666666667999998	0	0.0666666666666664	0.0307692307692308	0.0555555600000019
0.0557142857142858	0.0111111111333334	0.075	0.0200000000000001	0.0634920642857146
0.0666666666666667	0	0.0722222219999999	0.020833333125	0.0555555566666666
0.0559444445	0	0.0793650785714282	0.0185185191666667	0.0600000000000001
0.05	0	0.0648148148333334	0.04	0.0515873014285715
0.05	0	0.061728395	0.0277777774999999	0.0483048435641026
0.0617283951111111	0.00925925999999973	0.0555555550000003	0.0370370366666665	0.0538461538461538
0.05	0	0.0599999999999997	0.0434782608695652	0.0522222219999996
0.0555555560000001	0	0.0555555560000002	0.0333333333333333	0.05
0.0444444444444445	0	0.0656565654545457	0.0370370366666665	0.0505050499999999
0.06	0	0.0617283944444442	0.06	0.0555555557142858
0.0694444437499997	0.0062745098039216	0.0714285714285714	0.0726210824871795	0.0666666666000001
0.0555555557142858	0	0.060606060909091	0.0545454545454545	0.0555555555833333
0.0500000000000003	0	0.0505050509090909	0.05625	0.0476190471428572
0.05	0	0.0615384615384616	0.0433333333333333	0.0523809523809524
0.0694444450000002	0.0407407407333333	0.0666666667	0.0793650800000003	0.0687500000000001
0.0426093511538461	0	0.0444444439999998	0	0.0341880346153846
0.0666666666666666	0	0.0555555559999998	0.0185185200000006	0.05
0.0555555549999998	0.041666667125	0.0555555549999998	0.0625	0.055555555
0.0599999999999998	0	0.0694444437499999	0.04	0.055555556666666
0.0666666666666676	0	0.0555555550000015	0.0178409090909091	0.0486111112499999
0.0625	0	0.0555555557142858	0.06576388925	0.0555555555555555
0.0750000000000002	0	0.0694444449999998	0.0382307692307692	0.0571428571428572
0.06	0	0.0592592593333334	0.0324999999999998	0.05
0.0648148150000001	0	0.0649999999999995	0.029957265	0.0555555555000001
0.0617283955555556	0	0.0625	0.0370370371666666	0.0555555549999998
0.0555555566666672	0	0.0634920635714286	0.0302173913043478	0.0526120858070175
0.0511965816538461	0	0.0601851850000001	0.0208333335416667	0.0444444440000002
0.0634920635714286	0	0.0740740733333333	0.0462962963333333	0.0634920635000001
0.055555555625	-0.0125	0.061111111	0.0246913588888889	0.05
0.0505050504545454	0.033	0.0555555558333335	0.0370370366666677	0.0512820515384614
0.0500000000000002	0	0.0614285714285714	0.0277777777272729	0.05
0.047916666875	0	0.0615384615384615	0.0411764705882353	0.050614844367589
0.0722222226	0	0.0656565654545454	0.0462962963333333	0.0557142857142858
0.061111111	0	0.0793650799999998	0.0505050509090908	0.063060429035088
0.0555555556	0.02083333375	0.06	0.0509259258333333	0.0555555555714285
0.05555555575	0	0.0648148149166666	0.0370370366666665	0.0545454545454545
0.0555555555555556	0	0.0555555560000002	0.0213675215384616	0.0486111112500001
0.0499999999999998	0.0111111111	0.0740740733333336	0.074074074	0.0617283951111111
0.0625	0	0.0625	0.0370370366666677	0.0555555555000002
0.0444444442000001	0	0.0555555560000002	0.0386752137307693	0.0476190485714285
0.0555555556666668	0	0.065925926	0.0277777775000002	0.0555555550000002
0.0450980394117649	0	0.0555555550000002	0.0416666666666667	0.0466666663333328
0.0500000000000003	0	0.06	0.0352941176470588	0.05
0.0617283955555556	0	0.069444445	0.0233387800490196	0.0555555556
0.0555555562499999	0	0.0600925925000011	0.047619047857143	0.055555555625
0.0598290598461538	0	0.0757575754545453	0.0294117647058824	0.0600000000000001
0.0694444437499997	0	0.0628540307843138	0.0464646463636363	0.0555555557142858
0.0588235294117647	-0.00962962999999999	0.0714285714285714	0.0333333336666665	0.0565942030652174
0.0645161290322581	-0.00741758241758242	0.06875	0.0428571428571429	0.0555555599999984
0.0614814813333333	0	0.0617283955555556	0.0384615384615385	0.0555555550000001
0.0714285714285714	0.0277777776250004	0.0777777780000001	0.0300000000000001	0.0688359789738097
0.0505050509090908	0	0.0618055556250001	0.0555555556904761	0.0527708159022556
0.0555555555812499	0	0.0618165787301588	0.0694444449999999	0.0555555566666666
0.0615384615384615	0	0.074074074	0.0324074075	0.0617283951111111
0.0499999999999998	0	0.0666666666666667	0.0428571428571428	0.0555555555555556
0.0555555559999998	0	0.0599999999999999	0.0158730157142856	0.0500000000000001
0.0499999999999998	0	0.0555555566666672	0.0370370366666671	0.0487499996250003
0.0644444440000001	0	0.0666666666666664	0.034752415597826	0.0555555556
0.0473684210526316	0	0.0694444437500001	0.0369395709649122	0.0555555554999999
0.0505050504999999	0	0.0614550263809523	0.04	0.0505050509090911
0.0636363636363637	0.000333333349999965	0.070707070909091	0.0210526315789474	0.0583333333333333
0.0555555550000002	0.00999999999999996	0.0666666666666667	0.0625	0.05625
0.0555555554545454	0	0.0555555550000002	0.0454545454545455	0.0500000000000001
0.0479583334375	0	0.0648148149166664	0.0392156864705883	0.0519920635714286
0.0714285714285714	0.0125925926000001	0.080808080909091	0.0622222199999998	0.074074074
0.061728395	0	0.0694444450000002	0.0142857142857145	0.0555555560000002
0.0666666667	0	0.0657407408333333	0.0333333333333333	0.0555555561250001
0.069444444	0.00625000000000001	0.0714285714285714	0.0666666666666667	0.0653594770588235
0.0538461538461539	0	0.0555555566666672	0.0545454545454545	0.0505050499999998
0.07	0.017638889	0.0648148133333333	0.052857143095238	0.0615384615384615
0.0517241379310345	0	0.0555555554545454	0.03	0.0466666666666666
0.0535897435897436	0	0.0757575763636363	0.05	0.0606060599999999
0.0617283950277779	0	0.0555555560000002	0.0388888890000001	0.052287581735294
0.0661375661428572	0	0.0694444449999998	0.0462962966666668	0.0617283944444442
0.0555555554999998	0.00666666666666667	0.0694444450000002	0.0564814816666666	0.0600925925000011
0.05	0	0.0617283955555554	0.0357142857142857	0.05
0.0353535354545455	0	0.0601851858333333	0.055555556666666	0.0499999999999999
0.0588095237357144	0	0.0694444441666668	0.0416666675000004	0.0555555557142858
0.0444444440000002	0	0.0571428571428571	0.0185185200000006	0.0462962964999999
0.0608585859545454	0	0.0555555562499999	0.0505050509090908	0.0555555549999998
0.0555555556	0	0.0595004667016805	0.0272727272727273	0.0515628814835166
0.0666666666666664	0.00462962941666671	0.0617283950000001	0.0347524155978262	0.0555555559166665
0.0647058823529412	0	0.0666666679999999	0.00898989898989908	0.0555555500000011
0.0538461538461538	0	0.0555555560000002	0.0142857142857143	0.0466666666666667
0.0629629633333337	0.0285714285714286	0.0793650792857142	0.0617283955555558	0.0714285714285714
0.0634920634285715	0	0.0714285714285714	0.0333333333333335	0.0594191917704546
0.0604617599999998	0	0.0714285714285714	0.02	0.055555555
0.0592592593333334	0	0.0648148150000001	0.0462962958333332	0.055555555
0.07361111125	0.00666666666666664	0.0555555555555556	0.0333333333333334	0.0555555516666667
0.0434782608695652	0	0.0617283944444442	0.0384615384615385	0.05
0.0555555599999984	0.00211904763571424	0.0617283955555558	0.045040055830721	0.0555555555555556
0.0666666666666666	0	0.0617283950000001	0.042735043076923	0.0555555566666672
0.0555555564583333	0.00526315789473682	0.069444444375	0.0555555560000002	0.0576923076923077
0.0617283955555554	0	0.0555555554999998	0.0277777785416667	0.0499999999999998
0.0666666666666667	0	0.075	0.0461538461538462	0.0611111110000001
0.061728395	0	0.0833333334999997	0.0333333333333336	0.0666666670000001
0.0555555549999998	0	0.0714285714285714	0.0333333320000001	0.0555555560000002
0.0629629633333333	0	0.0714285714285714	0.0692307692307692	0.0625
0.0555555555916666	0	0.0666666655000001	0.0222222224444444	0.0505050500000001
0.0555555549999998	0	0.0674603178571429	0.0500000000000004	0.0555555556
0.0555555550000006	0	0.0694444437500001	0.06	0.0569907408541667
0.0555555561250002	0	0.0648148149999998	0.0416666675000004	0.0555555557142858
0.0666666666666666	0	0.0752801122689077	0.0458041958041958	0.06
0.0600000000000001	0	0.0757575763636363	0.05	0.0617283950000002
0.0617283950555556	0	0.0617283944444443	0.0333333333333332	0.0526315789473684
0.0566666668333333	0	0.0598290600000001	0.01	0.0486111112499999
0.050505050909091	0	0.0666666666666667	0.047619047857143	0.0555555549999998
0.0666666666666664	0.0176470588235294	0.075	0.0505050500000001	0.0666666666666664
0.0555555555555556	0	0.0666666679999999	0.0344551275480768	0.0555555560000002
0.069444444375	0	0.0666666670000002	0.0333333333333332	0.0555555556458333
0.0555555555	0	0.07	0.0333333333333333	0.0555555559999995
0.056666667	0	0.0615384615384616	0.0277777749999988	0.0545454545454545
0.074074073333333	0	0.0790123455555557	0.0333333333333333	0.064102563846154
0.0566666666666666	0	0.0694444437500001	0.0142857142857143	0.0555555600000019
0.0555555549999998	0	0.0603864734782609	0.06	0.0555555555941176
0.0505050509090908	0	0.0733333340000002	0.0476190485714285	0.0584795321052631
0.0617283955555556	0	0.0766666670000003	0.0430335097619049	0.0625
0.0666666666666667	0.0185185185833334	0.0694444437500001	0.0694444450000001	0.0666666659999997
0.0722222228	0	0.0666666666666664	0.0433333333333334	0.0583333336250002
0.0697032436242236	-0.0199999999999999	0.0718451481221719	0.0324074075	0.0600000000000001
0.0555555557142857	0	0.0628540304509803	0.0414215684191178	0.0538461538461538
0.0502136753846157	0.00370370370370369	0.0617283951111112	0.0277777775000002	0.0512820515384614
0.0604617603181819	0	0.0694444437499997	0.0486111112500001	0.06
0.055555555666667	0	0.0763888887499999	0.0317460314285714	0.0571428571428572
0.0791666664374999	0	0.0786291488311688	0.0370370373333332	0.0654645873391813
0.0555555516666656	0	0.0666666666666664	0.0372685191666667	0.0555555559999998
0.0416666650000002	0	0.0500000000000007	0.02	0.0375
0.0555555549999998	0	0.0585802468333334	0.025	0.05
0.0555555555000001	0	0.074074074	0.0317460321428572	0.0555555555
0.05959596	0	0.05625	0.0185185190277779	0.0505050504545455
0.0555555559999998	0.00477272727272725	0.0615384615384616	0.00833333333333333	0.050505050909091
0.0505050509090909	0	0.0590277775000001	0.0555555554772727	0.0545454545454545
0.0599999999999999	0.00962962999999999	0.0674603175000001	0.0377155172413794	0.055555556666666
0.0555555559999998	0	0.0648148149999998	0.0166666666666667	0.0500000000000001
0.0555555554999998	0	0.0625	0.0222222220000001	0.05
0.0476190471428569	0	0.0555555560000002	0.0396825399999999	0.0471428571428569
0.0588888889000001	0	0.0666666666666667	0.0499999999999989	0.0555555599999993
0.0757575760454545	0.0217391304347826	0.0777777780000001	0.0499999999999998	0.0694444450000002
0.0546031742857142	0	0.0694444437500001	0.052857143095238	0.0555555566666672
0.0444444439999998	0	0.0679012344444448	0.0500000000000002	0.055555555
0.0609649123421052	0	0.0555555560000002	0.03984127	0.0523809523809524
0.0462962955555555	0	0.0555555600000002	0.0240374331550802	0.0473879141929825
0.0555555557142858	0	0.0656565654545454	0.0370370373333332	0.0555555557142858
0.0555555560000002	0	0.069444444375	0.0333333333333332	0.0555555553333332
0.0617283955555554	0.0185185185092593	0.0625	0.0545454545454545	0.0555555600000019
0.0555555555634921	0.00813492095238097	0.0625	0.0555555556333333	0.0555555566666666
0.0555555554	0	0.0705882352941177	0.0464646463636363	0.0555555599999984
0.0489969136805556	0	0.0555555555555556	0.0347222225000001	0.0476190482142858
0.0476984131857142	0	0.0555555555555556	0.0300000000000001	0.0427350430769232
0.0592592593333334	0	0.0599145299999994	0.0416666662500003	0.0514346764835166
0.0555555560000001	0	0.0656565654545455	0.0333333340000003	0.0555555600000002
0.0511111111111112	-0.0409090909090909	0.0679012344444448	0.00999999999999996	0.0505050499999999
0.0694444445	0	0.0740740733333342	0.05	0.0617283955555556
0.0444444444444444	0	0.0648148150000001	0.019047619047619	0.0476190485714285
0.0523342670434174	0	0.0634920635714286	0.0333333333333333	0.0505050509090908
0.0666666666666667	0	0.0648148150000001	0.0317460314285713	0.0555555555505051
0.0499999999999999	0	0.0666666666666667	0.0333333333333333	0.0512820515384615
0.0473684210526316	0	0.0606060600000001	0.0399999999999999	0.0499999999999999
0.0617283955555557	0	0.0740740744444445	0.0370370366666666	0.0599999999999995
0.0555555554999998	0.0166666666666666	0.0718954252941176	0.0505050499999998	0.0617283955555554
0.0555555554772727	0	0.0562731480555555	0.0333333333333334	0.05
0.0571428571428571	0	0.0625	0.0406565659090909	0.0555555549999998
0.0625	0	0.069444445	0.05	0.0617283950555555
0.0520833331249999	0	0.0634920628571428	0.0296296293333334	0.0545454545454545
0.0617283955555554	0	0.0651851853333334	0.0505050509090908	0.0585185186666666
0.0555555600000019	0	0.0777777779999994	0.0213980464835166	0.0599999999999998
0.0611111111111111	0	0.0777777779999994	0.0499999999999998	0.0634920634285715
0.0683760684615385	0	0.0648148150000001	0.0333333333333332	0.0555555555505051
0.0666666670000002	0	0.0694444449999998	0.0555555583333328	0.0644444445333333
0.0555555549999998	0	0.0555555557142853	0.00476190476190476	0.0444444439999999
0.0740740733333336	0.00488095238095234	0.0666666666666665	0.0142857142857142	0.0555555557142853
0.0555555550000001	0	0.0694444450000002	0.0370370369999999	0.0555555555555556
0.0694444443750001	0.00833333333333338	0.0682789433216783	0.0499999999999998	0.061728395
0.0555555561250003	0	0.074074073333333	0.0277777775000002	0.0555555559999998
0.0499999999999998	0	0.0617283944444446	0.0499999999999989	0.0555555554999998
0.0740740740833334	0	0.074074074	0.0433333333333333	0.0642416226984126
0.05	0	0.0555555560000002	0.0384615384615385	0.0454545454545453
0.0545454545454545	0	0.061728395	0.0555555550000015	0.0555555550000001
0.0427350425	-0.0125	0.0555555560000002	0.0555555554999998	0.0450000000000001
0.072	0	0.0750000000000002	0.0285714285714285	0.0611111111458333
0.0687830690476192	0.01388889	0.0703703699999997	0.0666666660000004	0.0690598291153846
0.051503094734748	0	0.0611111099999988	0.0536402487412587	0.0555555550000003
0.0666666666666667	0	0.0731125357051282	0.0462962958333333	0.0587867647058825
0.05	0	0.0634867720952381	0.0476190475000002	0.05
0.0625	0.0111111110555556	0.0728780864583334	0.05	0.0617283944444442
0.0555555554999999	-0.00909090909090906	0.074074074	0.0142857142857145	0.0584795321052631
0.0555555559999998	0	0.0592592593333334	0.0411764705882353	0.0505050509090911
0.069444445	0	0.0641025646153846	0.0545454545454545	0.0584795321052633
0.0499999999999998	0	0.0617283944444446	0.0500000000000007	0.0518518526666667
0.0686274511764706	0	0.0617283955555554	0.0133333333333334	0.055555555625
0.0555555549999998	0	0.0694444449999998	0.0246913577777777	0.0555555555555556
0.0617283955555556	0	0.0555555600000002	0.0277777783333333	0.0555555544999999
0.0571428571428571	0	0.066666666666667	0.0277777779999999	0.0555555533333324
0.0500000000000001	0	0.0833333333333333	0.0416666666666667	0.0600000000000001
0.0555555561250003	0.0142857142857143	0.0694444441666666	0.0230769230769231	0.0555555559999995
0.074074074	0.00871794868531478	0.0694444450000002	0.0266666666666667	0.0617283955555554
0.0584064327456141	0	0.0635642139610391	0.0222222219999999	0.0555555550000015
0.0555555555634921	0	0.0647603485931373	0.0185185183333333	0.0505050509090909
0.0518518516666665	0	0.0648148148333334	0.0224747474747474	0.0500000000000007
0.0524867724904763	0.00844017089743588	0.0694444437500001	0.0617283955555556	0.0590277778125002
0.0555555559999998	0	0.0648148150000001	0.0272727272727273	0.0511111111111112
0.0388888888888888	0.0321123326593406	0.0620915035294117	0.0925925933333331	0.0555555560000002
0.06	0	0.0555555555555556	0.0370370366666665	0.05
0.0555555566666666	0.0285714285714286	0.0666666666666667	0.0555555549999998	0.0598290600000001
0.0555555553333332	0	0.0617283955555556	0.0538461538461538	0.0545454545454545
0.0666666679999999	0	0.0777777780000001	0.0555555549999998	0.0670632307894737
0.0476190476190476	0	0.0694444449999994	0.0499999999999998	0.055555556
0.074074074	0.0244047619285714	0.0777777780000001	0.0833333333333333	0.074074074
0.05	0.0104714912384868	0.0611111114285714	0.0458754206439394	0.0555555549999998
0.0526315789473684	0.0145502645502645	0.06	0.03287037025	0.0533333333333333
0.0467592591666667	0	0.058499025385965	0.0370370373333332	0.0500000000000001
0.0555555554999999	0	0.060606060909091	0.0490663583333333	0.0555555550000006
0.0611111110416667	0	0.0714285714285714	0.0382783882783883	0.0555555600000019
0.0554761907142858	0	0.0740740740000002	0.0117647058823529	0.0555555549999998
0.0617283951111111	0	0.0714285714285714	0.0333333333333334	0.0555555559999998
0.05625	0.00526315789473682	0.0694444447499997	0.0555555549999998	0.0583333336250002
0.0428571428571427	0	0.05	0.0462962966666668	0.0407407406666666
0.0499999999999998	0	0.055555555625	0.0416666675000001	0.0462962966666668
0.0555555555	0	0.0555555549999998	0.0499999999999989	0.0499999999999989
0.0598290599999999	0	0.0555555599999984	0.03486111125	0.0555555549999999
0.0617283955555558	0	0.07	0.05	0.0607919254658385
0.0555555554999998	0	0.0697826086956518	0.0555555566666672	0.0571428571428571
0.055555555666667	0	0.063492062857143	0.0333333333333334	0.0505050509090911
0.0666666666666667	0	0.0666666666666667	0.0352525254545455	0.0555555559999998
0.0499999999999998	0	0.0648148149999998	0.0352733215508022	0.0505050509090909
0.0555555553333334	0	0.0625	0.0333333333333332	0.0508796297916667
0.0499999999999994	0.0222222222222222	0.0692307692307693	0.061728395	0.0567283951666665
0.0571428571428571	0.025	0.0694444443750001	0.0444444445	0.0606060609090909
0.0571428571428572	0	0.0634920628571428	0.0111111111111111	0.0500000000000001
0.0555555557142858	0	0.0632905990384622	0.0555555554545456	0.0555555557142858
0.0694444449999998	0	0.0820970697252747	0.0390522877352942	0.0666666666666667
0.0555555554999998	0	0.0586139165909092	0.0158730157142856	0.0476190471428569
0.0666666666666667	0.00714285714285718	0.0600000000000001	0.0317460328571428	0.0555555560000002
0.0555555554	0.0100000000000001	0.0611111099999988	0.0416666675000001	0.0555555549999998
0.0476190478571427	0	0.0656565656363636	0.0275862068965517	0.0505050509090908
0.0555555555	0	0.060606060909091	0.0333333333333333	0.0499999999999997
0.0571428571428572	0	0.0653594770588235	0.0145502645502647	0.0555555549999999
0.0694444442708332	0.00769230769230766	0.0833333336607141	0.0555555566666672	0.074074074
0.0617283955555556	0.0142857142857142	0.0711111111111112	0.0545454545454546	0.0625
0.0499999999999998	0	0.0694444445	0.0311422413793103	0.0505050509090908
0.0653594771176471	0	0.0740740740000002	0.0404040409090911	0.0611111099999988
0.0654970757894737	0	0.0793650800000003	0.0264912280701754	0.0611111111111112
0.0555555559999998	0	0.0666666666666664	0.0486805556250001	0.0555555550000015
0.0555555555833334	0.013069391224138	0.0617283944444446	0.0375	0.0555555555555556
0.0625	-0.0272727272727273	0.0714285714285714	0.0407407407407407	0.0560701755263158
0.0616161618181818	0	0.0694444450000002	0.05	0.0600000000000003
0.0555555555333334	0	0.0692307692307693	0.0370370374074075	0.0555555554999998
0.0555555560000002	0	0.0694444450000002	0.0393939390909091	0.060606060909091
0.0452777776666667	0	0.0555555566666672	0.0645100069254659	0.0505050500000001
0.0555555550000006	0.00727513227142854	0.0683760684615384	0.0454545454545455	0.0555555566666666
0.0555555558333335	0	0.0648148150000001	0.0361556743582887	0.0545454545454543
0.055555555666667	0	0.069444445	0.0369395709649122	0.0555555562499999
0.0666666666666664	0	0.0681818181818181	0.0522774327122153	0.0571428571428572
0.0599999999999998	0	0.0555555555555556	0.0231125357051283	0.0476190475714286
0.0555555555882353	0	0.0555555557142858	0.0333333333333335	0.04888888895
0.0555555599999984	0	0.0700000000000003	0.04	0.0565942028985507
0.0481481477777778	0	0.0529411764705882	0.0367003365151514	0.042857142857143
0.0555555556	0	0.0584795321052632	0.020833333125	0.0499999999999998
0.0555555557916668	0	0.0688742931444992	0.0634920642857144	0.0617283944444442
0.0505050500000001	0	0.0666666660000004	0.0375	0.0522875817647058
0.0571428571428572	0	0.0666666666666664	0.0352941176470588	0.0555555559999998
0.0555555500000011	0	0.055555556666666	0.0555555562500003	0.0505050499999998
0.0499999999999998	0.00909090909090906	0.0555555559999998	0.0317460314285714	0.0499999999999998
0.069444444375	0	0.0720804093289474	0.0370370383333333	0.0606060606363636
0.0454545454545455	0	0.0740740733333336	0.0416666674999999	0.0555555550000002
0.0555555550000001	0	0.064194139065934	0.0333333320000001	0.0505050509090909
0.0428571428571428	0	0.0619981327170868	0.0333333332857144	0.0493827166666668
0.0505050509090908	0.00925925958333333	0.055555554	0.0362781954887218	0.0499999999999998
