WBIC	m	b
10000	0.99725715	0.413122859
100000	1.038863518	-0.03017037
1000000	0.985768167	-0.777685623
1000100	0.998805362	-0.355909557
1000400	0.990295583	-0.790057683
1000700	0.963217665	0.185232796
1000800	0.965255371	0.257206554
1000900	0.987430316	-0.747445977
1001000	0.980336804	-0.526393496
1001300	0.987606049	-0.817144665
1001400	0.983522051	-0.909649215
1002300	0.987430316	-0.747445977
1002400	0.987430316	-0.747445977
1003000	0.992430195	-0.848055327
1003100	0.986650821	-0.707536235
1004500	0.988780544	-0.583545977
1004600	0.987606049	-0.817144665
1005200	0.991068889	-0.613321789
1005400	0.980064388	-0.531189966
1005600	0.982406065	-0.479021919
1005700	0.990123487	-0.763556325
1005800	0.984555812	-0.758716087
1005900	0.980336804	-0.526393496
1006400	0.985666362	-0.937851345
1006500	0.954200556	0.146837275
1007200	0.992416694	-0.825442593
1008200	0.987413078	-1.028714877
1008700	0.989543952	-0.55332889
1008900	0.990763926	-0.698289533
1009100	0.986405002	-1.135148409
1009400	0.983522051	-0.909649215
1009500	0.983608373	-0.796638467
1009900	0.988163337	-0.606731712
1010100	0.992416694	-0.825442593
1010200	0.987430316	-0.747445977
1010600	0.982406065	-0.479021919
1010800	0.987606049	-0.817144665
1012000	0.967718827	0.141224542
1012100	0.983307415	-1.101780318
101300	0.970111179	0.177584466
1013000	0.985702718	-1.16666098
1013200	0.989543952	-0.55332889
1013500	0.988163337	-0.606731712
1013800	0.989960696	-0.845113477
1014000	0.989543952	-0.55332889
1014300	0.989543952	-0.55332889
1015100	0.987396255	-0.700708945
1015200	0.992416694	-0.825442593
1016200	0.986016882	-0.772647986
1016800	0.984555812	-0.758716087
101700	0.954680663	0.454454625
1017400	0.992111735	-0.420163629
1017800	0.982841417	-1.035237297
1018200	0.989543952	-0.55332889
1018300	0.991341906	-0.787506315
1018500	0.985594701	-0.774856005
1018900	0.987606049	-0.817144665
1019500	0.987413078	-1.028714877
1019800	0.989960696	-0.845113477
102000	0.95410424	0.517355193
1020300	0.988360692	-0.958349529
1021100	0.987430316	-0.747445977
1021600	0.9925582	-0.335612337
1021800	0.98717134	-0.795110724
1022900	0.988163337	-0.606731712
1023000	0.982550648	-0.513684564
1023100	0.982841417	-1.035237297
102600	0.955849763	0.429908311
102800	0.956181117	0.577752434
102900	0.972365457	-0.325562771
10300	0.99725715	0.413122859
1030260	0.958914376	0.16863933
1030400	0.961601103	0.520343354
103300	0.955849763	0.429908311
103400	0.955849763	0.429908311
103600	0.956181117	0.577752434
103900	0.972365457	-0.325562771
104000	0.959351833	0.301659367
104200	0.954680663	0.454454625
104300	0.959823236	0.365593598
104600	0.972365457	-0.325562771
104700	0.954226683	0.59645482
104800	0.965525673	-0.02973297
10500	0.99725715	0.413122859
105200	0.972365457	-0.325562771
105600	0.965525673	-0.02973297
105800	0.965525673	-0.02973297
106500	0.956181117	0.577752434
106600	0.952766529	0.655383584
106800	0.953717439	0.630379436
106900	0.953717439	0.630379436
107400	0.95660974	0.489835362
107500	0.953717439	0.630379436
107700	0.963217665	0.185232796
107900	0.972365457	-0.325562771
108000	0.972365457	-0.325562771
108200	0.95660974	0.489835362
114400	0.979839619	-0.07339695
11500	0.940254481	0.805189293
11700	0.972665259	0.174396905
117000	0.953717439	0.630379436
117100	0.964991544	0.230194147
117400	0.969789766	-0.246010722
117500	0.955908525	0.454766312
117600	0.953717439	0.630379436
1176400	0.988163337	-0.606731712
1176500	0.982296633	-1.035356634
1176700	0.986404283	-1.13710326
1177400	0.986016882	-0.772647986
1177600	0.980456406	-0.832986629
117800	0.971278376	-0.49176153
1178000	0.987413078	-1.028714877
1178200	0.986689406	-0.829999362
1178600	0.982841417	-1.035237297
1179400	0.986789509	-0.890573064
11900	0.978837189	0.663141108
1191600	0.963310797	0.540719511
1204030	0.952601491	0.322529929
12050	0.979862319	0.56962074
1205000	0.952601491	0.322529929
1215100	0.952846148	0.164479556
1215400	0.955376409	0.44934963
1219400	0.952846148	0.164479556
1220200	0.956313695	0.165420851
1226100	0.95504581	0.372396214
12370	0.969437999	0.930603576
1239400	0.954069528	0.453301773
1242400	0.961564423	0.106341115
1245800	0.96191766	0.359492839
1246300	0.96191766	0.359492839
1246500	0.96191766	0.359492839
1249000	0.955585314	0.232337771
1249800	0.956466806	0.234985758
1252300	0.956466806	0.234985758
1256500	0.950389894	0.231956271
1258100	0.96214375	0.475494287
1260600	0.954909325	0.26295255
1267400	0.956175742	0.479941578
1269100	0.969391909	0.356538997
1275500	0.951577642	0.62883405
1278700	0.960633301	0.078715704
1280400	0.967133779	0.03558414
1283700	0.967177466	-0.01216584
1285800	0.967177466	-0.01216584
1286100	0.967177466	-0.01216584
1286500	0.967177466	-0.01216584
1289700	0.964977372	-0.008235251
1295400	0.961115639	0.134241469
1296000	0.961115639	0.134241469
129800	0.956136085	0.358288481
1301300	0.958787785	0.181645924
1304600	0.958914376	0.16863933
1306000	0.952997487	0.374518911
131100	0.961700129	0.269958631
1315000	0.971290272	-0.007879805
1322400	0.967225518	0.205640471
1326600	0.972341956	-0.053914029
1330200	0.974263171	-0.126862244
1332200	0.974179132	-0.122318591
1332700	0.971667658	0.536194935
1333900	0.966190992	0.288816708
1335500	0.966190992	0.288816708
1336200	0.966190992	0.288816708
1340200	0.974263171	-0.126862244
1342100	0.968383114	0.417573075
1343600	0.955234173	0.404319649
1345700	0.947556118	0.498053369
1352000	0.950959086	0.563268846
1354300	0.96933529	0.111266698
1369900	0.963096002	0.622072663
1374300	0.965124689	-0.111788522
1374800	0.96616967	-0.052279157
1377100	0.963843501	-0.125242149
1377700	0.963423496	0.020033196
1377900	0.963423496	0.020033196
1378100	0.963423496	0.020033196
138000	0.980443892	0.451039699
1389800	0.963358698	0.074739404
1391200	0.965754837	0.1063838
139300	0.963062108	0.778820832
139500	0.969768843	0.923507807
1396200	0.961539171	0.301482507
1396900	0.966287903	0.195675113
139900	0.977059457	-0.022317728
1402300	0.973045081	0.066236914
1403200	0.982254002	-0.695377424
1403600	0.975749758	-0.860810502
1405200	0.980456406	-0.832986629
1406300	0.980064388	-0.531189966
1407000	0.980064388	-0.531189966
1408800	0.979424001	-1.102806003
1409100	0.981663823	-0.715485888
1409400	0.979723673	-0.585805995
1410300	0.97673947	-0.523466508
1410400	0.97673947	-0.523466508
1411100	0.97782851	-0.503674437
1412200	0.981085311	-0.444050377
1412700	0.981085311	-0.444050377
141400	0.964730067	0.654200004
1415100	0.974967452	-0.301088537
1427400	0.976057197	-0.22397141
1434900	0.984425738	-0.300664862
1437500	0.986970364	-0.131794866
1437800	0.987748154	-0.124990057
14400	0.99725715	0.413122859
1441100	0.984995525	-1.027149695
1443900	0.992416694	-0.825442593
1445100	0.987430316	-0.747445977
1445400	0.987430316	-0.747445977
1445500	0.987430316	-0.747445977
1445600	0.986392541	-0.659915983
1447200	0.987430316	-0.747445977
1448600	0.983608373	-0.796638467
1451700	0.983363386	-0.726499277
146100	0.963010301	0.521247417
146500	0.964908467	0.698164701
1466200	0.998805362	-0.355909557
1466600	1.003547358	-0.429545011
1467100	1.003547358	-0.429545011
1467800	0.993337231	-0.294997739
1469100	0.998805362	-0.355909557
147600	0.968451813	0.760059708
148100	0.962818946	0.510113292
1481600	0.990858941	-1.010913443
1482400	0.990763926	-0.698289533
1483200	0.990763926	-0.698289533
1486100	0.992772315	-0.644859233
1487800	0.992772315	-0.644859233
1488400	0.980975646	-0.973376514
149000	0.972365457	-0.325562771
1490300	0.980336804	-0.526393496
1494600	0.990057977	-0.950167139
149800	0.959046299	0.462112268
1502400	0.990361061	-0.747193651
1503000	0.990980517	-0.641313057
1504600	0.991068889	-0.613321789
1506200	0.991068889	-0.613321789
1506800	0.990815426	-0.576393181
150900	0.969789855	-0.246014132
1513000	1.001435008	-0.054010715
1513800	1.001695361	-0.022106109
1514700	0.998805362	-0.355909557
151500	0.970194616	-0.257966703
1515200	1.001347184	-0.064036593
1515400	0.990969472	-0.59835182
1516000	0.986379405	-1.178867498
1516400	0.985734003	-1.165392912
1516500	0.986319276	-1.141130065
1516800	0.986404283	-1.13710326
1517200	0.986556273	-1.121321655
1517900	0.98665262	-1.096316947
1518200	0.986995518	-0.869288599
1518700	0.987606049	-0.817144665
1518800	0.987606049	-0.817144665
1519600	0.986404283	-1.13710326
1520900	0.985702718	-1.16666098
152200	0.969386722	-0.224798936
1522400	0.985013286	-0.929457935
1522900	0.987155201	-0.853255497
1523000	0.987606049	-0.817144665
1523500	0.986422117	-0.903436869
1523600	0.986422117	-0.903436869
1526600	0.985013286	-0.929457935
152700	0.969789766	-0.246010722
1527800	0.986016882	-0.772647986
1528300	0.984361897	-0.87397803
1528700	0.984494342	-0.780736543
1529500	0.983429888	-0.791099097
1529700	0.983635265	-0.870506902
1532100	0.992589327	-0.373336719
1533200	0.985065818	-0.922907915
1534800	0.987089444	-0.71773618
1535000	0.987396255	-0.700708945
1536300	0.984969631	-0.757605661
1537100	0.98496084	-0.756858382
1537800	0.985443552	-0.727624192
1538600	0.986372459	-0.755194037
1538900	0.986016882	-0.772647986
1539600	0.986773003	-0.692490315
1539700	0.986773003	-0.692490315
1540300	0.988163337	-0.606731712
1540400	0.988163337	-0.606731712
1541100	0.988163337	-0.606731712
1541300	0.988163337	-0.606731712
1541500	0.988163337	-0.606731712
1542300	0.98726358	-0.702652158
1542400	0.987647915	-0.671984939
1542600	0.987396255	-0.700708945
1542700	0.987697518	-0.700837096
1543300	0.987396255	-0.700708945
1543900	0.987396255	-0.700708945
1544700	0.988163337	-0.606731712
1544800	0.98877075	-0.584015159
1545300	0.988993426	-0.575020871
1545600	0.988163337	-0.606731712
1547700	0.98542124	-1.119625685
15500	0.940254481	0.805189293
155300	0.954680663	0.454454625
1555400	0.986404283	-1.13710326
1555500	0.986404283	-1.13710326
155570	0.95660974	0.489835362
1555900	0.991621603	-0.51095932
1557000	0.9925582	-0.335612337
1558200	0.9925582	-0.335612337
1558400	0.993425109	-0.245224671
1559200	0.987413078	-1.028714877
1560400	0.987987261	-0.992735664
1564200	0.987413078	-1.028714877
1564400	0.982903259	-1.127073568
1564600	0.982903259	-1.127073568
1566300	0.984616187	-1.061787435
1567325	0.982903259	-1.127073568
1569600	0.984616187	-1.061787435
1569900	0.98433703	-1.019679669
1571100	0.984969928	-0.981276422
1571300	0.985666362	-0.937851345
1571800	0.985666362	-0.937851345
1572000	0.98433703	-1.019679669
1572200	0.98433703	-1.019679669
1572300	0.98433703	-1.019679669
1572500	0.98433703	-1.019679669
157300	0.95660974	0.489835362
1573800	0.98433703	-1.019679669
1574300	0.98433703	-1.019679669
1575100	0.984622929	-0.880840637
1575700	0.985666362	-0.937851345
1577000	0.986146126	-0.981849033
1577100	0.986146126	-0.981849033
1579700	0.984487417	-0.520203141
1579900	0.986927918	-1.017357047
1580100	0.98259725	-1.035285778
1580200	0.982841417	-1.035237297
1580300	0.982841417	-1.035237297
1580400	0.982841417	-1.035237297
1580500	0.982841417	-1.035237297
1581700	0.983797254	-1.025276911
1583000	0.982841417	-1.035237297
1583500	0.982841417	-1.035237297
158600	0.965525673	-0.02973297
1586600	0.983522051	-0.909649215
1586800	0.983522051	-0.909649215
158700	0.960533338	0.378315575
1587400	0.983522051	-0.909649215
1587600	0.987876913	-0.789285017
1588000	0.988682576	-0.701528197
1588200	0.988682576	-0.701528197
1589100	0.988682576	-0.701528197
1589300	0.988682576	-0.701528197
1589600	0.988682576	-0.701528197
1590000	0.988682576	-0.701528197
1590400	0.989414726	-0.576623729
1591000	0.989543952	-0.55332889
1591100	0.989805472	-0.550451758
1592000	0.989543952	-0.55332889
1592400	0.989228992	-0.873620962
1592500	0.989543952	-0.55332889
1592700	0.989960696	-0.845113477
1593100	0.986582718	-0.848510567
1593200	0.986689406	-0.829999362
1593400	0.984555812	-0.758716087
1593800	0.984555812	-0.758716087
1594000	0.984555812	-0.758716087
1595300	0.989261949	-0.66302178
1595600	0.983522051	-0.909649215
1595800	0.983522051	-0.909649215
1596300	0.984555812	-0.758716087
1596600	0.984929504	-0.764439242
1596900	0.983522051	-0.909649215
1597000	0.983522051	-0.909649215
1597600	0.983522051	-0.909649215
1597800	0.98363486	-0.906906542
1598000	0.984622929	-0.880840637
1598900	0.984622929	-0.880840637
159900	0.961917992	0.328938269
1599400	0.985768167	-0.777685623
1599600	0.98717134	-0.795110724
1599800	0.98717134	-0.795110724
1599900	0.98717134	-0.795110724
1600000	0.98717134	-0.795110724
1600100	0.98717134	-0.795110724
1600200	0.98717134	-0.795110724
1600300	0.98717134	-0.795110724
1601300	0.98717134	-0.795110724
1602300	0.992793886	-0.850753107
1602600	0.990581066	-0.781445812
1603400	0.98717134	-0.795110724
1603600	0.98717134	-0.795110724
1603700	0.98717134	-0.795110724
1603800	0.98717134	-0.795110724
1604200	0.98717134	-0.795110724
1605200	0.988518548	-0.720430851
1605600	0.986789509	-0.890573064
1605800	0.988011011	-0.778063599
160600	0.962459398	0.319095843
1606200	0.986789509	-0.890573064
1606600	0.986358497	-0.626664846
1606700	0.986358497	-0.626664846
1609000	0.986173658	-0.858651929
1609100	0.985584033	-0.895069437
1609600	0.985584033	-0.895069437
1609900	0.985584033	-0.895069437
1610300	0.985584033	-0.895069437
1610400	0.985584033	-0.895069437
1610500	0.985683906	-0.894650549
1610600	0.986703421	-0.890760943
1610700	0.986789509	-0.890573064
1610800	0.986789509	-0.890573064
161100	0.964075026	0.381734751
1611100	0.986789509	-0.890573064
1611700	0.986229282	-0.892555768
1611800	0.986657304	-0.890913461
1612000	0.985709563	-0.894545456
1612100	0.986157302	-0.892811295
1612200	0.986789509	-0.890573064
1612300	0.9867775	-0.890506461
1612500	0.985657854	-0.894708069
1612900	0.986789509	-0.890573064
1613000	0.986414183	-0.897792826
1613500	0.986789509	-0.890573064
1614300	0.986789509	-0.890573064
1615900	0.988063374	-0.893186912
161600	0.970094161	0.491634515
1618100	0.985584033	-0.895069437
161900	0.966479148	0.466865634
1619100	0.985768167	-0.777685623
1619700	0.984555812	-0.758716087
1620000	0.986689406	-0.829999362
1620500	0.98717134	-0.795110724
1621000	0.988360692	-0.958349529
1621800	0.988360692	-0.958349529
1623400	0.990307235	-0.944362022
1623700	0.990307235	-0.944362022
1623800	0.99130398	-0.899487829
162500	0.968506362	0.614755179
1626200	0.988360692	-0.958349529
1628450	0.988360692	-0.958349529
1629500	0.989137542	-0.874261696
1630100	0.990123487	-0.763556325
1630600	0.991185345	-0.776314456
1630700	0.990123487	-0.763556325
1631900	0.994116274	-0.822061027
163400	0.972165912	0.587309018
163970	0.955885537	0.434534621
1641400	0.954474524	0.591483378
1642400	0.972664335	0.719483669
1642700	0.960261951	0.406669225
164300	0.954680663	0.454454625
1649300	0.962630669	0.266724754
1649400	0.962630669	0.266724754
1652200	0.970400025	0.81514633
1653500	0.970400025	0.81514633
165700	0.9542247	0.594829948
1658500	0.964934897	0.362620306
1659900	0.957665402	0.16717739
16600	0.965150706	0.725148673
1660100	0.962630669	0.266724754
1660400	0.957665402	0.16717739
1660800	0.962630669	0.266724754
1663400	0.962630669	0.266724754
1663900	0.97522827	0.185852783
1666000	0.97522827	0.185852783
166700	0.954226683	0.59645482
1667400	0.966859682	0.221653448
1667600	0.961766591	0.60448394
1667700	0.970241813	0.489320868
1667800	0.979180644	-0.447750665
167000	0.953717439	0.630379436
1670030	0.96190827	0.582770704
1670830	0.976835486	-0.000458346
1678200	0.966859682	0.221653448
168000	0.955514319	0.442546288
168300	0.954313002	0.49506053
168400	0.954680663	0.454454625
168800	0.95410424	0.517355193
1694200	0.968504952	0.360501877
1694700	0.968504952	0.360501877
1701400	0.971667658	0.536194935
1701800	0.967873479	0.412404872
1704100	0.971667658	0.536194935
1707400	0.959540984	0.519155672
1708600	0.958796061	0.77444598
171000	0.958477649	0.30811709
1711500	0.958289732	0.77820966
1712800	0.967858181	0.201287714
1713200	0.958289732	0.77820966
1714900	0.96190827	0.582770704
1717100	0.96190827	0.582770704
1717300	0.962961386	0.661869901
1717700	0.963616457	0.712491498
1718500	0.963616457	0.712491498
1722000	0.964639184	0.721852539
1727000	0.958994851	0.754957478
1727200	0.961220956	0.680411609
1727700	0.961220956	0.680411609
173300	0.959820482	0.365326492
173500	0.959823236	0.365593598
1735000	0.96176329	0.476386165
1736200	0.961519165	0.599766836
1753300	0.978267961	0.544357867
1753500	0.978267961	0.544357867
1756000	0.974442988	0.454828736
175700	0.959351833	0.301659367
1757200	0.973084964	-0.078451441
1760000	0.973961627	0.233723084
1760300	0.973961627	0.233723084
1762700	0.973961627	0.233723084
1763000	0.973961627	0.233723084
1763900	0.979180644	-0.447750665
1764000	0.979180644	-0.447750665
1764400	0.979180644	-0.447750665
1764500	0.979180644	-0.447750665
1766600	0.988301722	-0.552024174
1773300	0.96620946	0.246380557
177500	0.955849763	0.429908311
178000	0.955849763	0.429908311
1782700	0.964753158	0.552270194
178700	0.956181117	0.577752434
1788300	0.968671672	0.810758009
179100	0.956181117	0.577752434
1794700	0.970940452	0.887649863
179800	0.964461599	0.216616696
180000	0.964991544	0.230194147
1800500	0.97076372	0.748292718
180300	0.964991544	0.230194147
1807570	0.961202044	0.898874347
181400	0.989845758	-0.327810453
181500	0.981854251	-0.322078548
181700	0.980064388	-0.531189966
181900	0.969322815	0.260586652
182000	0.981622639	-0.182901701
1820900	0.961768383	0.666388187
182100	0.973539285	-0.155267527
182200	0.990935969	-0.465768149
182300	0.973539285	-0.155267527
1823500	0.966168732	0.365525599
182400	0.973878006	-0.860299781
1825100	0.966168732	0.365525599
1827300	0.971673176	0.439459197
182900	0.989845758	-0.327810453
183000	0.975156482	0.064856134
1831700	0.990849894	-0.902228937
1832100	0.955931053	0.656905025
1832200	0.990825049	-0.843605487
1832800	0.967957763	0.631561889
1833000	0.957163062	0.193631589
1833100	0.962997637	0.899032404
1833200	0.957706977	0.643611891
1833300	0.961487793	0.793776579
1833900	0.990904296	-0.470941438
1834000	0.9633534	0.938592186
1834500	0.977125484	-0.11848316
1835000	0.961487793	0.793776579
1835100	0.955931053	0.656905025
1835200	0.992428034	-0.756191184
1835300	0.989702998	-0.863140465
1835500	0.985443552	-0.727624192
1835600	0.972369638	0.029039436
1835700	0.958552755	0.754277288
1836700	0.970744012	0.228155468
1837100	0.992688351	-0.588733393
1837200	0.962997637	0.899032404
1837700	0.977125484	-0.11848316
1838500	0.96965113	0.476607801
1838600	0.989253284	-0.576581935
1838800	0.957329256	0.37429119
1839000	0.964314352	1.050333141
1839100	0.988163337	-0.606731712
184000	0.987502995	-1.15251091
1840100	0.959886033	0.549555807
1840400	0.985328327	-0.66429816
1840800	0.956138287	0.701802588
184100	0.974370335	-0.048465882
1841300	0.942281168	0.656769319
1841500	0.960886876	1.002388619
1841900	0.973321788	0.511309462
184200	0.986734124	-0.341603446
1842300	0.957706977	0.643611891
1842400	0.989089101	-0.895488047
1842500	0.993309636	-0.577067062
1842900	0.984648045	-0.650873889
184300	0.996015769	-0.961737384
1843100	0.981208985	-0.15845683
1843500	0.988733206	-0.930005832
1843700	0.987673718	-0.612181443
1843900	0.963897523	1.001105903
1844000	0.95972598	0.734301719
1844100	0.993309636	-0.577067062
1844300	0.993309636	-0.577067062
1844700	0.988733206	-0.930005832
1845400	0.981208985	-0.15845683
1845600	0.986689406	-0.829999362
1846700	0.987312929	-1.008586691
1847000	0.962997637	0.899032404
1847500	0.988163337	-0.606731712
1847800	0.98943953	-0.557389787
1847900	0.942281168	0.656769319
1848100	0.963355873	0.938820015
1848400	0.961487793	0.793776579
1848900	0.988794569	-0.581617991
1849100	0.969425886	0.646958296
1849500	0.991932971	-0.514271219
1850200	0.9797595	-0.04114529
1851400	0.991240708	-0.43288422
1851900	0.962997637	0.899032404
1852000	0.957674352	0.793866578
1852300	0.954921946	0.745901473
1852500	0.962761033	0.881561343
1854000	0.981208985	-0.15845683
1854400	0.962729373	0.260432761
1855100	0.960445078	0.154603415
1855600	0.956138287	0.701802588
1855800	0.957727774	0.38713314
1855900	0.988733206	-0.930005832
1856100	0.986689406	-0.829999362
1856400	0.9917021	-0.764887537
1856700	0.956138287	0.701802588
1857300	0.993132044	-0.379656084
1857400	0.992487082	-0.746492206
1858100	0.957219627	0.647360302
1858200	0.960886876	1.002388619
1859100	0.948689292	0.497777298
1859400	0.984664665	-0.731090936
1859600	0.956138287	0.701802588
18600	1.007392133	-0.006059346
1861100	0.977125484	-0.11848316
1861300	0.969433001	0.565113859
1861400	0.955931053	0.656905025
1861600	0.955899803	0.658064358
1861700	0.988733206	-0.930005832
1861900	0.958191426	0.807174549
1862100	0.988327295	-0.60031774
1862200	0.964314352	1.050333141
1862400	0.964314352	1.050333141
1863000	0.963678632	0.277994959
186400	0.973539285	-0.155267527
1864000	0.958059711	0.759317667
1864200	0.964314352	1.050333141
1864600	0.96361919	0.968747736
1864800	0.993309636	-0.577067062
1865200	0.977125484	-0.11848316
1865400	0.961470413	0.793969851
1866100	0.986518094	-1.04344572
1866400	0.988569228	0.010087038
1866600	0.962171348	0.783239024
1866700	0.987203119	-0.682561933
186700	0.974471475	-0.209193681
1867000	0.987754229	-0.678696288
1867100	0.957706977	0.643611891
1867600	0.965130065	0.781518851
1868900	0.990462642	-0.908341225
1870100	0.991906383	-0.39345642
1870200	0.991906383	-0.39345642
1871300	0.95972598	0.734301719
1871700	0.992857627	-0.555070521
1871800	0.992428034	-0.756191184
1871900	0.964314352	1.050333141
1872100	0.989960696	-0.845113477
1872400	0.966170566	0.303225097
1872500	0.991906383	-0.39345642
187300	0.987502995	-1.15251091
1873100	0.981208985	-0.15845683
1873500	0.954915903	0.403394991
1873600	0.972369638	0.029039436
187400	0.981854251	-0.322078548
1874400	0.962997637	0.899032404
187500	0.976159949	-0.102291474
1875200	0.977125484	-0.11848316
1875300	0.961487793	0.793776579
1875900	0.970744012	0.228155468
187700	0.984448171	-1.250212734
1877000	0.959581064	0.741623993
1878200	0.970744012	0.228155468
1878400	0.957706977	0.643611891
1878800	0.96710602	0.343553746
1879300	0.962729373	0.260432761
1880100	0.990462642	-0.908341225
1880200	0.964314352	1.050333141
1880600	0.958831109	1.034417655
1880700	0.985910234	-1.042864336
1881100	0.955931053	0.656905025
1881500	0.964314352	1.050333141
1881900	0.988733206	-0.930005832
1882000	0.955213624	0.837109037
1882300	0.962997637	0.899032404
1882400	0.962997637	0.899032404
1882500	0.962997637	0.899032404
1882800	0.960886876	1.002388619
1882900	0.964314352	1.050333141
1883900	0.962761033	0.881561343
1884000	0.958191426	0.807174549
1884100	0.964314352	1.050333141
1884200	0.988733206	-0.930005832
1884800	0.955931053	0.656905025
1885300	0.962997637	0.899032404
1885700	0.953999518	0.785484438
1886000	0.985443552	-0.727624192
1886700	0.983053072	0.036058368
188700	0.996081398	-0.791436676
1887400	0.954915903	0.403394991
1887500	0.962729373	0.260432761
189400	0.976803272	0.041760581
189500	0.981622639	-0.182901701
189600	0.973539285	-0.155267527
189800	0.972538411	0.204335664
190100	0.972538411	0.204335664
190200	0.973539285	-0.155267527
190500	0.989845758	-0.327810453
191100	0.973566826	-0.20211876
191400	0.988803301	-0.793687026
192300	0.974471475	-0.209193681
192400	0.974471475	-0.209193681
192500	0.984448171	-1.250212734
192900	0.981516627	-0.196045132
193100	0.976664532	0.244623795
193800	0.97726283	-0.225768786
194000	0.991413353	-0.623393297
1942600	0.959886033	0.549555807
195000	0.974471475	-0.209193681
195100	0.97845353	-0.842348007
195400	0.972816173	-0.356395102
1957600	0.961487793	0.793776579
195900	0.971032602	0.26716109
196100	0.973539285	-0.155267527
196700	0.973539285	-0.155267527
196900	0.972852481	-0.359702917
197300	0.973539285	-0.155267527
197700	0.989845758	-0.327810453
1979100	0.963310748	0.940458713
1979200	0.962761033	0.881561343
198000	0.975156482	0.064856134
1980500	0.964314352	1.050333141
1980600	0.964314352	1.050333141
198100	0.995681104	-0.884693078
1981200	0.964314352	1.050333141
1982400	0.964314352	1.050333141
1982700	0.964314352	1.050333141
1983100	0.964314352	1.050333141
1984700	0.964314352	1.050333141
1984900	0.962997637	0.899032404
1985100	0.962997637	0.899032404
1985200	0.962997637	0.899032404
1986000	0.962997637	0.899032404
198800	0.975156482	0.064856134
198900	0.974370335	-0.048465882
19900	1.02043981	0.170570966
199700	0.97845353	-0.842348007
200	0.991146502	0.09820957
200100	0.991671024	-1.090477546
200300	0.969322815	0.260586652
2043500	0.958191426	0.807174549
2044800	0.981091412	-0.095609873
2045000	0.993584447	-0.387957833
2045600	0.991932971	-0.514271219
2046300	0.988254875	-0.603821861
2046500	0.957727774	0.38713314
2046600	0.956138287	0.701802588
2046700	0.990781176	-0.457903661
2046800	0.986773003	-0.692490315
2046900	0.964314352	1.050333141
2053400	0.94799563	1.221836627
2054200	0.948600934	0.709252044
2054600	0.948600934	0.709252044
2055200	0.951996594	0.613809561
2056600	0.951237927	0.874794601
2059800	0.945454331	1.335915996
2065900	0.95975577	0.788549236
2068000	0.962060954	0.821869558
2071700	0.955812149	0.890274924
2072600	0.955873804	0.888806204
2079000	0.964929007	1.065940725
2079100	0.963498396	1.096301478
2079400	0.963498396	1.096301478
2079700	0.966809706	1.186475608
2079800	0.966809706	1.186475608
2080000	0.963552876	0.484216102
2081200	0.961229585	0.991895834
2081700	0.960886876	1.002388619
2088000	0.963492195	0.743738815
2089500	0.967733105	0.628513621
2090900	0.967115163	0.859016021
2092500	0.96710602	0.343553746
2092700	0.96710602	0.343553746
2094000	0.96665995	0.614380129
2094100	0.965274781	0.657360355
2094300	0.965632232	0.600771199
2094600	0.965308104	0.629076978
2096700	0.962847842	0.811748302
2097100	0.96270221	0.836983978
2098000	0.962308631	0.89796542
2098200	0.955931053	0.656905025
2098800	0.955931053	0.656905025
2099800	0.955931053	0.656905025
2099900	0.955931053	0.656905025
2100300	0.955931053	0.656905025
2100800	0.960886876	1.002388619
2103200	0.965130065	0.781518851
2103900	0.959313214	0.440457699
2104100	0.959886033	0.549555807
2104300	0.959877601	0.550194792
2104500	0.957706977	0.643611891
2105100	0.958010362	0.741119443
2105800	0.955327953	0.810427431
2106200	0.958191426	0.807174549
2106800	0.961851442	0.819950442
2107100	0.961487793	0.793776579
2107500	0.961487793	0.793776579
2107600	0.960340556	0.798519446
2107700	0.961678061	0.806189899
2109100	0.964314352	1.050333141
2109300	0.964314352	1.050333141
2109600	0.962382766	0.812014276
2109800	0.962171348	0.783239024
2110900	0.953999518	0.785484438
2111700	0.953999518	0.785484438
2112800	0.962997637	0.899032404
2113000	0.962997637	0.899032404
2113300	0.95355098	0.704532047
2114300	0.95414514	0.886793999
2116600	0.954921946	0.745901473
2121000	0.960060781	0.758872144
2125400	0.961627399	0.823223337
2128100	0.9607123	0.442988655
2133200	0.964525807	0.553215221
2135600	0.969564436	0.418006204
2139000	0.969098874	0.190825264
2143900	0.971935714	0.288410801
2147200	0.96609619	0.478984214
2149900	0.959540525	0.443478663
2150200	0.959900603	0.571082127
2151000	0.959862828	0.574895174
2152100	0.962004053	0.547647627
2152600	0.960942774	0.554264014
2152800	0.962670165	0.579505614
2157000	0.966174447	-0.15609798
2157900	0.967114301	0.33329466
2160700	0.973316463	0.030582732
2163800	0.973316463	0.030582732
2165100	0.973961627	0.233723084
2166100	0.973918628	0.218331359
2169200	0.965870496	0.319600668
2171000	0.960445078	0.154603415
2171200	0.962729373	0.260432761
2171600	0.964784138	0.309511156
2172600	0.965330828	0.322721968
2173900	0.960445078	0.154603415
2174700	0.963773652	0.191299664
2176200	0.969093995	0.224173311
2178400	0.965694325	0.331496485
2181400	0.969093995	0.224173311
2184900	0.975408177	0.248678494
2189200	0.974368987	-0.055635676
2193300	0.984501991	-0.374169583
2193900	0.984501991	-0.374169583
2194600	0.984501991	-0.374169583
2195300	0.988567944	-0.533008505
2195400	0.986974848	-0.536653657
2197600	0.991952382	-0.27983964
2200400	0.991952382	-0.27983964
2200500	0.991952382	-0.27983964
2201000	0.991952382	-0.27983964
2201400	0.991952382	-0.27983964
2202600	1.001695361	-0.022106109
2204000	0.998805362	-0.355909557
2204100	0.998805362	-0.355909557
2205600	0.996590871	-0.297867913
2206200	1.001695361	-0.022106109
2206300	1.001695361	-0.022106109
22100	0.999724897	0.370223593
2210900	0.987831114	-0.665963002
2211300	0.987831114	-0.665963002
2217000	0.988265601	-0.654927234
2218800	0.968431399	-0.131610408
2227500	0.971571912	0.465955248
2228700	0.973321788	0.511309462
2229200	0.959339504	0.217359761
2230100	0.953553927	-0.086040747
2234600	0.981208985	-0.15845683
2234900	0.981208985	-0.15845683
2235200	0.981208985	-0.15845683
2236800	0.981037056	-0.16775811
2237300	0.980233122	-0.148763282
2237500	0.981592443	-0.167802268
2238100	0.982306251	-0.167966267
2239100	0.987203119	-0.682561933
2239300	0.987203119	-0.682561933
2239400	0.987203119	-0.682561933
2240000	0.987203119	-0.682561933
2240100	0.987203119	-0.682561933
2242500	0.99000219	-0.60539614
2243200	0.991608411	-0.552337687
2243500	0.991608411	-0.552337687
2243800	0.989987154	-0.610507168
2244200	0.989987154	-0.610507168
2245100	0.990193793	-0.576464532
2246500	0.99198898	-0.452810361
2246600	0.99198898	-0.452810361
2249000	0.984298245	-0.147533327
2252200	0.990114095	-0.611403102
2253400	0.991608411	-0.552337687
2254800	0.991608411	-0.552337687
2256800	0.990781176	-0.457903661
2257600	0.990781176	-0.457903661
2259400	0.990781176	-0.457903661
2260900	0.991906383	-0.39345642
2261700	0.991906383	-0.39345642
2261900	0.991906383	-0.39345642
2263400	0.99198898	-0.452810361
2264000	0.993132044	-0.379656084
2264200	0.993132044	-0.379656084
2265100	0.987657312	-0.683277852
2265900	0.992025924	-0.392223902
2266100	0.991906383	-0.39345642
2266800	0.987754229	-0.678696288
2266900	0.987754229	-0.678696288
2267000	0.98583755	-0.667253072
2267100	0.985811376	-0.667040869
2267200	0.987113197	-0.674766562
2267800	0.993132044	-0.379656084
2268100	0.993132044	-0.379656084
2268200	0.993132044	-0.379656084
2268300	0.993132044	-0.379656084
2268500	0.993132044	-0.379656084
2268600	0.993132044	-0.379656084
2269000	0.993132044	-0.379656084
2269400	0.993132044	-0.379656084
2269600	0.993132044	-0.379656084
2269900	0.985443552	-0.727624192
2270000	0.985443552	-0.727624192
2271100	0.993132044	-0.379656084
2271600	0.984969559	-0.728142413
2272000	0.985443552	-0.727624192
2272600	0.985443552	-0.727624192
2273900	0.992589327	-0.373336719
2275100	0.978054286	-0.166243657
2275300	0.981208985	-0.15845683
2277200	0.981208985	-0.15845683
2277600	0.981208985	-0.15845683
2279400	0.986328136	0.019740816
2279800	0.988569228	0.010087038
2282000	0.981208985	-0.15845683
2282200	0.981208985	-0.15845683
2283300	0.988569228	0.010087038
2284000	0.988569228	0.010087038
2286900	0.98329679	-0.149068817
2287200	0.987219773	-0.066442685
2288900	0.989204787	0.017562427
2289000	0.989992129	-0.48616617
2290100	0.990009232	-0.486035448
2290500	0.990009232	-0.486035448
2294500	0.99029372	-0.436159628
2294900	0.986067463	-0.660898218
2295200	0.985328327	-0.66429816
2296500	0.985162566	-0.692630161
2297000	0.987754229	-0.678696288
2297800	0.985328327	-0.66429816
2298300	0.991932971	-0.514271219
2298500	0.991932971	-0.514271219
2298600	0.991932971	-0.514271219
2298800	0.991932971	-0.514271219
2299200	0.991932971	-0.514271219
2299300	0.991932971	-0.514271219
2299900	0.992554134	-0.541353774
2300600	0.993309636	-0.577067062
2300900	0.993309636	-0.577067062
2301800	0.993309636	-0.577067062
2302300	0.993309636	-0.577067062
2302400	0.993309636	-0.577067062
2303200	0.999331688	-0.463708185
2303500	0.998115398	-0.487187217
2306200	0.999331688	-0.463708185
2306300	0.993309636	-0.577067062
2307300	0.991550803	-0.891483513
2307600	0.997807029	-0.79154965
2308000	0.997807029	-0.79154965
2309000	0.990462642	-0.908341225
2309100	0.990462642	-0.908341225
2309700	0.990462642	-0.908341225
2310200	0.990462642	-0.908341225
2310400	0.990888168	-0.897676584
2310800	0.990989425	-0.842803651
2311100	0.990825049	-0.843605487
2311700	0.997131966	-0.811700817
2312100	0.997807029	-0.79154965
2313100	0.993309636	-0.577067062
2313600	0.993309636	-0.577067062
2314100	0.993309636	-0.577067062
2316100	0.985910234	-1.042864336
2316600	0.985910234	-1.042864336
2318500	0.987754229	-0.678696288
2320500	0.985443552	-0.727624192
2320800	0.986347163	-0.691439648
2321100	0.986648284	-1.037690615
2321400	0.987312929	-1.008586691
2321600	0.987312929	-1.008586691
2322200	0.987312929	-1.008586691
2322300	0.985443552	-0.727624192
2322500	0.985443552	-0.727624192
2322800	0.985971549	-0.714147754
2323000	0.986773003	-0.692490315
2323800	0.986773003	-0.692490315
2324000	0.985443552	-0.727624192
2325200	0.990462642	-0.908341225
2326700	0.990462642	-0.908341225
2327100	0.990462642	-0.908341225
2327200	0.990462642	-0.908341225
2327300	0.990462642	-0.908341225
2327500	0.990702891	-0.870832762
2328700	0.990825049	-0.843605487
2328800	0.989385726	-0.912445622
2328900	0.990825049	-0.843605487
2329000	0.990825049	-0.843605487
2329300	0.988010278	-0.976722113
2329400	0.987312929	-1.008586691
2329600	0.987312929	-1.008586691
2329800	0.987312929	-1.008586691
2330300	0.987992776	-0.97131089
2330800	0.988641411	-0.934961358
2331300	0.987093943	-1.015738349
2331600	0.988733206	-0.930005832
2332000	0.988163337	-0.606731712
2332300	0.988733206	-0.930005832
2332400	0.989104604	-0.904889021
2332700	0.989960696	-0.845113477
2334300	0.987312929	-1.008586691
2334400	0.987873963	-0.982877211
2334700	0.99091196	-0.835831529
2334900	0.9917021	-0.764887537
2335300	0.9917021	-0.764887537
2335500	0.9917021	-0.764887537
2336100	0.9917021	-0.764887537
2336700	0.992369173	-0.75695602
2336800	0.992361787	-0.757085181
2338100	0.9887888	-0.927134733
2338300	0.990028319	-0.859320744
2338800	0.9917021	-0.764887537
2339100	0.989960696	-0.845113477
2339800	0.989960696	-0.845113477
2339900	0.989960696	-0.845113477
2340100	0.989960696	-0.845113477
2340500	0.989960696	-0.845113477
2340700	0.986263313	-0.902327205
2340900	0.986689406	-0.829999362
2341200	0.989960696	-0.845113477
2341500	0.990257903	-0.794968697
2343200	0.992428034	-0.756191184
2343600	0.992428034	-0.756191184
2344000	0.992428034	-0.756191184
2346000	0.970744012	0.228155468
2348700	0.965694325	0.331496485
2349600	0.970744012	0.228155468
2349700	0.970744012	0.228155468
2350200	0.967776302	0.322580397
2350400	0.96710602	0.343553746
2350500	0.96710602	0.343553746
2350600	0.96710602	0.343553746
2351400	0.965257037	0.307760297
2351800	0.962729373	0.260432761
2352200	0.963162329	0.268406422
2352500	0.96999024	0.252328201
2353600	0.970744012	0.228155468
2355300	0.96710602	0.343553746
2359700	0.96965113	0.476607801
2361900	0.958416685	0.240174644
2368500	0.953999518	0.785484438
2368700	0.953999518	0.785484438
2373300	0.955290649	0.816703477
2374600	0.954418393	0.870663825
2378200	0.957727774	0.38713314
2381100	0.966320492	0.059139715
2381800	0.972369638	0.029039436
2381900	0.972369638	0.029039436
2382300	0.972369638	0.029039436
2382700	0.977764511	0.005340093
2385100	0.957580704	0.826507605
2387200	0.955471273	0.756672614
2389400	0.954921946	0.745901473
2389700	0.954921946	0.745901473
2390500	0.955892333	0.710924941
2390800	0.956176876	0.711946842
2391200	0.956138287	0.701802588
2392000	0.955049468	0.741640039
2393200	0.954643784	0.706882328
2393500	0.964349017	1.05542801
2394100	0.964314352	1.050333141
2394600	0.954921946	0.745901473
2394700	0.954921946	0.745901473
2395100	0.957674352	0.793866578
2395500	0.957674352	0.793866578
2395600	0.939750193	0.67891258
2395900	0.942281168	0.656769319
2396800	0.956138287	0.701802588
2396900	0.956138287	0.701802588
2397400	0.957580704	0.826507605
2399700	0.969433001	0.565113859
2400000	0.969433001	0.565113859
2400600	0.967710517	0.077035557
2401100	0.972369638	0.029039436
2401300	0.972369638	0.029039436
2402100	0.972369638	0.029039436
2402200	0.974864786	0.01814169
2403200	0.9809538	-0.008816909
2404800	0.9797595	-0.04114529
2405100	0.9797595	-0.04114529
2405900	0.9797595	-0.04114529
2406500	0.983053072	0.036058368
2406700	0.983185101	-0.009220807
2406900	0.983053072	0.036058368
240800	0.969190257	-0.260069946
240900	0.981104821	-0.609496176
2410400	0.989253284	-0.576581935
241100	0.971032602	0.26716109
2415300	0.969433001	0.565113859
2415800	0.969433001	0.565113859
2416900	0.954915903	0.403394991
2417000	0.954423839	0.410898034
2418600	0.947726483	0.511258038
2419000	0.947726483	0.511258038
2420000	0.956082517	0.392398903
2420100	0.959186029	0.35953914
2420400	0.957329256	0.37429119
2420600	0.955251356	0.401600126
2423000	0.954915903	0.403394991
2423900	0.966170566	0.303225097
2424600	0.965506803	-0.114304115
2425700	0.974541291	-0.120383147
2426100	0.967478719	-0.125702704
2426400	0.977125484	-0.11848316
2426600	0.977125484	-0.11848316
242800	0.973653077	0.017365008
2428900	0.981091412	-0.095609873
2429000	0.981091412	-0.095609873
2429300	0.977125484	-0.11848316
2429600	0.977125484	-0.11848316
2430300	0.977125484	-0.11848316
2430500	0.977125484	-0.11848316
2431300	0.977125484	-0.11848316
2433100	0.947726483	0.511258038
2433600	0.958928061	0.754548306
2433800	0.959581605	0.734051302
2433900	0.960164788	0.7153672
2434700	0.960164788	0.7153672
2434800	0.96373336	0.689288347
2435000	0.946900092	0.533750278
2435700	0.947725556	0.511355559
2435800	0.947726483	0.511258038
2435900	0.947726483	0.511258038
2436000	0.947726483	0.511258038
2436400	0.942281168	0.656769319
2436500	0.942281168	0.656769319
2436600	0.942281168	0.656769319
2436800	0.960164788	0.7153672
244800	0.972934975	-0.379125906
2448000	0.957261185	0.768850335
2448700	0.957674352	0.793866578
2448800	0.955526644	0.75788042
2449300	0.940767873	0.575329282
2449400	0.950546435	0.933753538
2450100	0.943542565	0.90238209
2450500	0.946142533	1.061623215
2450800	0.954399876	0.872934537
2450900	0.952109313	0.749136006
2451100	0.959595418	0.805881686
2451200	0.944490918	0.81531152
2451300	0.957009888	0.595991419
2451700	0.939253106	0.497122972
2451900	0.964458695	0.818473207
2452200	0.955724549	1.277985446
2452300	0.952483898	0.488101001
2452400	0.945570344	0.70900276
2452600	0.965884975	0.953440598
2453300	0.933673361	0.395699656
2453400	0.93718782	0.943876358
2453500	0.952110722	0.861777267
2453900	0.943357397	0.966673654
2454400	0.955668165	0.83282166
2454500	0.951993473	0.861616372
2454700	0.950409671	0.384924393
2454800	0.949738936	0.841931863
245600	0.972365457	-0.325562771
2456100	0.956551442	0.591696712
245650	0.972365457	-0.325562771
2456500	0.94965932	0.743838045
2456600	0.948861772	0.569631547
2457400	0.954662269	0.711062338
2457600	0.93718782	0.943876358
245800	0.972365457	-0.325562771
2458100	0.940767873	0.575329282
2458300	0.943542565	0.90238209
2458800	0.960725197	0.870099468
2458900	0.954399876	0.872934537
2459100	0.942406302	0.85223378
2459200	0.943542565	0.90238209
2459400	0.939253106	0.497122972
2459500	0.966809706	1.186475608
2459700	0.937504602	0.51157551
2459800	0.956551442	0.591696712
2460000	0.948651158	0.574269915
2460700	0.941014401	0.377248289
2460900	0.940767873	0.575329282
2461100	0.943542565	0.90238209
2461200	0.943357397	0.966673654
2461300	0.948564412	0.877346001
2461500	0.93718782	0.943876358
2461600	0.947649645	1.106201245
2462200	0.94965932	0.743838045
2462400	0.943669063	0.638961054
2463100	0.943357397	0.966673654
2463300	0.945570344	0.70900276
2463500	0.96006133	0.8176024
2464400	0.93718782	0.943876358
2464500	0.958408481	0.867812112
246500	0.97244167	-0.316142886
2465100	0.957329256	0.37429119
2465600	0.955877166	1.277972537
2465700	0.948280025	0.794658385
2465800	0.962144062	1.033040085
2466300	0.948564412	0.877346001
2466400	0.956551442	0.591696712
2466500	0.960725197	0.870099468
2467100	0.964129148	0.787904651
2467200	0.951993473	0.861616372
2467700	0.943542565	0.90238209
2467900	0.957939113	0.641027085
2468000	0.939253106	0.497122972
2468200	0.950583866	1.169988698
2468300	0.940767873	0.575329282
2468800	0.944031135	0.619557396
2468900	0.954662269	0.711062338
246900	0.972365457	-0.325562771
2469000	0.957329256	0.37429119
2469100	0.94608679	0.72514815
2469300	0.957329256	0.37429119
2469800	0.959841575	1.019022452
2470000	0.933673361	0.395699656
2470100	0.954662269	0.711062338
2470300	0.945570344	0.70900276
2470600	0.958519963	0.610805932
2470800	0.949738936	0.841931863
2471200	0.958515915	0.928167144
2471600	0.943542565	0.90238209
2471700	0.941014401	0.377248289
2472300	0.952322862	0.845079523
2472500	0.958831109	1.034417655
2472900	0.957939113	0.641027085
2473300	0.943093266	0.825685148
2473500	0.957732736	0.374809402
2474400	0.958831109	1.034417655
2474800	0.962761033	0.881561343
2475000	0.958519963	0.610805932
2475100	0.95972598	0.734301719
2475300	0.960725197	0.870099468
2475700	0.960725197	0.870099468
2475900	0.933673361	0.395699656
2476000	0.951993473	0.861616372
247700	0.973539285	-0.155267527
2477000	0.941014401	0.377248289
2477100	0.95972321	1.096379325
2477300	0.958191426	0.807174549
2477700	0.956911234	0.564657268
2478200	0.963149037	1.518045295
2478500	0.949892116	1.173148811
2478600	0.966515161	1.170953077
2479000	0.948682777	0.807614378
2479800	0.940767873	0.575329282
2479900	0.950583866	1.169988698
2480100	0.949922302	0.356513681
2480200	0.964129148	0.787904651
2480800	0.951993473	0.861616372
2481500	0.954662269	0.711062338
2481600	0.933673361	0.395699656
2482400	0.958191426	0.807174549
2482600	0.945570344	0.70900276
248300	0.973571085	-0.236342242
2483100	0.953972972	0.879808406
2484200	0.965632693	0.928799684
2484400	0.943542565	0.90238209
2484600	0.968823414	0.38770396
2485000	0.946310885	0.732106791
2485400	0.960725197	0.870099468
2485500	0.946142533	1.061623215
2485600	0.948029646	0.819921939
2485700	0.958652163	0.973493607
2485900	0.933673361	0.395699656
2486100	0.960725197	0.870099468
2486200	0.954662269	0.711062338
2486300	0.950409671	0.384924393
2486500	0.971203313	0.391096974
2486600	0.955250336	0.86480133
2486800	0.948029646	0.819921939
2487100	0.949738936	0.841931863
2488100	0.958191426	0.807174549
2488200	0.950427404	0.385138395
2488300	0.946142533	1.061623215
2488600	0.937504602	0.51157551
2488700	0.939253106	0.497122972
2489000	0.956138287	0.701802588
2489100	0.937739036	0.509794977
2489200	0.945570344	0.70900276
2489300	0.949462269	0.574274741
2489400	0.957939113	0.641027085
2489700	0.946148482	0.897110501
2489800	0.94444988	1.145678567
2490400	0.954530225	1.252571745
2490500	0.958652163	0.973493607
2490600	0.958831109	1.034417655
2491000	0.962266599	1.531531885
2491100	0.959595418	0.805881686
2491400	0.945570344	0.70900276
2491500	0.950409671	0.384924393
2492100	0.939253106	0.497122972
2492600	0.958191426	0.807174549
2492800	0.957329256	0.37429119
2492900	0.945570344	0.70900276
2493100	0.960725197	0.870099468
2493700	0.943542565	0.90238209
2493900	0.937504602	0.51157551
2494400	0.957329256	0.37429119
2494500	0.933673361	0.395699656
2494700	0.950409671	0.384924393
2494900	0.945570344	0.70900276
2495000	0.958064262	1.367478609
2495100	0.951993473	0.861616372
2495200	0.954151162	0.572373055
2495300	0.949486003	0.833540525
2495400	0.95972321	1.096379325
2495600	0.940767873	0.575329282
2495900	0.953599475	0.544388156
2496100	0.962761033	0.881561343
2496300	0.955352141	0.845225994
2496900	0.961391116	0.781832945
2497000	0.948861772	0.569631547
2497100	0.943669063	0.638961054
2497400	0.933673361	0.395699656
2497700	0.952322862	0.845079523
2498000	0.937504602	0.51157551
2498600	0.964129148	0.787904651
2499000	0.950583866	1.169988698
2499500	0.931094348	0.388114837
2499900	0.952322862	0.845079523
250000	0.973539285	-0.155267527
2500100	0.958519963	0.610805932
2500500	0.955724549	1.277985446
2501000	0.954760018	0.71818021
2501300	0.940767873	0.575329282
2501700	0.945570344	0.70900276
2502000	0.956551442	0.591696712
2502200	0.94965932	0.743838045
2502800	0.94444988	1.145678567
2503400	0.962144062	1.033040085
2503500	0.939253106	0.497122972
2506400	0.966320238	1.164331482
25100	0.974470336	0.806347104
251600	0.972883615	-0.08937865
2518800	0.950546435	0.933753538
25300	0.957745006	1.180087932
2533000	0.964300902	1.04833911
2533300	0.962761033	0.881561343
253800	0.97450932	0.131392064
2542200	0.965884975	0.953440598
2543100	0.964314352	1.050333141
254900	0.974471475	-0.209193681
255000	0.974471475	-0.209193681
255300	0.974471475	-0.209193681
2553000	0.961391116	0.781832945
25600	0.957082153	1.230016969
256100	0.973571085	-0.236342242
2563000	0.936136577	0.568338462
2563300	0.936136577	0.568338462
2566400	0.961391116	0.781832945
2570340	0.937783633	0.546601745
2572100	0.933673361	0.395699656
257300	0.973949846	0.087919931
257700	0.974560208	0.135706073
258600	0.974471475	-0.209193681
258700	0.974471475	-0.209193681
2589000	0.942263559	0.569614278
259600	0.974370335	-0.048465882
2598500	0.954399876	0.872934537
2598600	0.948122442	0.783918115
2599000	0.943669063	0.638961054
2599400	0.954399876	0.872934537
2599800	0.937504602	0.51157551
2600300	0.933673361	0.395699656
2600400	0.957393754	1.003681774
2600800	0.937504602	0.51157551
2601500	0.940099806	1.310787344
2606300	0.944493057	0.859956804
2607100	0.942052179	1.43519158
2607400	0.946142533	1.061623215
2607600	0.946142533	1.061623215
2608800	0.950412733	1.170866886
261200	0.974370335	-0.048465882
2614600	0.944477267	1.145820722
2615100	0.950583866	1.169988698
2615400	0.955724549	1.277985446
2615900	0.955724549	1.277985446
2616000	0.955724549	1.277985446
2616100	0.955724549	1.277985446
2616200	0.955724549	1.277985446
2616400	0.955724549	1.277985446
2616900	0.955724549	1.277985446
2618000	0.952322862	0.845079523
2618100	0.952322862	0.845079523
2619100	0.957393754	1.003681774
2619400	0.962629897	1.527699037
2620000	0.955652168	1.036647946
2620600	0.957393754	1.003681774
2621100	0.95688764	1.081523699
2621600	0.95141002	0.803130986
2621900	0.95362696	0.862532915
262300	0.974370335	-0.048465882
2623500	0.958515915	0.928167144
2623600	0.958515915	0.928167144
2623800	0.957814204	0.918645494
2623900	0.957277721	0.911407329
262400	0.974370335	-0.048465882
2624000	0.956111009	0.895728548
2624200	0.958515915	0.928167144
2624600	0.963498396	1.096301478
2624800	0.963498396	1.096301478
262600	0.974370335	-0.048465882
2626300	0.957393754	1.003681774
262700	0.974370335	-0.048465882
2627000	0.961102899	1.116523136
2627300	0.962144062	1.033040085
2627400	0.954399876	0.872934537
2627800	0.950546435	0.933753538
262800	0.974370335	-0.048465882
2628100	0.950780606	0.926767291
2628600	0.962144062	1.033040085
2628800	0.962144062	1.033040085
262900	0.974370335	-0.048465882
2629300	0.966441813	1.167350893
2630100	0.966441813	1.167350893
2630200	0.966546413	1.172485139
2630700	0.960886876	1.002388619
2630800	0.960886876	1.002388619
2631200	0.965209375	1.252221284
2631600	0.966441813	1.167350893
2633700	0.949719969	1.141871262
2634200	0.955981634	1.114120726
2634400	0.955981634	1.114120726
2635900	0.954662269	0.711062338
2638100	0.948924506	0.916947586
2638400	0.948924506	0.916947586
2638700	0.951142855	1.041051321
263900	0.974370335	-0.048465882
2640100	0.951645228	1.06989992
2640500	0.954773061	1.079939476
2640700	0.96118969	1.170829178
264100	0.974370335	-0.048465882
2641000	0.950546435	0.933753538
2642000	0.943357397	0.966673654
264300	0.974370335	-0.048465882
2643500	0.944539721	1.120118265
264500	0.974370335	-0.048465882
2646500	0.944539721	1.120118265
264700	0.974370335	-0.048465882
264800	0.974370335	-0.048465882
264900	0.974370335	-0.048465882
2649500	0.93718782	0.943876358
2649800	0.950787146	1.093176886
265000	0.974370335	-0.048465882
2650300	0.951645228	1.06989992
2650900	0.949132371	1.137375102
265100	0.974370335	-0.048465882
2651800	0.938230525	0.947699242
265200	0.974370335	-0.048465882
265300	0.974370335	-0.048465882
265400	0.974370335	-0.048465882
2654500	0.945929383	1.186996227
265500	0.974370335	-0.048465882
2655300	0.944490918	0.81531152
2655900	0.944490918	0.81531152
265600	0.974370335	-0.048465882
2656200	0.944490918	0.81531152
2656400	0.944619159	0.817198892
265700	0.974370335	-0.048465882
2657200	0.952109313	0.749136006
2661100	0.960886876	1.002388619
2661600	0.960886876	1.002388619
2662400	0.952109313	0.749136006
2664100	0.958831109	1.034417655
2664500	0.955163938	0.847572316
2664900	0.944490918	0.81531152
2665900	0.948564412	0.877346001
2666400	0.948564412	0.877346001
2667300	0.954399876	0.872934537
2668100	0.958652163	0.973493607
2668200	0.958652163	0.973493607
2668600	0.954399876	0.872934537
2669300	0.958652163	0.973493607
2670600	0.943497669	0.903688683
2670700	0.943542565	0.90238209
2670900	0.943542565	0.90238209
2671000	0.943542565	0.90238209
2671100	0.943542565	0.90238209
2671200	0.943530286	0.902921212
2671400	0.931094348	0.388114837
2671900	0.931198437	0.385736853
267200	0.972538411	0.204335664
2672100	0.951993473	0.861616372
2672500	0.940996631	0.372620362
2673000	0.951993473	0.861616372
2673200	0.951993473	0.861616372
2673300	0.951993473	0.861616372
2673500	0.951993473	0.861616372
2673600	0.951993473	0.861616372
2674000	0.951993473	0.861616372
2674100	0.955298638	0.873248073
2674200	0.952623925	0.876810895
2674500	0.935380921	0.903036165
2674800	0.935380921	0.903036165
2675000	0.935380921	0.903036165
2675200	0.936866712	0.902925174
2675700	0.943542565	0.90238209
2676000	0.943542565	0.90238209
2676800	0.951929996	0.750814898
2677200	0.952109313	0.749136006
2677400	0.952109313	0.749136006
2677700	0.960601587	0.870079833
2677900	0.959786919	0.815918553
267800	0.969322815	0.260586652
2678100	0.96000646	0.827810584
2678300	0.960725197	0.870099468
2679200	0.956551442	0.591696712
2680300	0.956551442	0.591696712
2681600	0.958330852	0.6709544
2683200	0.958660935	0.685713946
2685000	0.958191426	0.807174549
2685200	0.95972598	0.734301719
2687500	0.946666623	0.649612189
2688800	0.946666623	0.649612189
2691200	0.950409671	0.384924393
2691500	0.933064308	0.390220961
2691800	0.934134241	0.409283807
2691900	0.937243898	0.50355417
2692200	0.933673361	0.395699656
2692900	0.937323312	0.505821074
2693100	0.937504602	0.51157551
2693700	0.938274694	0.505343445
2693800	0.939253106	0.497122972
2694000	0.938646479	0.502314057
2695800	0.935713722	0.44903646
2696300	0.935307547	0.510122699
2700200	0.940767873	0.575329282
270200	0.97845353	-0.842348007
2702100	0.940767873	0.575329282
2703500	0.9406933	0.743049312
2704200	0.937413608	0.548395336
2705000	0.941349431	0.732357362
2705700	0.941014401	0.377248289
2706300	0.960725197	0.870099468
2706500	0.960725197	0.870099468
2706800	0.960725197	0.870099468
270700	0.973949846	0.087919931
2707300	0.957032902	0.596035242
2708800	0.958519963	0.610805932
2709100	0.958519963	0.610805932
2709400	0.958519963	0.610805932
2709800	0.958519963	0.610805932
2710300	0.958519963	0.610805932
2710800	0.933673361	0.395699656
271100	0.973949846	0.087919931
2711800	0.958519963	0.610805932
2712000	0.960284346	0.715361743
2712800	0.95972598	0.734301719
2713900	0.962761033	0.881561343
2714200	0.962854915	0.891332803
2714500	0.962761033	0.881561343
2714700	0.962761033	0.881561343
2715900	0.961391116	0.781832945
2717100	0.962761033	0.881561343
2718500	0.965884975	0.953440598
2719400	0.963467331	0.810650589
272000	0.973949846	0.087919931
2721600	0.938349537	0.645855378
2722400	0.940420271	0.735833141
2722800	0.940420271	0.735833141
2724900	0.956138287	0.701802588
2725500	0.937783633	0.546601745
2726000	0.937783633	0.546601745
2726100	0.936713699	0.551508034
2728400	0.937783633	0.546601745
2728700	0.948861772	0.569631547
2728900	0.948861772	0.569631547
272900	0.974751894	0.145163263
2729700	0.948861772	0.569631547
2729800	0.948861772	0.569631547
2730400	0.945974831	0.656239383
2730800	0.948861772	0.569631547
2731800	0.957329256	0.37429119
273200	0.976159949	-0.102291474
2732200	0.957329256	0.37429119
2732600	0.965792915	0.306443762
2733600	0.985421588	0.25487091
2734000	0.985421588	0.25487091
2734100	0.985421588	0.25487091
2734200	0.973256063	0.284942043
2734500	0.985421588	0.25487091
2734900	0.985421588	0.25487091
2737800	0.937504602	0.51157551
273800	0.976159949	-0.102291474
2740300	0.940679812	0.615751152
2740900	0.939253106	0.497122972
2741600	0.945570344	0.70900276
2741700	0.945570344	0.70900276
2742100	0.945570344	0.70900276
2742500	0.946460486	0.725999154
2742700	0.945183323	0.641231097
2743200	0.945974831	0.656239383
2743300	0.945909508	0.654920099
2743500	0.945974831	0.656239383
2743600	0.945974831	0.656239383
2743700	0.945974831	0.656239383
2744300	0.942263559	0.569614278
2744500	0.942263559	0.569614278
2744700	0.943669063	0.638961054
2747300	0.942442269	0.62293124
2747700	0.942263559	0.569614278
2748000	0.942263559	0.569614278
2749000	0.943098768	0.829689968
2749700	0.945974831	0.656239383
2749900	0.945974831	0.656239383
27500	0.989657274	0.557808895
2750200	0.951673453	0.648977023
2751000	0.942263559	0.569614278
2754200	0.965270875	0.488092929
2754300	0.946192689	0.784131399
2754400	0.950702291	-0.035895835
2754600	0.957939113	0.641027085
2754800	0.957939113	0.641027085
2754900	0.971203313	0.391096974
2755100	0.989116616	-0.154313119
2755200	0.935600164	-0.113737542
2755400	0.965270875	0.488092929
2755600	0.965270875	0.488092929
2755800	0.965270875	0.488092929
2756200	0.950702291	-0.035895835
2756700	0.955321808	1.078414691
2757000	0.965270875	0.488092929
2758500	0.965270875	0.488092929
2759600	0.950702291	-0.035895835
2761000	0.992458644	0.028360459
2761100	0.992458644	0.028360459
2761400	0.960977476	0.584192011
2761800	0.933228677	-0.125622367
2762000	0.965270875	0.488092929
2762100	0.957939113	0.641027085
2762200	0.989430028	-0.788022157
2762400	0.965270875	0.488092929
2762700	0.933228677	-0.125622367
2763300	0.997807029	-0.79154965
2763600	0.984727614	0.240383753
2764000	0.984727614	0.240383753
2764300	0.967249489	0.50796331
2764400	0.986689406	-0.829999362
276500	0.975156482	0.064856134
2765900	0.930467964	-0.062928302
2766200	0.987881689	-0.820651273
2766900	0.982101359	0.076385249
276700	0.975156482	0.064856134
2767100	0.950702291	-0.035895835
2767200	0.992458644	0.028360459
2767300	0.985484007	-0.240962416
2767800	0.965270875	0.488092929
2768100	0.9917021	-0.764887537
2768900	0.933228677	-0.125622367
276900	0.975156482	0.064856134
2769200	0.949738936	0.841931863
2770300	0.982101359	0.076385249
2770500	0.971203313	0.391096974
2770700	0.965270875	0.488092929
2771200	0.965270875	0.488092929
2771500	0.984727614	0.240383753
2772200	0.965270875	0.488092929
2772800	0.949738936	0.841931863
2773200	0.950702291	-0.035895835
2775200	0.984727614	0.240383753
2775700	0.950702291	-0.035895835
277600	0.975156482	0.064856134
277800	0.975156482	0.064856134
278100	0.975156482	0.064856134
278600	0.97845353	-0.842348007
278800	0.980380742	-1.032986056
279300	0.980153982	-0.9911116
279400	0.980153982	-0.9911116
279700	0.976664532	0.244623795
280400	0.976664532	0.244623795
28100	0.989657274	0.557808895
281900	0.981283984	-1.204708595
282800	0.981283984	-1.204708595
28300	0.969437999	0.930603576
2832200	0.992458644	0.028360459
2832300	0.965270875	0.488092929
2832400	0.950702291	-0.035895835
2832900	0.965270875	0.488092929
283600	0.973878006	-0.860299781
283800	0.973878006	-0.860299781
2838000	0.950149711	-0.070004605
2841200	0.949003315	1.015669832
284300	0.981433233	-1.238743338
2856400	0.940134739	0.903106167
2857700	0.959110448	1.042719506
2858000	0.959110448	1.042719506
2858100	0.959110448	1.042719506
2858300	0.959110448	1.042719506
2860400	0.908546084	-0.007064411
2865000	0.912694007	0.143196301
2866000	0.908546084	-0.007064411
2866200	0.945768269	0.790544377
2871400	0.946192689	0.784131399
287200	0.980153982	-0.9911116
2876000	0.933228677	-0.125622367
2876200	0.933228677	-0.125622367
2876600	0.933228677	-0.125622367
2880300	0.984727614	0.240383753
2881200	1.007562889	-0.44854177
2882200	1.012711678	-0.107945917
2882300	1.008627536	-0.379495983
289400	0.981414743	-0.831695713
2894200	1.007238408	-0.790042512
2895700	0.985421588	0.25487091
2896600	0.971203313	0.391096974
2896900	0.971203313	0.391096974
2897100	0.971203313	0.391096974
2897300	0.958451199	0.375469425
2898200	0.982101359	0.076385249
2898400	0.982101359	0.076385249
2898500	0.978465849	0.184495123
2899000	0.971203313	0.391096974
2899200	0.964644261	0.515192357
2899400	0.957939113	0.641027085
2899700	0.957939113	0.641027085
29000	0.990684344	0.369283745
2900200	0.965807432	0.455884671
2900500	0.982101359	0.076385249
2901100	0.965270875	0.488092929
2901600	0.965270875	0.488092929
2901700	0.965270875	0.488092929
2902600	0.965270875	0.488092929
2902800	0.965270875	0.488092929
2902900	0.970947957	0.545832965
2903100	0.950086279	-0.042201013
2903200	0.950702291	-0.035895835
2903400	0.950499174	-0.036952071
2903600	0.961068599	0.611461703
2903700	0.949687703	-0.041222701
2903800	0.941931909	-0.081661105
2904000	0.950702291	-0.035895835
2904300	0.965270875	0.488092929
2904900	0.965270875	0.488092929
2908500	1.021768203	-1.085536685
2909000	1.021768203	-1.085536685
2914800	0.989116616	-0.154313119
2915800	0.989116616	-0.154313119
2915900	0.98993833	-0.147468872
2916200	0.990792167	-0.140194825
2916700	0.989116616	-0.154313119
2916900	0.989116616	-0.154313119
2917200	0.989116616	-0.154313119
2917900	0.989116616	-0.154313119
2918200	0.986906588	-0.137857242
2918600	0.981091412	-0.095609873
2921100	0.990792167	-0.140194825
2922200	0.990792167	-0.140194825
2922700	0.990792167	-0.140194825
2928400	0.992725692	-0.686541045
2931100	0.984410831	-0.052701295
293300	0.97641363	-0.703676755
2934000	0.981091412	-0.095609873
2934800	0.985484007	-0.240962416
2935300	0.985484007	-0.240962416
2935500	0.984410831	-0.052701295
2935600	0.984410831	-0.052701295
2935700	0.984410831	-0.052701295
2935800	0.984410831	-0.052701295
2936200	0.983185101	-0.009220807
2936400	0.983053072	0.036058368
2936800	0.983053072	0.036058368
2938000	0.984410831	-0.052701295
2941100	1.072074532	-0.253255752
2942300	1.038586459	-0.557157302
2944800	0.995753403	-0.473259324
294500	0.975421382	-0.740853901
2945500	0.995753403	-0.473259324
294900	0.975421382	-0.740853901
2949200	0.998272879	-0.507454388
2953000	0.9917021	-0.764887537
2953100	0.9917021	-0.764887537
2953400	0.9917021	-0.764887537
2953500	0.9917021	-0.764887537
2953800	0.9917021	-0.764887537
2954500	0.9917021	-0.764887537
2954800	0.991844247	-0.767729364
2955900	0.9917021	-0.764887537
2956500	0.990825049	-0.843605487
2956700	0.990825049	-0.843605487
2956800	0.990825049	-0.843605487
2958500	0.99706959	-0.814432225
2959300	0.992428034	-0.756191184
2959700	0.992428034	-0.756191184
296100	0.975421382	-0.740853901
2961600	0.992428034	-0.756191184
2962400	0.992428034	-0.756191184
2962900	0.988381155	-0.866462564
296300	0.975421382	-0.740853901
2963800	0.988667284	-0.814274377
2964000	0.988667284	-0.814274377
2964100	0.988667284	-0.814274377
2964400	0.988667284	-0.814274377
29700	0.990684344	0.369283745
297100	0.975421382	-0.740853901
299100	0.978793031	-0.690390284
299200	0.978793031	-0.690390284
299300	0.978793031	-0.690390284
3000089	0.960513885	0.220065312
3000627	0.981104821	-0.609496176
300900	0.976987245	-0.677433958
301600	0.977676093	-0.447473983
302300	0.976608021	-0.415774185
30300	0.962800196	0.805715071
303600	0.976608021	-0.415774185
304600	0.981854251	-0.322078548
305500	0.975421382	-0.740853901
306600	0.982064739	-1.109784137
310	0.970034286	-0.205713731
310100	0.97726283	-0.225768786
310500	0.977851483	-0.228320266
312600	0.981104821	-0.609496176
315000	0.984448171	-1.250212734
315600	0.975610293	0.147924116
322500	0.985207188	-0.615050594
322800	0.98627576	-0.628633695
323700	0.969988195	-0.155619612
323800	0.985345991	-0.619231466
324000	0.986607156	-0.632080211
32500	0.994331152	0.685346897
325300	0.969988195	-0.155619612
325400	0.969988195	-0.155619612
326400	0.969988195	-0.155619612
327800	0.979179581	-0.468317603
328100	0.981387294	-0.211512521
329600	0.976803272	0.041760581
329900	0.979179581	-0.468317603
330	0.975503604	-0.070674215
336400	0.984448171	-1.250212734
337600	0.984448171	-1.250212734
339600	0.989637163	-0.607652967
340	0.975503604	-0.070674215
345100	0.981622639	-0.182901701
348700	0.991413353	-0.623393297
349600	0.991413353	-0.623393297
350	0.975503604	-0.070674215
350200	0.991413353	-0.623393297
353200	0.991413353	-0.623393297
35720	0.969437999	0.930603576
35730	0.969437999	0.930603576
36200	0.969437999	0.930603576
362500	0.996015769	-0.961737384
365500	0.996015769	-0.961737384
36700	0.969437999	0.930603576
370	0.974185244	0.082954646
371900	0.994913395	-0.729077689
373500	0.989845758	-0.327810453
376600	0.991155183	-0.344458841
376900	0.989845758	-0.327810453
377900	0.989845758	-0.327810453
37800	0.978837189	0.663141108
378400	0.989845758	-0.327810453
378900	0.991227875	-0.345353155
37900	0.978279097	0.716333621
379100	0.989845758	-0.327810453
379300	0.991719688	-0.516862772
380	0.940254481	0.805189293
38200	0.978837189	0.663141108
384400	0.988823131	-0.793737206
384500	0.992416694	-0.825442593
384700	0.989125038	-0.796382724
38500	0.976956528	0.839017673
38700	0.976956528	0.839017673
387200	0.984713787	-0.524975118
388100	0.986440232	-0.33335687
388500	0.986440232	-0.33335687
389300	0.986440232	-0.33335687
389700	0.986440232	-0.33335687
390	0.965150706	0.725148673
390600	0.986440232	-0.33335687
391400	0.988803301	-0.793687026
392100	0.988803301	-0.793687026
394400	0.98673956	-0.926701696
395900	0.989845758	-0.327810453
396500	0.990300387	-0.967424134
396700	0.990300387	-0.967424134
397100	0.988803301	-0.793687026
398600	0.988803301	-0.793687026
399200	0.988803301	-0.793687026
400	0.975266885	-0.040474283
406400	0.986717307	-0.926118101
406900	0.985871015	-0.810641142
408000	0.985871015	-0.810641142
40900	0.971592705	0.798390905
414900	0.971674919	-0.294850835
415000	0.969988195	-0.155619612
417300	0.99570955	-0.739666979
417400	0.997918129	-1.079496467
417700	0.996475287	-1.053292459
417900	0.997570359	-1.022856524
418000	0.990056859	-0.993537944
418300	0.974637233	-0.237053439
418700	0.996326053	-0.826998676
419600	0.997918129	-1.079496467
420400	0.99609669	-0.792735555
420600	0.976022573	-0.288995504
421200	0.99609669	-0.792735555
421600	0.992825511	-1.048286683
421800	0.996475287	-1.053292459
42200	0.978837189	0.663141108
422900	0.997918129	-1.079496467
423400	0.997918129	-1.079496467
423700	0.997918129	-1.079496467
42400	0.978837189	0.663141108
424200	0.998270774	-1.64121462
424700	0.986990003	-1.128674464
425300	0.993631145	-1.064811535
425600	0.991626191	-0.532851896
426100	0.991626191	-0.532851896
426200	0.997918129	-1.079496467
426400	0.996475287	-1.053292459
426700	0.997959363	-1.56545864
427300	0.99609669	-0.792735555
427500	0.997918129	-1.079496467
427900	0.997959363	-1.56545864
42800	0.976956528	0.839017673
428100	0.997918129	-1.079496467
43300	0.971592705	0.798390905
43700	0.976956528	0.839017673
43900	0.976956528	0.839017673
439500	0.991626191	-0.532851896
439800	0.991626191	-0.532851896
440100	0.996475287	-1.053292459
443500	0.98192762	-0.425183079
44600	0.99725715	0.413122859
446600	0.995907775	-1.199515161
446700	0.995907775	-1.199515161
447000	0.993486218	-1.184302101
447100	0.995706641	-1.198161996
448200	0.97996822	-0.703175112
449300	0.98134821	-0.427235831
45000	0.99214515	0.807736627
45100	0.985495913	1.003156044
451000	0.977827227	-0.286334973
45200	0.989915661	0.620168842
454200	0.990956774	-0.659751495
455300	0.991273611	-1.17045914
455400	0.99255925	-1.178486166
456765	0.993631145	-1.064811535
458700	0.986990003	-1.128674464
459900	0.990056859	-0.993537944
46000	0.99214515	0.807736627
461300	0.990116826	-0.99453744
462000	0.993718498	-0.993889149
462300	0.993631145	-1.064811535
462520	0.989014459	-1.04082514
464700	0.997918129	-1.079496467
465000	0.997918129	-1.079496467
465600	0.997809681	-1.061368922
46600	1.087963132	-0.157951404
466400	0.99609669	-0.792735555
466700	0.99609669	-0.792735555
466800	0.996202205	-0.808082605
466900	0.99609669	-0.792735555
46700	0.985495913	1.003156044
467100	0.99609669	-0.792735555
46750	1.003223029	0.533649603
46800	1.003223029	0.533649603
470600	0.991626191	-0.532851896
470900	0.991626191	-0.532851896
471200	0.998962082	-1.182606103
474900	0.997918129	-1.079496467
478200	0.992904382	-0.367001917
479300	0.992904382	-0.367001917
479700	0.992904382	-0.367001917
480100	0.992904382	-0.367001917
481700	0.986990003	-1.128674464
486300	0.99796715	-1.396741737
486400	0.997964291	-1.376812943
487500	0.997918129	-1.079496467
489700	0.997959363	-1.56545864
489900	0.997959363	-1.56545864
490000	0.997957967	-1.277776699
490100	0.997938645	-1.138386153
491800	0.997615031	-1.266261649
493100	0.997622986	-1.266779106
494200	0.997615031	-1.266261649
494800	0.997615031	-1.266261649
495300	0.997615031	-1.266261649
496300	0.99609669	-0.792735555
497000	0.99609669	-0.792735555
498800	0.99565591	-0.898451187
498900	0.993852619	-0.814067919
499000	0.993852619	-0.814067919
499200	0.998349728	-0.663549469
499800	0.99183025	-0.102189909
500000	0.994652289	-0.524561921
500200	0.995137664	-0.853791807
501200	0.996742004	-0.329016718
501900	0.998841596	-1.192140685
502200	0.998426069	-1.361607842
502300	0.995475117	-0.879485114
503200	0.995137664	-0.853791807
503300	0.996742004	-0.329016718
504200	0.994775027	-0.414696628
504300	0.995907775	-1.199515161
504700	0.99565591	-0.898451187
515000	0.999147485	-0.784868037
515100	0.996475287	-1.053292459
515800	1.014266763	-0.697382427
516800	1.007725059	-0.628107566
518300	1.000927504	-1.389613426
519500	0.995907775	-1.199515161
519700	0.995907775	-1.199515161
521400	0.998578774	-1.231634636
522400	0.996699538	-1.070756588
523000	0.996475287	-1.053292459
523100	0.996475287	-1.053292459
523300	0.996475287	-1.053292459
523500	0.996475287	-1.053292459
524700	0.998578774	-1.231634636
525900	0.988041671	-0.438004619
528500	0.994405737	-0.593948797
530400	0.999308756	-0.387544236
530500	0.999308756	-0.387544236
531300	0.998578774	-1.231634636
53300	1.016069862	0.293553116
533300	0.995137664	-0.853791807
533600	0.995317518	-0.877244908
533800	0.993852619	-0.814067919
540600	0.995137664	-0.853791807
54400	0.982810224	0.728913736
545400	0.995137664	-0.853791807
548700	0.99183025	-0.102189909
549400	0.99643817	-0.687350487
552100	0.998426069	-1.361607842
555200	0.994220542	-1.155573619
555700	0.994220542	-1.155573619
556900	0.990300387	-0.967424134
557100	0.990300387	-0.967424134
56200	0.976956528	0.839017673
565500	0.997260713	-1.174980712
56600	0.99214515	0.807736627
574100	0.990300387	-0.967424134
58000	0.985495913	1.003156044
581400	0.98673956	-0.926701696
583700	1.0023211	-1.25757756
585100	0.994918775	-0.418841647
585500	1.0023211	-1.25757756
585700	0.999141127	-0.741027618
586100	0.99636063	-1.035112712
587000	0.995027829	-0.99464828
587400	0.994918775	-0.418841647
587800	0.979136734	-0.172778317
587900	0.979136734	-0.172778317
588000	0.996298513	-0.84099164
588100	0.995004539	-0.269903376
588200	1.0023211	-1.25757756
58900	0.989915661	0.620168842
589400	0.99636063	-1.035112712
590500	0.996955269	-0.948581439
590900	1.001419304	-0.820136188
591300	0.991341906	-0.787506315
591600	0.997107479	-0.470862651
591700	0.998617827	-0.717415385
591800	0.997107479	-0.470862651
592200	0.999258037	-0.746768687
59300	0.989915661	0.620168842
60500	0.973339407	0.727364344
607500	0.994918775	-0.418841647
60800	0.973339407	0.727364344
608400	0.993534473	-1.091300651
608800	1.002123722	-0.908248858
609200	1.017135711	-0.674541694
609400	1.017135711	-0.674541694
6100	0.940254481	0.805189293
610700	1.008229341	-0.302708105
61200	0.973339407	0.727364344
613300	0.994652289	-0.524561921
614200	0.979136734	-0.172778317
617000	1.002341447	-1.29316075
617300	1.0023211	-1.25757756
617900	1.0023211	-1.25757756
619800	1.0023211	-1.25757756
622600	1.000011666	-0.517615913
622800	1.000011666	-0.517615913
627200	0.994274389	-0.527118956
630100	1.002123722	-0.908248858
630400	1.002304804	-1.092649211
630800	1.002123722	-0.908248858
632800	1.002123722	-0.908248858
633800	1.000011666	-0.517615913
634300	0.988753584	-0.236853801
634500	0.996202149	-0.883594988
635100	0.99142943	-0.720568736
63700	0.985495913	1.003156044
637800	0.991205215	-0.550234494
639800	0.991205215	-0.550234494
64000	1.01417868	0.733654152
64200	0.985495913	1.003156044
642100	1.001693345	-0.972090682
643800	1.0023211	-1.25757756
647300	1.000700966	-0.846413155
647500	0.999876381	-0.776767544
650000	0.997107479	-0.470862651
650200	0.998909532	-0.730315333
650500	0.998617827	-0.717415385
651300	0.997107479	-0.470862651
651600	0.996059777	-0.409013572
652200	0.997107479	-0.470862651
652500	0.997107479	-0.470862651
653700	0.995004539	-0.269903376
655300	0.993680692	-0.176494591
659000	0.996742004	-0.329016718
663800	0.993534473	-1.091300651
66800	1.031662379	-0.007617143
67100	1.083085997	-0.478213109
67200	1.083085997	-0.478213109
672000	0.997107479	-0.470862651
672300	0.995503802	-0.377284689
672900	0.994538136	-0.322807132
67400	1.083085997	-0.478213109
675100	0.996298513	-0.84099164
675800	0.99635685	-1.004501475
677100	0.993048949	-0.922529647
677400	0.992986091	-0.93384257
679300	0.993857653	-0.959661487
679900	0.996300265	-0.840871613
68100	1.031662379	-0.007617143
68300	0.990210217	0.10285346
683000	0.993608242	-0.811903938
68600	0.988743295	0.221917806
691800	0.986358497	-0.626664846
692400	0.985745024	-0.622508433
692600	0.986358497	-0.626664846
692700	0.986358497	-0.626664846
692900	0.990345795	-0.716022643
701900	0.997273735	-0.520070326
702200	0.997038807	-0.497654795
702400	0.997038807	-0.497654795
702500	0.995859977	-0.453146131
702600	0.994918775	-0.418841647
702700	0.994918775	-0.418841647
702800	0.994918775	-0.418841647
703000	0.994918775	-0.418841647
703300	0.994918775	-0.418841647
703500	0.994918775	-0.418841647
704200	0.994877053	-0.406394838
706000	0.993680692	-0.176494591
706100	0.993680692	-0.176494591
7100	0.965150706	0.725148673
716800	0.984692127	-0.615729439
717400	0.99182893	-0.887407252
721200	0.961178437	0.195416954
721400	0.954436034	0.5245899
724000	0.952406958	0.865581881
724100	0.952406958	0.865581881
724600	0.951287937	1.078602217
728100	0.958081933	0.668617639
732200	0.947909125	0.638526449
732300	0.948574435	0.661841993
732600	0.950719527	0.960723748
733850	0.944821256	0.276546349
734700	0.969759415	0.117190042
735100	0.969759415	0.117190042
737900	0.969759415	0.117190042
738200	0.969759415	0.117190042
738400	0.969759415	0.117190042
739100	0.960447839	0.346770712
739400	0.966217741	0.159462714
740000	0.95654087	0.456928341
740200	0.948672517	0.784674939
740400	0.948606876	0.786325318
740550	0.950243225	0.65924562
740600	0.95591073	0.71172458
740700	0.975968008	0.269479863
740800	0.979862319	0.56962074
740900	0.959472553	0.239264508
741200	0.972984532	0.250333071
741400	0.974720966	0.316442109
741500	0.974720966	0.316442109
741600	0.951542387	0.546435363
741700	0.975968008	0.269479863
741800	0.974720966	0.316442109
741980	0.948606876	0.786325318
742210	0.95591073	0.71172458
742215	0.95591073	0.71172458
742220	0.95595649	0.918592297
742230	0.95595649	0.918592297
742240	0.965150706	0.725148673
742245	0.965150706	0.725148673
742250	0.95595649	0.918592297
742275	0.971892078	0.457396348
742800	0.958422524	0.350377628
743000	0.95636118	0.416825351
743600	0.955621758	0.458257348
743800	0.955621758	0.458257348
743900	0.955621758	0.458257348
744200	0.955621758	0.458257348
746000	0.971302447	0.048640274
746300	0.969759415	0.117190042
746500	0.970762003	0.080177407
747100	0.959472553	0.239264508
747300	0.960961601	0.221801109
747900	0.959472553	0.239264508
748800	0.959472553	0.239264508
750300	0.951597737	0.534340211
750800	0.952771834	0.52375187
751100	0.955621758	0.458257348
751400	0.951512327	0.551840896
752300	0.951512327	0.551840896
753800	0.950797151	0.724355106
754400	0.948606876	0.786325318
755600	0.974720966	0.316442109
755700	0.974720966	0.316442109
755800	0.974720966	0.316442109
756700	0.955621758	0.458257348
757900	0.94845388	0.718184807
758300	0.976972288	0.157931715
759000	0.951512327	0.551840896
759800	0.954145484	0.493956062
760900	0.954591465	0.646860757
761100	0.954591465	0.646860757
761300	0.954591465	0.646860757
761700	0.955030417	0.642807833
762400	0.960453351	0.690475986
762700	0.95595649	0.918592297
762900	0.95595649	0.918592297
763200	0.965150706	0.725148673
763500	0.954591465	0.646860757
763600	0.954591465	0.646860757
765800	0.950797151	0.724355106
766000	0.950797151	0.724355106
766600	0.948902033	0.778170524
767100	0.948606876	0.786325318
767400	0.948606876	0.786325318
768600	0.948606876	0.786325318
768800	0.948606876	0.786325318
769750	0.95595649	0.918592297
770500	0.948204924	0.897566683
772000	0.95591073	0.71172458
77300	0.988743295	0.221917806
774200	0.977190194	0.293436171
774400	0.955717518	0.873242886
774500	0.963003163	0.276687534
77500	0.988743295	0.221917806
775000	0.963003163	0.276687534
775200	0.949060704	0.667907128
775800	0.949060704	0.667907128
775900	0.98154155	0.32507259
77600	0.988743295	0.221917806
776600	0.949060704	0.667907128
776800	0.961484554	0.330408499
777000	0.971587853	-0.159852152
777500	0.972499389	0.246839739
777800	0.969394907	-0.159750956
778100	0.949060704	0.667907128
778300	0.949060704	0.667907128
778400	0.950179809	0.842422434
778500	0.96205559	0.342280634
778700	0.98154155	0.32507259
779000	0.965951627	0.360872814
779200	0.950352153	0.734700983
779300	0.942291786	1.02716722
779500	0.966924177	0.186537747
779800	0.948857331	0.659317248
780300	0.963003163	0.276687534
780400	0.966924177	0.186537747
780650	0.961608011	0.054272309
781250	0.975968008	0.269479863
784350	0.95591073	0.71172458
793600	0.973782049	0.218088259
794000	0.975968008	0.269479863
794200	0.972499389	0.246839739
795100	0.972499389	0.246839739
79800	0.987264094	0.160197125
799200	0.963670273	0.209399061
8000	0.98941307	0.401305756
802000	0.964198912	0.251146163
802600	0.962757681	0.293504941
803400	0.961909584	0.314222953
803700	0.961141481	0.072544221
804000	0.961608011	0.054272309
804600	0.960752945	0.077828172
805000	0.958325292	0.143250539
805400	0.95855717	0.166804875
806500	0.959909746	0.232853333
807400	0.962144506	0.185112754
808300	0.96719899	0.046887413
808700	0.962092758	0.313361548
809600	0.976997305	0.238357132
809800	0.977190194	0.293436171
810700	0.966987338	-0.017807244
81200	0.978447872	0.329910467
813100	0.96205559	0.342280634
815200	0.970621671	0.281157863
816000	0.970621671	0.281157863
816600	0.970621671	0.281157863
816800	0.970875558	0.276644255
818700	0.970621671	0.281157863
819800	0.974720966	0.316442109
820800	0.970190299	0.329803258
821000	0.970190299	0.329803258
822200	0.943015528	1.081154207
824400	0.969682825	0.323491226
825000	0.9708721	0.38069349
826300	0.941808467	1.097779184
826400	0.949060704	0.667907128
826800	0.949060704	0.667907128
827000	0.949060704	0.667907128
827100	0.949060704	0.667907128
827300	0.949060704	0.667907128
827500	0.949060704	0.667907128
828000	0.949060704	0.667907128
828600	0.979862319	0.56962074
82900	0.986212804	0.385709338
8300	0.978837189	0.663141108
830300	0.977190194	0.293436171
830700	0.977190194	0.293436171
830800	0.977190194	0.293436171
833200	0.973082646	0.526691047
835100	0.970433764	0.775957464
835800	0.971796211	0.353565894
837100	0.97012219	0.703390258
837300	0.976568717	0.31566601
838100	0.976568717	0.31566601
838300	0.967949638	0.050125703
839100	0.967949638	0.050125703
843400	0.961092899	0.365113558
84600	1.051428288	-0.157091759
848800	0.981060175	0.420359286
849400	0.949057487	0.667658101
849600	0.949060704	0.667907128
850300	0.949615781	0.750290746
850800	0.951324615	0.861220348
852400	0.955606325	0.93318458
853200	0.955606325	0.93318458
85400	1.051428288	-0.157091759
854100	0.950153048	0.841652368
854300	0.950179809	0.842422434
854900	0.950179809	0.842422434
855200	0.949671119	1.102635245
856800	0.980450572	0.773522283
857900	0.955070958	1.124160563
858300	0.956411217	1.129639393
859900	0.976633133	0.799574762
8600	0.99725715	0.413122859
861900	0.980531811	0.518947991
862200	0.980488225	0.510847376
862400	0.976279883	0.934636774
864000	0.964306325	0.768750242
865000	0.964306325	0.768750242
87300	1.068443445	-0.31205932
873900	0.961474215	0.317998491
87900	1.051428288	-0.157091759
879400	0.958430887	0.010734629
881600	0.961627557	0.167135875
884700	0.960633597	0.309124638
886000	0.961714359	0.236943405
8900	0.978837189	0.663141108
894700	0.96043694	-0.108536585
894900	0.96043694	-0.108536585
903700	0.956990562	0.338529588
930700	0.957515826	0.792237109
93100	1.047409262	-0.302317778
93300	1.034767148	-0.084491371
93500	1.026536517	-0.466506691
9400	0.940254481	0.805189293
94200	1.088174892	-0.748432918
94300	1.067121369	-0.658597519
94700	1.100304634	-0.887126224
95700	1.045384021	-0.360978535
967200	0.9847011	-0.524531612
967900	0.984555812	-0.758716087
968100	0.987606049	-0.817144665
968200	0.9925582	-0.335612337
968800	0.988774495	-0.706023828
969300	0.986789509	-0.890573064
969600	0.980336804	-0.526393496
9700	0.940254481	0.805189293
970000	0.988682576	-0.701528197
971600	0.987829939	-0.700876204
972000	0.987396255	-0.700708945
972100	0.989543952	-0.55332889
973000	0.987396255	-0.700708945
974200	0.989410048	-0.577791871
975000	0.985013286	-0.929457935
97700	1.044080249	-0.004879163
977100	0.984616187	-1.061787435
977500	0.988263438	-0.663664209
977600	0.95377473	0.366142217
978900	0.95508717	0.218061141
979000	0.965129372	0.23401368
979100	0.986404283	-1.13710326
979200	0.982841417	-1.035237297
979300	0.986422117	-0.903436869
9800	0.99725715	0.413122859
980900	0.953319633	0.566685406
981200	0.988682576	-0.701528197
981500	0.984039734	-0.511703725
982400	0.986016882	-0.772647986
983500	0.982236019	-1.170134571
983600	0.989053248	-0.572482995
985000	0.96523463	0.027475294
985100	0.954200556	0.146837275
985300	0.982322893	-1.035366694
985900	0.989960696	-0.845113477
98600	1.041172198	-0.438645106
986000	0.986025007	-0.77247317
986600	0.986764013	-0.735182146
987100	0.980456406	-0.832986629
988000	0.986404283	-1.13710326
988200	0.982841417	-1.035237297
988800	0.988682576	-0.701528197
989200	0.987895539	-0.642263857
989500	0.992772315	-0.644859233
990000	0.9925582	-0.335612337
990100	0.982903259	-1.127073568
990700	0.988682576	-0.701528197
991200	0.990763926	-0.698289533
991700	0.987612914	-1.016731188
992400	0.992416694	-0.825442593
993300	0.988360692	-0.958349529
993800	0.987430316	-0.747445977
994700	0.987413078	-1.028714877
994800	0.963217665	0.185232796
994900	0.965255371	0.257206554
995000	0.982903259	-1.127073568
995200	0.986689406	-0.829999362
995300	0.991068889	-0.613321789
995900	0.986689406	-0.829999362
996100	0.986016882	-0.772647986
997300	0.990935969	-0.465768149
997600	0.986188935	-0.909486831
998400	0.984555812	-0.758716087
998500	0.988682576	-0.701528197
999700	0.983608373	-0.796638467
